-- MySQL dump 10.13  Distrib 8.0.33, for macos13 (x86_64)
--
-- Host: 127.0.0.1    Database: iotsystems
-- ------------------------------------------------------
-- Server version	8.0.33

/*!40101 SET @OLD_CHARACTER_SET_CLIENT=@@CHARACTER_SET_CLIENT */;
/*!40101 SET @OLD_CHARACTER_SET_RESULTS=@@CHARACTER_SET_RESULTS */;
/*!40101 SET @OLD_COLLATION_CONNECTION=@@COLLATION_CONNECTION */;
/*!50503 SET NAMES utf8 */;
/*!40103 SET @OLD_TIME_ZONE=@@TIME_ZONE */;
/*!40103 SET TIME_ZONE='+00:00' */;
/*!40014 SET @OLD_UNIQUE_CHECKS=@@UNIQUE_CHECKS, UNIQUE_CHECKS=0 */;
/*!40014 SET @OLD_FOREIGN_KEY_CHECKS=@@FOREIGN_KEY_CHECKS, FOREIGN_KEY_CHECKS=0 */;
/*!40101 SET @OLD_SQL_MODE=@@SQL_MODE, SQL_MODE='NO_AUTO_VALUE_ON_ZERO' */;
/*!40111 SET @OLD_SQL_NOTES=@@SQL_NOTES, SQL_NOTES=0 */;

--
-- Table structure for table `actual_entities`
--

DROP TABLE IF EXISTS `actual_entities`;
/*!40101 SET @saved_cs_client     = @@character_set_client */;
/*!50503 SET character_set_client = utf8mb4 */;
CREATE TABLE `actual_entities` (
  `name_entity` varchar(30) NOT NULL,
  `block_handler` varchar(100) DEFAULT NULL,
  `id_project` int DEFAULT NULL,
  `id` int DEFAULT NULL,
  `type` varchar(10) DEFAULT NULL,
  PRIMARY KEY (`name_entity`)
) ENGINE=InnoDB DEFAULT CHARSET=utf8mb4 COLLATE=utf8mb4_0900_ai_ci;
/*!40101 SET character_set_client = @saved_cs_client */;

--
-- Dumping data for table `actual_entities`
--

LOCK TABLES `actual_entities` WRITE;
/*!40000 ALTER TABLE `actual_entities` DISABLE KEYS */;
INSERT INTO `actual_entities` VALUES ('PIPPO_1','PippoSchema/PIPPO_1 (366)',6,366,'ENTITY'),('Powergen_1','PippoSchema/Powergen_1 (367)',6,367,'ENTITY'),('SAVE_OIL','PippoSchema/SAVE_OIL (24)',6,24,'SAVE2DB');
/*!40000 ALTER TABLE `actual_entities` ENABLE KEYS */;
UNLOCK TABLES;

--
-- Table structure for table `chart_data`
--

DROP TABLE IF EXISTS `chart_data`;
/*!40101 SET @saved_cs_client     = @@character_set_client */;
/*!50503 SET character_set_client = utf8mb4 */;
CREATE TABLE `chart_data` (
  `id` int NOT NULL,
  `time` varchar(255) DEFAULT NULL,
  `global` int DEFAULT NULL,
  `building` int DEFAULT NULL,
  `mpls` int DEFAULT NULL,
  PRIMARY KEY (`id`)
) ENGINE=InnoDB DEFAULT CHARSET=utf8mb4 COLLATE=utf8mb4_0900_ai_ci;
/*!40101 SET character_set_client = @saved_cs_client */;

--
-- Dumping data for table `chart_data`
--

LOCK TABLES `chart_data` WRITE;
/*!40000 ALTER TABLE `chart_data` DISABLE KEYS */;
/*!40000 ALTER TABLE `chart_data` ENABLE KEYS */;
UNLOCK TABLES;

--
-- Table structure for table `design_flags`
--

DROP TABLE IF EXISTS `design_flags`;
/*!40101 SET @saved_cs_client     = @@character_set_client */;
/*!50503 SET character_set_client = utf8mb4 */;
CREATE TABLE `design_flags` (
  `name_flag` varchar(50) NOT NULL DEFAULT 'flag',
  `value` int unsigned DEFAULT NULL,
  PRIMARY KEY (`name_flag`)
) ENGINE=InnoDB DEFAULT CHARSET=utf8mb4 COLLATE=utf8mb4_0900_ai_ci;
/*!40101 SET character_set_client = @saved_cs_client */;

--
-- Dumping data for table `design_flags`
--

LOCK TABLES `design_flags` WRITE;
/*!40000 ALTER TABLE `design_flags` DISABLE KEYS */;
INSERT INTO `design_flags` VALUES ('entity_lock',0),('res_flag',6323),('type_lock',0),('var_flag',1269);
/*!40000 ALTER TABLE `design_flags` ENABLE KEYS */;
UNLOCK TABLES;

--
-- Table structure for table `dynamic_links`
--

DROP TABLE IF EXISTS `dynamic_links`;
/*!40101 SET @saved_cs_client     = @@character_set_client */;
/*!50503 SET character_set_client = utf8mb4 */;
CREATE TABLE `dynamic_links` (
  `id_link` int NOT NULL,
  `link_name` varchar(50) DEFAULT NULL,
  `link_val` int DEFAULT NULL,
  `id_project` int DEFAULT NULL,
  PRIMARY KEY (`id_link`),
  KEY `link_name` (`link_name`)
) ENGINE=InnoDB DEFAULT CHARSET=utf8mb4 COLLATE=utf8mb4_0900_ai_ci;
/*!40101 SET character_set_client = @saved_cs_client */;

--
-- Dumping data for table `dynamic_links`
--

LOCK TABLES `dynamic_links` WRITE;
/*!40000 ALTER TABLE `dynamic_links` DISABLE KEYS */;
INSERT INTO `dynamic_links` VALUES (1,'LINK_1',1,6);
/*!40000 ALTER TABLE `dynamic_links` ENABLE KEYS */;
UNLOCK TABLES;

--
-- Table structure for table `entity`
--

DROP TABLE IF EXISTS `entity`;
/*!40101 SET @saved_cs_client     = @@character_set_client */;
/*!50503 SET character_set_client = utf8mb4 */;
CREATE TABLE `entity` (
  `id_entity` int NOT NULL AUTO_INCREMENT,
  `id_project` int NOT NULL,
  `id_type` int NOT NULL,
  `name_entity` varchar(100) CHARACTER SET latin1 COLLATE latin1_swedish_ci NOT NULL,
  PRIMARY KEY (`id_entity`)
) ENGINE=InnoDB AUTO_INCREMENT=368 DEFAULT CHARSET=latin1 COLLATE=latin1_general_ci;
/*!40101 SET character_set_client = @saved_cs_client */;

--
-- Dumping data for table `entity`
--

LOCK TABLES `entity` WRITE;
/*!40000 ALTER TABLE `entity` DISABLE KEYS */;
INSERT INTO `entity` VALUES (273,6,59,'RECEIVER_1'),(274,6,59,'RECEIVER_2'),(293,6,8,'PowerGen_10'),(294,6,8,'PowerGen_9'),(295,6,9,'Room_15'),(296,6,1,'Wire_19'),(297,6,1,'Wire_19b'),(298,6,43,'EWC'),(299,6,63,'PAR_1'),(300,6,37,'House_2'),(301,6,64,'Plane_1'),(302,6,64,'Plane_2'),(303,6,64,'Canadair_1'),(304,6,64,'Canadair_2'),(305,6,65,'Woods_1'),(306,6,66,'Plant_1'),(307,6,67,'E_Wire_1'),(308,6,67,'E_Wire_2'),(309,6,67,'E_Wire_3'),(310,6,67,'E_Wire_4'),(311,6,68,'E_Pole_1'),(312,6,68,'E_Pole_2'),(313,6,69,'E_Load_1'),(314,6,69,'E_Load_2'),(315,6,66,'Primary_Cabin_1'),(316,6,66,'Primary_Cabin_2'),(317,6,69,'Factory_1'),(318,6,70,'SD1'),(319,8,73,'Load_1'),(320,8,72,'Plant_1'),(321,8,74,'Pole_1'),(322,8,75,'E_Wire_1'),(323,8,71,'Forest_1'),(324,6,43,'Physical_Security'),(325,6,17,'Streamer_10'),(326,6,78,'HOL_DAM'),(327,6,79,'HyLake'),(328,6,80,'Power_1'),(329,6,81,'Control_Dam'),(330,6,81,'Control_City'),(331,6,81,'Control_Power'),(332,6,93,'Dam_Water_Availability'),(333,6,82,'SCADA_City'),(334,6,87,'Tank_1'),(335,6,84,'Pipe_1'),(336,6,84,'Pipe_2'),(337,6,89,'Residential_1'),(338,6,89,'Residential_2'),(339,6,89,'Industrial_1'),(340,6,86,'Valve_1'),(341,6,86,'Valve_2'),(342,6,86,'Valve_3'),(343,6,86,'Valve_4'),(344,6,87,'Tank_2'),(345,6,84,'Pipe_3'),(346,6,84,'Pipe_4'),(347,6,84,'Pipe_5'),(348,6,84,'Pipe_6'),(349,6,84,'Pipe_0'),(350,6,87,'Tank_3'),(351,6,85,'Pump_1'),(352,6,85,'Pump_2'),(353,6,85,'Pump_3'),(354,6,95,'Dam_Water'),(355,6,88,'Dam_Plant'),(356,6,82,'SCADA_Dam'),(357,6,82,'SCADA_Electric'),(358,6,83,'PLC_1'),(359,6,95,'Tank3_Availability'),(360,6,96,'HOL_CITY'),(361,6,97,'HOL_ELE'),(362,6,94,'Power_Availability'),(363,6,92,'Cooling_Tower_1'),(364,6,80,'PowerPlant_1'),(365,6,99,'Gas_Turbine_1'),(366,6,100,'Pippo_1'),(367,6,101,'Powergen_1');
/*!40000 ALTER TABLE `entity` ENABLE KEYS */;
UNLOCK TABLES;

--
-- Table structure for table `entity_port`
--

DROP TABLE IF EXISTS `entity_port`;
/*!40101 SET @saved_cs_client     = @@character_set_client */;
/*!50503 SET character_set_client = utf8mb4 */;
CREATE TABLE `entity_port` (
  `id_port` int NOT NULL AUTO_INCREMENT,
  `id_entity` int NOT NULL,
  `type_port` varchar(30) CHARACTER SET latin1 COLLATE latin1_swedish_ci NOT NULL,
  `id_res` int NOT NULL,
  `id_project` int DEFAULT NULL,
  PRIMARY KEY (`id_port`),
  KEY `FK_entity_port_entity` (`id_entity`),
  KEY `FK_entity_port_resources` (`id_res`)
) ENGINE=InnoDB AUTO_INCREMENT=3215 DEFAULT CHARSET=latin1 COLLATE=latin1_general_ci ROW_FORMAT=DYNAMIC;
/*!40101 SET character_set_client = @saved_cs_client */;

--
-- Dumping data for table `entity_port`
--

LOCK TABLES `entity_port` WRITE;
/*!40000 ALTER TABLE `entity_port` DISABLE KEYS */;
INSERT INTO `entity_port` VALUES (2817,273,'OUTPUT',64,6),(2818,274,'OUTPUT',64,6),(2819,273,'INPUT',64,6),(2820,274,'INPUT',64,6),(2893,293,'OUTPUT',22,6),(2894,294,'OUTPUT',22,6),(2895,295,'OUTPUT',23,6),(2896,295,'INPUT',22,6),(2897,296,'INPUT',19,6),(2898,296,'INPUT',1,6),(2899,296,'INPUT',20,6),(2900,296,'OUTPUT',1,6),(2901,296,'OUTPUT',19,6),(2902,296,'OUTPUT',20,6),(2903,296,'INPUT',32,6),(2904,296,'OUTPUT',32,6),(2905,297,'INPUT',19,6),(2906,297,'INPUT',1,6),(2907,297,'INPUT',20,6),(2908,297,'OUTPUT',1,6),(2909,297,'OUTPUT',19,6),(2910,297,'OUTPUT',20,6),(2911,297,'INPUT',32,6),(2912,297,'OUTPUT',32,6),(2919,298,'INPUT',1,6),(2920,298,'INPUT',20,6),(2921,298,'INPUT',22,6),(2922,298,'OUTPUT',62,6),(2926,299,'OUTPUT',74,6),(2927,300,'OUTPUT',57,6),(2928,300,'INPUT',19,6),(2929,300,'INPUT',20,6),(2930,300,'INPUT',29,6),(2931,300,'INPUT',22,6),(2940,298,'INPUT',19,6),(2946,301,'INPUT',64,6),(2947,302,'INPUT',64,6),(2948,301,'OUTPUT',64,6),(2949,302,'OUTPUT',64,6),(2950,301,'OUTPUT',75,6),(2951,302,'OUTPUT',75,6),(2952,303,'INPUT',64,6),(2953,303,'OUTPUT',64,6),(2954,303,'OUTPUT',75,6),(2955,304,'INPUT',64,6),(2956,304,'OUTPUT',64,6),(2957,304,'OUTPUT',75,6),(2958,305,'OUTPUT',76,6),(2959,305,'OUTPUT',77,6),(2962,311,'INPUT',78,6),(2963,312,'INPUT',78,6),(2964,311,'INPUT',79,6),(2965,312,'INPUT',79,6),(2966,311,'OUTPUT',78,6),(2967,312,'OUTPUT',78,6),(2968,311,'OUTPUT',79,6),(2969,312,'OUTPUT',79,6),(2970,306,'OUTPUT',78,6),(2971,307,'INPUT',79,6),(2972,308,'INPUT',79,6),(2973,309,'INPUT',79,6),(2974,310,'INPUT',79,6),(2975,307,'OUTPUT',78,6),(2976,308,'OUTPUT',78,6),(2977,309,'OUTPUT',78,6),(2978,310,'OUTPUT',78,6),(2979,307,'OUTPUT',79,6),(2980,308,'OUTPUT',79,6),(2981,309,'OUTPUT',79,6),(2982,310,'OUTPUT',79,6),(2986,313,'INPUT',78,6),(2987,314,'INPUT',78,6),(2988,307,'INPUT',78,6),(2989,308,'INPUT',78,6),(2990,309,'INPUT',78,6),(2991,310,'INPUT',78,6),(2992,315,'OUTPUT',78,6),(2993,313,'OUTPUT',80,6),(2994,314,'OUTPUT',80,6),(2995,316,'OUTPUT',78,6),(2996,317,'INPUT',78,6),(2997,317,'OUTPUT',80,6),(2998,311,'INPUT',76,6),(2999,312,'INPUT',76,6),(3000,307,'INPUT',76,6),(3001,308,'INPUT',76,6),(3002,309,'INPUT',76,6),(3003,310,'INPUT',76,6),(3004,318,'INPUT',33,6),(3005,318,'OUTPUT',33,6),(3009,305,'INPUT',75,6),(3022,324,'INPUT',1,6),(3023,324,'INPUT',20,6),(3024,324,'INPUT',22,6),(3025,324,'OUTPUT',62,6),(3026,324,'INPUT',19,6),(3027,325,'OUTPUT',1,6),(3028,325,'OUTPUT',19,6),(3029,325,'OUTPUT',20,6),(3030,325,'INPUT',67,6),(3032,332,'OUTPUT',46,6),(3033,334,'INPUT',46,6),(3034,334,'OUTPUT',46,6),(3035,335,'INPUT',46,6),(3036,336,'INPUT',46,6),(3037,335,'OUTPUT',46,6),(3038,336,'OUTPUT',46,6),(3039,337,'INPUT',46,6),(3040,338,'INPUT',46,6),(3041,337,'INPUT',22,6),(3042,338,'INPUT',22,6),(3043,337,'OUTPUT',84,6),(3044,338,'OUTPUT',84,6),(3045,339,'INPUT',46,6),(3046,339,'INPUT',22,6),(3047,339,'OUTPUT',84,6),(3056,340,'INPUT',85,6),(3057,341,'INPUT',85,6),(3058,342,'INPUT',85,6),(3059,343,'INPUT',85,6),(3060,340,'INPUT',20,6),(3061,341,'INPUT',20,6),(3062,342,'INPUT',20,6),(3063,343,'INPUT',20,6),(3064,340,'OUTPUT',86,6),(3065,341,'OUTPUT',86,6),(3066,342,'OUTPUT',86,6),(3067,343,'OUTPUT',86,6),(3068,335,'INPUT',86,6),(3069,336,'INPUT',86,6),(3070,344,'INPUT',46,6),(3071,344,'OUTPUT',46,6),(3072,345,'INPUT',46,6),(3073,345,'OUTPUT',46,6),(3074,345,'INPUT',86,6),(3075,346,'INPUT',46,6),(3076,346,'OUTPUT',46,6),(3077,346,'INPUT',86,6),(3078,347,'INPUT',46,6),(3079,347,'OUTPUT',46,6),(3080,347,'INPUT',86,6),(3081,348,'INPUT',46,6),(3082,348,'OUTPUT',46,6),(3083,348,'INPUT',86,6),(3084,349,'INPUT',46,6),(3085,349,'OUTPUT',46,6),(3086,349,'INPUT',86,6),(3087,350,'INPUT',46,6),(3088,350,'OUTPUT',46,6),(3089,335,'INPUT',87,6),(3090,336,'INPUT',87,6),(3091,345,'INPUT',87,6),(3092,346,'INPUT',87,6),(3093,347,'INPUT',87,6),(3094,348,'INPUT',87,6),(3095,349,'INPUT',87,6),(3096,351,'OUTPUT',87,6),(3097,352,'OUTPUT',87,6),(3098,353,'OUTPUT',87,6),(3099,351,'INPUT',85,6),(3100,352,'INPUT',85,6),(3101,353,'INPUT',85,6),(3102,351,'INPUT',20,6),(3103,352,'INPUT',20,6),(3104,353,'INPUT',20,6),(3105,334,'OUTPUT',88,6),(3106,344,'OUTPUT',88,6),(3107,350,'OUTPUT',88,6),(3108,334,'INPUT',20,6),(3109,344,'INPUT',20,6),(3110,350,'INPUT',20,6),(3111,334,'OUTPUT',20,6),(3112,344,'OUTPUT',20,6),(3113,350,'OUTPUT',20,6),(3114,354,'OUTPUT',46,6),(3115,329,'OUTPUT',85,6),(3116,330,'OUTPUT',85,6),(3117,331,'OUTPUT',85,6),(3118,329,'OUTPUT',89,6),(3119,330,'OUTPUT',89,6),(3120,331,'OUTPUT',89,6),(3121,329,'INPUT',90,6),(3122,330,'INPUT',90,6),(3123,331,'INPUT',90,6),(3124,354,'INPUT',46,6),(3125,326,'INPUT',89,6),(3126,326,'INPUT',46,6),(3127,355,'OUTPUT',46,6),(3128,326,'INPUT',20,6),(3129,326,'OUTPUT',20,6),(3133,333,'OUTPUT',90,6),(3134,356,'OUTPUT',90,6),(3135,357,'OUTPUT',90,6),(3136,333,'INPUT',20,6),(3137,356,'INPUT',20,6),(3138,357,'INPUT',20,6),(3139,333,'OUTPUT',20,6),(3140,356,'OUTPUT',20,6),(3141,357,'OUTPUT',20,6),(3142,333,'INPUT',22,6),(3143,356,'INPUT',22,6),(3144,357,'INPUT',22,6),(3145,351,'OUTPUT',20,6),(3146,352,'OUTPUT',20,6),(3147,353,'OUTPUT',20,6),(3148,355,'INPUT',85,6),(3149,355,'INPUT',20,6),(3150,358,'INPUT',20,6),(3151,358,'OUTPUT',20,6),(3152,358,'INPUT',22,6),(3153,359,'OUTPUT',46,6),(3154,359,'INPUT',46,6),(3155,358,'OUTPUT',85,6),(3156,340,'OUTPUT',20,6),(3157,341,'OUTPUT',20,6),(3158,342,'OUTPUT',20,6),(3159,343,'OUTPUT',20,6),(3161,360,'OUTPUT',20,6),(3162,360,'INPUT',20,6),(3163,360,'INPUT',89,6),(3164,360,'INPUT',46,6),(3165,361,'OUTPUT',20,6),(3166,361,'INPUT',20,6),(3167,361,'INPUT',70,6),(3169,362,'OUTPUT',22,6),(3170,362,'OUTPUT',70,6),(3171,362,'INPUT',22,6),(3172,363,'OUTPUT',46,6),(3173,363,'INPUT',91,6),(3174,328,'OUTPUT',91,6),(3175,364,'OUTPUT',91,6),(3178,328,'OUTPUT',22,6),(3179,364,'OUTPUT',22,6),(3180,328,'INPUT',46,6),(3181,364,'INPUT',46,6),(3182,328,'INPUT',85,6),(3183,364,'INPUT',85,6),(3184,328,'INPUT',20,6),(3185,364,'INPUT',20,6),(3186,328,'OUTPUT',20,6),(3187,364,'OUTPUT',20,6),(3188,363,'INPUT',20,6),(3189,363,'INPUT',85,6),(3191,363,'OUTPUT',20,6),(3192,361,'INPUT',89,6),(3193,365,'OUTPUT',20,6),(3194,365,'OUTPUT',22,6),(3195,365,'OUTPUT',91,6),(3196,365,'INPUT',20,6),(3197,365,'INPUT',46,6),(3198,365,'INPUT',85,6),(3199,358,'OUTPUT',92,6),(3200,333,'INPUT',92,6),(3201,356,'INPUT',92,6),(3202,357,'INPUT',92,6),(3203,358,'INPUT',88,6),(3204,355,'OUTPUT',20,6),(3205,351,'INPUT',22,6),(3206,352,'INPUT',22,6),(3207,353,'INPUT',22,6),(3208,340,'INPUT',22,6),(3209,341,'INPUT',22,6),(3210,342,'INPUT',22,6),(3211,343,'INPUT',22,6),(3212,366,'INPUT',22,6),(3213,366,'OUTPUT',93,6),(3214,367,'OUTPUT',22,6);
/*!40000 ALTER TABLE `entity_port` ENABLE KEYS */;
UNLOCK TABLES;

--
-- Table structure for table `entity_port_tmp`
--

DROP TABLE IF EXISTS `entity_port_tmp`;
/*!40101 SET @saved_cs_client     = @@character_set_client */;
/*!50503 SET character_set_client = utf8mb4 */;
CREATE TABLE `entity_port_tmp` (
  `id_port` int NOT NULL DEFAULT '0',
  `id_entity` int NOT NULL,
  `type_port` varchar(30) CHARACTER SET latin1 COLLATE latin1_swedish_ci NOT NULL,
  `id_res` int NOT NULL,
  `id_project` int DEFAULT NULL
) ENGINE=InnoDB DEFAULT CHARSET=utf8mb4 COLLATE=utf8mb4_0900_ai_ci;
/*!40101 SET character_set_client = @saved_cs_client */;

--
-- Dumping data for table `entity_port_tmp`
--

LOCK TABLES `entity_port_tmp` WRITE;
/*!40000 ALTER TABLE `entity_port_tmp` DISABLE KEYS */;
INSERT INTO `entity_port_tmp` VALUES (2817,273,'OUTPUT',64,6),(2818,274,'OUTPUT',64,6),(2819,273,'INPUT',64,6),(2820,274,'INPUT',64,6),(2893,293,'OUTPUT',22,6),(2894,294,'OUTPUT',22,6),(2895,295,'OUTPUT',23,6),(2896,295,'INPUT',22,6),(2897,296,'INPUT',19,6),(2898,296,'INPUT',1,6),(2899,296,'INPUT',20,6),(2900,296,'OUTPUT',1,6),(2901,296,'OUTPUT',19,6),(2902,296,'OUTPUT',20,6),(2903,296,'INPUT',32,6),(2904,296,'OUTPUT',32,6),(2905,297,'INPUT',19,6),(2906,297,'INPUT',1,6),(2907,297,'INPUT',20,6),(2908,297,'OUTPUT',1,6),(2909,297,'OUTPUT',19,6),(2910,297,'OUTPUT',20,6),(2911,297,'INPUT',32,6),(2912,297,'OUTPUT',32,6),(2919,298,'INPUT',1,6),(2920,298,'INPUT',20,6),(2921,298,'INPUT',22,6),(2922,298,'OUTPUT',62,6),(2926,299,'OUTPUT',74,6),(2927,300,'OUTPUT',57,6),(2928,300,'INPUT',19,6),(2929,300,'INPUT',20,6),(2930,300,'INPUT',29,6),(2931,300,'INPUT',22,6),(2940,298,'INPUT',19,6),(2946,301,'INPUT',64,6),(2947,302,'INPUT',64,6),(2948,301,'OUTPUT',64,6),(2949,302,'OUTPUT',64,6),(2950,301,'OUTPUT',75,6),(2951,302,'OUTPUT',75,6),(2952,303,'INPUT',64,6),(2953,303,'OUTPUT',64,6),(2954,303,'OUTPUT',75,6),(2955,304,'INPUT',64,6),(2956,304,'OUTPUT',64,6),(2957,304,'OUTPUT',75,6),(2958,305,'OUTPUT',76,6),(2959,305,'OUTPUT',77,6),(2962,311,'INPUT',78,6),(2963,312,'INPUT',78,6),(2964,311,'INPUT',79,6),(2965,312,'INPUT',79,6),(2966,311,'OUTPUT',78,6),(2967,312,'OUTPUT',78,6),(2968,311,'OUTPUT',79,6),(2969,312,'OUTPUT',79,6),(2970,306,'OUTPUT',78,6),(2971,307,'INPUT',79,6),(2972,308,'INPUT',79,6),(2973,309,'INPUT',79,6),(2974,310,'INPUT',79,6),(2975,307,'OUTPUT',78,6),(2976,308,'OUTPUT',78,6),(2977,309,'OUTPUT',78,6),(2978,310,'OUTPUT',78,6),(2979,307,'OUTPUT',79,6),(2980,308,'OUTPUT',79,6),(2981,309,'OUTPUT',79,6),(2982,310,'OUTPUT',79,6),(2986,313,'INPUT',78,6),(2987,314,'INPUT',78,6),(2988,307,'INPUT',78,6),(2989,308,'INPUT',78,6),(2990,309,'INPUT',78,6),(2991,310,'INPUT',78,6),(2992,315,'OUTPUT',78,6),(2993,313,'OUTPUT',80,6),(2994,314,'OUTPUT',80,6),(2995,316,'OUTPUT',78,6),(2996,317,'INPUT',78,6),(2997,317,'OUTPUT',80,6),(2998,311,'INPUT',76,6),(2999,312,'INPUT',76,6),(3000,307,'INPUT',76,6),(3001,308,'INPUT',76,6),(3002,309,'INPUT',76,6),(3003,310,'INPUT',76,6),(3004,318,'INPUT',33,6),(3005,318,'OUTPUT',33,6),(3009,305,'INPUT',75,6),(3022,324,'INPUT',1,6),(3023,324,'INPUT',20,6),(3024,324,'INPUT',22,6),(3025,324,'OUTPUT',62,6),(3026,324,'INPUT',19,6),(3027,325,'OUTPUT',1,6),(3028,325,'OUTPUT',19,6),(3029,325,'OUTPUT',20,6),(3030,325,'INPUT',67,6),(3032,332,'OUTPUT',46,6),(3033,334,'INPUT',46,6),(3034,334,'OUTPUT',46,6),(3035,335,'INPUT',46,6),(3036,336,'INPUT',46,6),(3037,335,'OUTPUT',46,6),(3038,336,'OUTPUT',46,6),(3039,337,'INPUT',46,6),(3040,338,'INPUT',46,6),(3041,337,'INPUT',22,6),(3042,338,'INPUT',22,6),(3043,337,'OUTPUT',84,6),(3044,338,'OUTPUT',84,6),(3045,339,'INPUT',46,6),(3046,339,'INPUT',22,6),(3047,339,'OUTPUT',84,6),(3056,340,'INPUT',85,6),(3057,341,'INPUT',85,6),(3058,342,'INPUT',85,6),(3059,343,'INPUT',85,6),(3060,340,'INPUT',20,6),(3061,341,'INPUT',20,6),(3062,342,'INPUT',20,6),(3063,343,'INPUT',20,6),(3064,340,'OUTPUT',86,6),(3065,341,'OUTPUT',86,6),(3066,342,'OUTPUT',86,6),(3067,343,'OUTPUT',86,6),(3068,335,'INPUT',86,6),(3069,336,'INPUT',86,6),(3070,344,'INPUT',46,6),(3071,344,'OUTPUT',46,6),(3072,345,'INPUT',46,6),(3073,345,'OUTPUT',46,6),(3074,345,'INPUT',86,6),(3075,346,'INPUT',46,6),(3076,346,'OUTPUT',46,6),(3077,346,'INPUT',86,6),(3078,347,'INPUT',46,6),(3079,347,'OUTPUT',46,6),(3080,347,'INPUT',86,6),(3081,348,'INPUT',46,6),(3082,348,'OUTPUT',46,6),(3083,348,'INPUT',86,6),(3084,349,'INPUT',46,6),(3085,349,'OUTPUT',46,6),(3086,349,'INPUT',86,6),(3087,350,'INPUT',46,6),(3088,350,'OUTPUT',46,6),(3089,335,'INPUT',87,6),(3090,336,'INPUT',87,6),(3091,345,'INPUT',87,6),(3092,346,'INPUT',87,6),(3093,347,'INPUT',87,6),(3094,348,'INPUT',87,6),(3095,349,'INPUT',87,6),(3096,351,'OUTPUT',87,6),(3097,352,'OUTPUT',87,6),(3098,353,'OUTPUT',87,6),(3099,351,'INPUT',85,6),(3100,352,'INPUT',85,6),(3101,353,'INPUT',85,6),(3102,351,'INPUT',20,6),(3103,352,'INPUT',20,6),(3104,353,'INPUT',20,6),(3105,334,'OUTPUT',88,6),(3106,344,'OUTPUT',88,6),(3107,350,'OUTPUT',88,6),(3108,334,'INPUT',20,6),(3109,344,'INPUT',20,6),(3110,350,'INPUT',20,6),(3111,334,'OUTPUT',20,6),(3112,344,'OUTPUT',20,6),(3113,350,'OUTPUT',20,6),(3114,354,'OUTPUT',46,6),(3115,329,'OUTPUT',85,6),(3116,330,'OUTPUT',85,6),(3117,331,'OUTPUT',85,6),(3118,329,'OUTPUT',89,6),(3119,330,'OUTPUT',89,6),(3120,331,'OUTPUT',89,6),(3121,329,'INPUT',90,6),(3122,330,'INPUT',90,6),(3123,331,'INPUT',90,6),(3124,354,'INPUT',46,6),(3125,326,'INPUT',89,6),(3126,326,'INPUT',46,6),(3127,355,'OUTPUT',46,6),(3128,326,'INPUT',20,6),(3129,326,'OUTPUT',20,6),(3133,333,'OUTPUT',90,6),(3134,356,'OUTPUT',90,6),(3135,357,'OUTPUT',90,6),(3136,333,'INPUT',20,6),(3137,356,'INPUT',20,6),(3138,357,'INPUT',20,6),(3139,333,'OUTPUT',20,6),(3140,356,'OUTPUT',20,6),(3141,357,'OUTPUT',20,6),(3142,333,'INPUT',22,6),(3143,356,'INPUT',22,6),(3144,357,'INPUT',22,6),(3145,351,'OUTPUT',20,6),(3146,352,'OUTPUT',20,6),(3147,353,'OUTPUT',20,6),(3148,355,'INPUT',85,6),(3149,355,'INPUT',20,6),(3150,358,'INPUT',20,6),(3151,358,'OUTPUT',20,6),(3152,358,'INPUT',22,6),(3153,359,'OUTPUT',46,6),(3154,359,'INPUT',46,6),(3155,358,'OUTPUT',85,6),(3156,340,'OUTPUT',20,6),(3157,341,'OUTPUT',20,6),(3158,342,'OUTPUT',20,6),(3159,343,'OUTPUT',20,6),(3161,360,'OUTPUT',20,6),(3162,360,'INPUT',20,6),(3163,360,'INPUT',89,6),(3164,360,'INPUT',46,6),(3165,361,'OUTPUT',20,6),(3166,361,'INPUT',20,6),(3167,361,'INPUT',70,6),(3169,362,'OUTPUT',22,6),(3170,362,'OUTPUT',70,6),(3171,362,'INPUT',22,6),(3172,363,'OUTPUT',46,6),(3173,363,'INPUT',91,6),(3174,328,'OUTPUT',91,6),(3175,364,'OUTPUT',91,6),(3178,328,'OUTPUT',22,6),(3179,364,'OUTPUT',22,6),(3180,328,'INPUT',46,6),(3181,364,'INPUT',46,6),(3182,328,'INPUT',85,6),(3183,364,'INPUT',85,6),(3184,328,'INPUT',20,6),(3185,364,'INPUT',20,6),(3186,328,'OUTPUT',20,6),(3187,364,'OUTPUT',20,6),(3188,363,'INPUT',20,6),(3189,363,'INPUT',85,6),(3191,363,'OUTPUT',20,6),(3192,361,'INPUT',89,6),(3193,365,'OUTPUT',20,6),(3194,365,'OUTPUT',22,6),(3195,365,'OUTPUT',91,6),(3196,365,'INPUT',20,6),(3197,365,'INPUT',46,6),(3198,365,'INPUT',85,6),(3199,358,'OUTPUT',92,6),(3200,333,'INPUT',92,6),(3201,356,'INPUT',92,6),(3202,357,'INPUT',92,6),(3203,358,'INPUT',88,6),(3204,355,'OUTPUT',20,6),(3205,351,'INPUT',22,6),(3206,352,'INPUT',22,6),(3207,353,'INPUT',22,6),(3208,340,'INPUT',22,6),(3209,341,'INPUT',22,6),(3210,342,'INPUT',22,6),(3211,343,'INPUT',22,6),(3212,366,'INPUT',22,6);
/*!40000 ALTER TABLE `entity_port_tmp` ENABLE KEYS */;
UNLOCK TABLES;

--
-- Table structure for table `entity_type`
--

DROP TABLE IF EXISTS `entity_type`;
/*!40101 SET @saved_cs_client     = @@character_set_client */;
/*!50503 SET character_set_client = utf8mb4 */;
CREATE TABLE `entity_type` (
  `id_type` int NOT NULL AUTO_INCREMENT,
  `name_type` varchar(100) CHARACTER SET latin1 COLLATE latin1_swedish_ci NOT NULL,
  `id_project` int NOT NULL,
  `color` varchar(50) CHARACTER SET latin1 COLLATE latin1_swedish_ci NOT NULL DEFAULT '',
  `step_received` longtext CHARACTER SET latin1 COLLATE latin1_swedish_ci NOT NULL,
  `step_computed` longtext CHARACTER SET latin1 COLLATE latin1_swedish_ci NOT NULL,
  `dynamic_computed` longtext CHARACTER SET latin1 COLLATE latin1_swedish_ci NOT NULL,
  `step_sended` longtext CHARACTER SET latin1 COLLATE latin1_swedish_ci NOT NULL,
  `description` longtext CHARACTER SET latin1 COLLATE latin1_swedish_ci,
  PRIMARY KEY (`id_type`),
  KEY `name_type` (`name_type`)
) ENGINE=InnoDB AUTO_INCREMENT=301 DEFAULT CHARSET=latin1 COLLATE=latin1_general_ci ROW_FORMAT=DYNAMIC;
/*!40101 SET character_set_client = @saved_cs_client */;

--
-- Dumping data for table `entity_type`
--

LOCK TABLES `entity_type` WRITE;
/*!40000 ALTER TABLE `entity_type` DISABLE KEYS */;
INSERT INTO `entity_type` VALUES (59,'VDES_RECEIVER',6,'#FFFFFF','Conn_Fault=1-VDES_CONN;','','','VDES_CONN=1-Conn_Fault;',''),(64,'Plane',6,'#FFFFFF','Conn_Fault=1-max(VDES_CONN);\n\n\nOperative_Level=(1-Mechanical_Fault)*(1-Conn_Fault);','','','PLANE_QoS=Operative_Level;\nVDES_CONN=1-Conn_Fault;',''),(65,'Forest',6,'#FFFFFF','Operative_Level=(1-Fire_Fault)*max(PLANE_QoS, 0.5);\n\nWOODS_HEALTH=Operative_Level;','','','FLAME=Fire_Fault;\nWOODS_HEALTH=Operative_Level;',''),(66,'Electric_Plant',6,'#FFFFFF','Physical_Fault=max(Fire_Fault,Mechanical_Fault);\n\nOperative_Level=1-Physical_Fault;','','','E_POWER_1=Power_Gen*(1-Physical_Fault);',''),(67,'Electric_Wire',6,'#FFFFFF','Power_Gen=max(E_POWER_1,E_POWER_2);\n\nFire_Fault=FLAME;\n\nPhysical_Fault=max(Fire_Fault,Mechanical_Fault);\n\nOperative_Level=1-Physical_Fault;','','','E_POWER_1=Power_Gen*(1-Physical_Fault);\nE_POWER_2=Power_Gen*(1-Physical_Fault);',''),(68,'Electric_Pole',6,'#FFFFFF','Power_Gen=max(E_POWER_1,E_POWER_2);\n\nFire_Fault=FLAME;\n\nPhysical_Fault=max(Fire_Fault,Mechanical_Fault);\n\nOperative_Level=1-Physical_Fault;','','','E_POWER_1=Power_Gen*(1-Physical_Fault);\nE_POWER_2=Power_Gen*(1-Physical_Fault);',''),(69,'Electric_Load',6,'#FFFFFF','Power_Gen=max(Power_Gen_init,E_POWER_1);\n\nPhysical_Fault=max([Fire_Fault  Mechanical_Fault] );\n\nPower_Fault=max(abs(Consumed_Power.*E_POWER_1-Consumed_Power));\n\n\nOperative_Level=max([1-Power_Fault 0.5])*(1-Physical_Fault);','','','E_LOAD_QoS=Operative_Level;',''),(70,'Service_Deliver',6,'#FF13A6','Service_Fault=SERVICE_QoS*Service_Fault_init;','','','SERVICE_QoS=Service_Fault;',''),(71,'Forest',8,'#FFFFFF','Operative_Level=(1-Fire_Fault)*max(PLANE_QoS, 0.5);\n\nWOODS_HEALTH=Operative_Level;','','','FLAME=Fire_Fault;\nWOODS_HEALTH=Operative_Level;',''),(72,'Electric_Plant',8,'#FFFFFF','Physical_Fault=max(Fire_Fault,Mechanical_Fault);\n\nOperative_Level=1-Physical_Fault;','','','E_POWER_1=Power_Gen*(1-Physical_Fault);',''),(73,'Electric_Load',8,'#FFFFFF','Power_Gen=max(Power_Gen_init,E_POWER_1);\n\nPhysical_Fault=max([Fire_Fault  Mechanical_Fault] );\n\nPower_Fault=max(abs(Consumed_Power.*E_POWER_1-Consumed_Power));\n\n\nOperative_Level=max([1-Power_Fault 0.5])*(1-Physical_Fault);','','','E_LOAD_QoS=Operative_Level;',''),(74,'Electric_Pole',8,'#FFFFFF','Power_Gen=max(E_POWER_1,E_POWER_2);\n\nFire_Fault=FLAME;\n\nPhysical_Fault=max(Fire_Fault,Mechanical_Fault);\n\nOperative_Level=1-Physical_Fault;','','','E_POWER_1=Power_Gen*(1-Physical_Fault);\nE_POWER_2=Power_Gen*(1-Physical_Fault);',''),(75,'Electric_Wire',8,'#FFFFFF','Power_Gen=max(E_POWER_1,E_POWER_2);\n\nFire_Fault=FLAME;\n\nPhysical_Fault=max(Fire_Fault,Mechanical_Fault);\n\nOperative_Level=1-Physical_Fault;','','','E_POWER_1=Power_Gen*(1-Physical_Fault);\nE_POWER_2=Power_Gen*(1-Physical_Fault);',''),(76,'Electric_Load',8,'#FFFFFF','Power_Gen=max(Power_Gen_init,E_POWER_1);\n\nPhysical_Fault=max([Fire_Fault  Mechanical_Fault] );\n\nPower_Fault=max(abs(Consumed_Power.*E_POWER_1-Consumed_Power));\n\n\nOperative_Level=max([1-Power_Fault 0.5])*(1-Physical_Fault);','','','E_LOAD_QoS=Operative_Level;',''),(78,'HOL_DAM',6,'#FFFFFF','Cyber_Fault=CYBER_FAULT;\n\nOperative_Level=min([1-max(CYBER_FAULT) WATER CONTROL_QoS]);','','','CYBER_FAULT=Cyber_Fault;',''),(79,'CITY',6,'#FFFFFF','','','','',''),(80,'POWER_PLANT',6,'#FFFFFF','','','','',''),(81,'Control_Service',6,'#FFFFFF','Control_Fault=1-SCADA_QoS;\n\nOperative_Level=1-Control_Fault;','','','TELECONTROL=1-Control_Fault;\nCONTROL_QoS=1-Control_Fault;',''),(82,'SCADA',6,'#FFFFFF','Cyber_Fault=max(CYBER_FAULT, transpose([Dos_attack MITM_attack Virus_Attack Port_Scan_Attack  BGP_hijacking BotNet_Attack Data_Corruption SW_Change Config_Change Port_Saturation]));\n\n\nControl_Fault=max([Mechanical_Fault Dos_attack min(0.5,max(Cyber_Fault))]);\n\n\n\nOperative_Level=min([1-max(Cyber_Fault) 1-Mechanical_Fault POWER PLC_QoS]);','','','SCADA_QoS=Operative_Level;\n\nCYBER_FAULT=Cyber_Fault.*transpose([0 0 0.5 0.2 0 0 0 0 0 0]);',''),(83,'PLC',6,'#FFFFFF','Cyber_Fault=max(CYBER_FAULT, transpose([Dos_attack MITM_attack Virus_Attack Port_Scan_Attack  BGP_hijacking BotNet_Attack Data_Corruption SW_Change Config_Change Port_Saturation]));\n\n\nControl_Fault=max([1-IoT_measure Mechanical_Fault 1-POWER Dos_attack min(0.5,max(Cyber_Fault))]);\n\n\n\nOperative_Level=min([1-max(Cyber_Fault) 1-Mechanical_Fault 1-Control_Fault]);','','','CYBER_FAULT=Cyber_Fault.*transpose([0 0 0.5 0.2 0 0 0 0 0 0]);\n\nTELECONTROL=1-Control_Fault;\nPLC_QoS=Operative_Level;',''),(84,'Pipe',6,'#00FFFF','\nWater_Fault=max([1-WATER Mechanical_Fault 1-VALVE_QoS 1-PUMP_QoS]);\n\nOperative_Level=1-Mechanical_Fault;','','','WATER=1-Water_Fault;',''),(85,'Pump',6,'#FFFFFF','\nCyber_Fault=max(CYBER_FAULT, transpose([Dos_attack MITM_attack Virus_Attack Port_Scan_Attack  BGP_hijacking BotNet_Attack Data_Corruption SW_Change Config_Change Port_Saturation]));\n\n\nControl_Fault=max([1-TELECONTROL Mechanical_Fault Dos_attack min(0.5,max(Cyber_Fault))]);\n\n\n\nOperative_Level=min([1-max(Cyber_Fault) 1-Mechanical_Fault POWER]);','','','PUMP_QoS=1-Control_Fault;\nCYBER_FAULT=Cyber_Fault.*transpose([0 0 0.5 0.2 0 0 0 0 0 0]);',''),(86,'Valve',6,'#FFFFFF','\nCyber_Fault=max(CYBER_FAULT, transpose([Dos_attack MITM_attack Virus_Attack Port_Scan_Attack  BGP_hijacking BotNet_Attack Data_Corruption SW_Change Config_Change Port_Saturation]));\n\n\nControl_Fault=max([1-TELECONTROL Mechanical_Fault Dos_attack min(0.5,max(Cyber_Fault))]);\n\n\n\nOperative_Level=min([1-max(Cyber_Fault) 1-Mechanical_Fault POWER]);','','','VALVE_QoS=Operative_Level;\n\nCYBER_FAULT=Cyber_Fault.*transpose([0 0 0.5 0.2 0 0 0 0 0 0]);',''),(87,'Tank',6,'#FFFFFF','Cyber_Fault=max(CYBER_FAULT, transpose([Dos_attack MITM_attack Virus_Attack Port_Scan_Attack  BGP_hijacking BotNet_Attack Data_Corruption SW_Change Config_Change Port_Saturation]));\n\nWater_Fault=1-WATER;\n\nOperative_Level=min([1-max(Cyber_Fault) 1-Mechanical_Fault 1-IoT_Fault]);','\n\nWater_Level_new=max(0,Water_Level-0.2*Water_Fault);','','WATER=Water_Level*Operative_Level;\n\nCYBER_FAULT=Cyber_Fault.*transpose([0 0 0.5 0.2 0 0 0 0 0 0]);\n\nIoT_measure=min([1-IoT_Fault  1-max(Cyber_Fault)]);',''),(88,'Dam',6,'#FFFFFF','Cyber_Fault=max(CYBER_FAULT, transpose([Dos_attack MITM_attack Virus_Attack Port_Scan_Attack  BGP_hijacking BotNet_Attack Data_Corruption SW_Change Config_Change Port_Saturation]));\n\n\nControl_Fault=max([1-TELECONTROL Mechanical_Fault Dos_attack min(0.5,max(Cyber_Fault))]);\n\n\n\nOperative_Level=min([1-max(Cyber_Fault) 1-Mechanical_Fault 1-Control_Fault]);','','','CYBER_FAULT=Cyber_Fault.*transpose([0 0 0.5 0.2 0 0 0 0 0 0]);\n\nWATER=Operative_Level;',''),(89,'Residential',6,'#FFFFFF','Power_Fault=1-POWER;\nWater_Fault=1-WATER;\n\nOperative_Level=min(1-Power_Fault,1-Water_Fault);','','','RESIDENTIAL_QoS=Operative_Level;',''),(90,'Industrial',6,'#FFFFFF','','','','',''),(91,'Plant',6,'#FFFFFF','','','','',''),(92,'CoolingTower',6,'#FFFFFF','Cyber_Fault=max(CYBER_FAULT, transpose([Dos_attack MITM_attack Virus_Attack Port_Scan_Attack  BGP_hijacking BotNet_Attack Data_Corruption SW_Change Config_Change Port_Saturation]));\n\nWater_Fault=1-HOT_WATER;\n\nOperative_Level=min([1-max(Cyber_Fault) 1-Mechanical_Fault TELECONTROL]);','','','CYBER_FAULT=Cyber_Fault.*transpose([0 0 0.5 0.2 0 0 0 0 0 0]);\n\nWATER=Operative_Level;',''),(93,'Water',6,'#FFFFFF','','','','',''),(94,'PowerAvailability',6,'#FFFFFF','Power_Fault=1-POWER;\nOperative_Level=1-Power_Fault;','','','POWER=1-Power_Fault;\nPOWER_QoS=1-Power_Fault;',''),(95,'Water_Availability',6,'#FFFFFF','Water_Fault=1-WATER;\n\nOperative_Level=1-Water_Fault;','','','WATER=1-Water_Fault;',''),(96,'HOL_CITY',6,'#FFFFFF','Cyber_Fault=CYBER_FAULT;\n\nOperative_Level=min([1-max(CYBER_FAULT) WATER CONTROL_QoS]);','','','CYBER_FAULT=Cyber_Fault;',''),(97,'HOL_ELE',6,'#FFFFFF','Cyber_Fault=CYBER_FAULT;\n\nOperative_Level=min([1-max(CYBER_FAULT) POWER_QoS CONTROL_QoS]);','','','CYBER_FAULT=Cyber_Fault;',''),(98,'Power_Plant',6,'#FFFFFF','','','','',''),(99,'Gas_Turbine',6,'#FFFFFF','Cyber_Fault=max(CYBER_FAULT, transpose([Dos_attack MITM_attack Virus_Attack Port_Scan_Attack  BGP_hijacking BotNet_Attack Data_Corruption SW_Change Config_Change Port_Saturation]));\n\nWater_Fault=1-WATER;\n\nOperative_Level=min([1-max(Cyber_Fault) 1-Mechanical_Fault TELECONTROL 1-Water_Fault]);','','','CYBER_FAULT=Cyber_Fault.*transpose([0 0 0.5 0.2 0 0 0 0 0 0]);\n\nHOT_WATER=Operative_Level;\n\nPOWER=Operative_Level;',''),(100,'PIPPO',6,'#FFFFFF','Operative_Level=min([POWER  1-Mechanical_Fault]);','','','OIL=Operative_Level;',''),(101,'POWERGEN',6,'#FFFFFF','Operative_Level=1-Physical_Fault;','','','POWER=Operative_Level;','');
/*!40000 ALTER TABLE `entity_type` ENABLE KEYS */;
UNLOCK TABLES;

--
-- Table structure for table `layers`
--

DROP TABLE IF EXISTS `layers`;
/*!40101 SET @saved_cs_client     = @@character_set_client */;
/*!50503 SET character_set_client = utf8mb4 */;
CREATE TABLE `layers` (
  `id_layer` int NOT NULL AUTO_INCREMENT,
  `id_project` int NOT NULL,
  `id_res` int NOT NULL,
  `color_res` varchar(20) CHARACTER SET latin1 COLLATE latin1_swedish_ci NOT NULL DEFAULT '#000000',
  `id_dep` int NOT NULL,
  PRIMARY KEY (`id_layer`)
) ENGINE=InnoDB AUTO_INCREMENT=17 DEFAULT CHARSET=latin1 COLLATE=latin1_general_ci;
/*!40101 SET character_set_client = @saved_cs_client */;

--
-- Dumping data for table `layers`
--

LOCK TABLES `layers` WRITE;
/*!40000 ALTER TABLE `layers` DISABLE KEYS */;
/*!40000 ALTER TABLE `layers` ENABLE KEYS */;
UNLOCK TABLES;

--
-- Table structure for table `projects`
--

DROP TABLE IF EXISTS `projects`;
/*!40101 SET @saved_cs_client     = @@character_set_client */;
/*!50503 SET character_set_client = utf8mb4 */;
CREATE TABLE `projects` (
  `id_project` int NOT NULL AUTO_INCREMENT,
  `name_project` varchar(50) CHARACTER SET latin1 COLLATE latin1_swedish_ci NOT NULL,
  PRIMARY KEY (`id_project`),
  UNIQUE KEY `name_project` (`name_project`)
) ENGINE=InnoDB AUTO_INCREMENT=9 DEFAULT CHARSET=latin1 COLLATE=latin1_general_ci;
/*!40101 SET character_set_client = @saved_cs_client */;

--
-- Dumping data for table `projects`
--

LOCK TABLES `projects` WRITE;
/*!40000 ALTER TABLE `projects` DISABLE KEYS */;
INSERT INTO `projects` VALUES (6,'SistemiIoT');
/*!40000 ALTER TABLE `projects` ENABLE KEYS */;
UNLOCK TABLES;

--
-- Table structure for table `radial_spread`
--

DROP TABLE IF EXISTS `radial_spread`;
/*!40101 SET @saved_cs_client     = @@character_set_client */;
/*!50503 SET character_set_client = utf8mb4 */;
CREATE TABLE `radial_spread` (
  `id_radial` int NOT NULL,
  `radial_name` varchar(50) DEFAULT NULL,
  `latitude` varchar(50) DEFAULT NULL,
  `longitude` varchar(50) DEFAULT NULL,
  `id_project` int DEFAULT NULL,
  PRIMARY KEY (`id_radial`),
  KEY `link_name` (`radial_name`)
) ENGINE=InnoDB DEFAULT CHARSET=utf8mb4 COLLATE=utf8mb4_0900_ai_ci ROW_FORMAT=DYNAMIC;
/*!40101 SET character_set_client = @saved_cs_client */;

--
-- Dumping data for table `radial_spread`
--

LOCK TABLES `radial_spread` WRITE;
/*!40000 ALTER TABLE `radial_spread` DISABLE KEYS */;
INSERT INTO `radial_spread` VALUES (1,'RADIAL_ROMA','41.902782','12.496365',1);
/*!40000 ALTER TABLE `radial_spread` ENABLE KEYS */;
UNLOCK TABLES;

--
-- Table structure for table `resources`
--

DROP TABLE IF EXISTS `resources`;
/*!40101 SET @saved_cs_client     = @@character_set_client */;
/*!50503 SET character_set_client = utf8mb4 */;
CREATE TABLE `resources` (
  `id_res` int NOT NULL AUTO_INCREMENT,
  `name_res` varchar(30) CHARACTER SET latin1 COLLATE latin1_swedish_ci NOT NULL,
  `dim_res` int DEFAULT NULL,
  `default_val` varchar(60) CHARACTER SET latin1 COLLATE latin1_general_ci DEFAULT NULL,
  `name_dep` varchar(45) CHARACTER SET latin1 COLLATE latin1_swedish_ci DEFAULT NULL,
  `color` varchar(20) CHARACTER SET latin1 COLLATE latin1_swedish_ci DEFAULT '#000000',
  `id_project` int DEFAULT NULL,
  `description` longtext CHARACTER SET latin1 COLLATE latin1_swedish_ci,
  PRIMARY KEY (`id_res`),
  UNIQUE KEY `name_res` (`name_res`)
) ENGINE=InnoDB AUTO_INCREMENT=94 DEFAULT CHARSET=latin1 COLLATE=latin1_general_ci ROW_FORMAT=DYNAMIC;
/*!40101 SET character_set_client = @saved_cs_client */;

--
-- Dumping data for table `resources`
--

LOCK TABLES `resources` WRITE;
/*!40000 ALTER TABLE `resources` DISABLE KEYS */;
INSERT INTO `resources` VALUES (1,'TLC_CONN',20,'','TLC_Logical','#000000',6,''),(19,'TLC_SERVICE',20,'','TLC_Logical','#000000',6,''),(20,'CYBER_FAULT',10,'','Logical','#000000',6,''),(21,'RES_OUT',1,'','TLC_Logical','#000000',6,''),(22,'POWER',1,'','Physical','#000000',6,''),(23,'ROOM_QoS',1,'','Physical','#000000',6,''),(25,'CONN_FAULT',1,'','TLC_Logical','#000000',6,''),(27,'BUILDING_QoS',1,'','Physical','#000000',6,''),(28,'FIREWALL_QoS',1,'','TLC_Logical','#000000',6,''),(29,'NGPON_CONN',20,'','TLC_Logical','#000000',6,''),(30,'NGPON_IN',20,'','TLC_Logical','#000000',6,''),(31,'R_CONN',20,'','TLC_Logical','#000000',6,''),(32,'MECH_FAULT',1,'','Physical','#000000',6,''),(33,'SERVICE_QoS',1,'','Logical','#000000',6,''),(34,'MPLS_NET_QoS',1,'','Logical','#000000',6,''),(35,'ROUTING_QoS',1,'','Logical','#000000',6,''),(36,'SWITCHING_QoS',1,'','Logical','#000000',6,''),(37,'REDUNDANCY_QoS',1,'','Logical','#000000',6,''),(38,'RF_SLICE1',1,'','Logical','#000000',6,''),(39,'RF_QoS',1,'','TLC_Logical','#000000',6,''),(40,'GLOBAL_QoS',1,'','Logical','#000000',6,''),(41,'RF_SLICE2',1,'','Logical','#000000',6,''),(44,'CONGEST_FAULT',1,'','Logical','#000000',6,''),(45,'WiFi_DETECTION',1,'','Logical','#000000',6,''),(46,'WATER',1,'','Physical','#000000',6,''),(47,'AIR',1,'','Physical','#000000',6,''),(48,'MEDICAL_ROOM_QoS',1,'','Logical','#000000',6,''),(49,'ORDINARY_ROOM_QoS',1,'','Logical','#000000',6,''),(50,'ACTIVATOR',1,'','Logical','#000000',6,''),(51,'GENERATOR_QoS',1,'','Logical','#000000',6,''),(52,'EMERGENCY_POWER_QoS',1,'','Logical','#000000',6,''),(53,'WIRE_QoS',1,'','Logical','#000000',6,''),(54,'PIPE_QoS',1,'','Logical','#000000',6,''),(55,'DUCT_QoS',1,'','Logical','#000000',6,''),(56,'MOBILE_QoS',1,'','Logical','#000000',6,''),(57,'HOME_QoS',1,'','Logical','#000000',6,''),(58,'ADSL_CONN',20,'','Logical','#000000',6,''),(59,'TV_QoS',1,'','Logical','#000000',6,''),(60,'ROBOT_QoS',1,'','Logical','#000000',6,''),(62,'WORKSTATION_QoS',1,'','Logical','#000000',6,''),(63,'BOAT_QoS',1,'','Logical','#000000',6,''),(64,'VDES_CONN',1,'','TLC_Logical','#000000',6,''),(65,'AIS_CONN',1,'','TLC_Logical','#000000',6,''),(66,'CELL_QoS',1,'','TLC_Logical','#000000',6,' '),(67,'STREAM',10,'','Logical','#000000',6,' '),(68,'BTS_CONN',20,'','Logical','#000000',6,' '),(69,'OXYGEN',1,'','Physical','#000000',6,' '),(70,'POWER_QoS',1,'','Physical','#000000',6,' '),(71,'AIR_QoS',1,'','Physical','#000000',6,' '),(72,'WORKING_CELL_QoS',1,'','Logical','#000000',6,' '),(73,'IoT_CONN',20,'','Logical','#000000',6,' '),(74,'PAR_OUT',1,'','logical','#000000',6,' '),(75,'PLANE_QoS',1,'','logical','#000000',6,' '),(76,'FLAME',1,'','Physical','#000000',6,' '),(77,'WOODS_HEALTH',1,'','Physical','#000000',6,' '),(78,'E_POWER_1',10,'','Physical','#000000',6,' '),(79,'E_POWER_2',10,'','Physical','#000000',6,' '),(80,'E_LOAD_QoS',1,'','logical','#000000',6,' '),(81,'ADSL_QoS',1,'','logical','#000000',6,' '),(82,'ALT_ROUTING',1,'','logical','#000000',6,' '),(83,'ALT_SERVICES',1,'','logical','#000000',6,' '),(84,'RESIDENTIAL_QoS',1,'','Logical','#000000',6,' '),(85,'TELECONTROL',1,'','Logical','#000000',6,' '),(86,'VALVE_QoS',1,'','Logical','#000000',6,' '),(87,'PUMP_QoS',1,'','Logical','#000000',6,' '),(88,'IoT_measure',1,'','Logical','#000000',6,' '),(89,'CONTROL_QoS',1,'','Logical','#000000',6,' '),(90,'SCADA_QoS',1,'','Logical','#000000',6,' '),(91,'HOT_WATER',1,'','Physical','#000000',6,' '),(92,'PLC_QoS',1,'','Logical','#000000',6,' '),(93,'OIL',1,' ','Phisical','#000000',6,' ');
/*!40000 ALTER TABLE `resources` ENABLE KEYS */;
UNLOCK TABLES;

--
-- Table structure for table `resources_copy`
--

DROP TABLE IF EXISTS `resources_copy`;
/*!40101 SET @saved_cs_client     = @@character_set_client */;
/*!50503 SET character_set_client = utf8mb4 */;
CREATE TABLE `resources_copy` (
  `id_res` int NOT NULL AUTO_INCREMENT,
  `name_res` varchar(30) CHARACTER SET latin1 COLLATE latin1_swedish_ci NOT NULL,
  `dim_res` int DEFAULT NULL,
  `name_dep` varchar(45) CHARACTER SET latin1 COLLATE latin1_swedish_ci DEFAULT NULL,
  `color` varchar(20) CHARACTER SET latin1 COLLATE latin1_swedish_ci DEFAULT '#000000',
  `id_project` int DEFAULT NULL,
  PRIMARY KEY (`id_res`),
  UNIQUE KEY `name_res` (`name_res`)
) ENGINE=InnoDB AUTO_INCREMENT=42 DEFAULT CHARSET=latin1 COLLATE=latin1_general_ci ROW_FORMAT=DYNAMIC;
/*!40101 SET character_set_client = @saved_cs_client */;

--
-- Dumping data for table `resources_copy`
--

LOCK TABLES `resources_copy` WRITE;
/*!40000 ALTER TABLE `resources_copy` DISABLE KEYS */;
INSERT INTO `resources_copy` VALUES (1,'TLC_CONN',6,'TLC_Logical','#000000',6),(19,'TLC_SERVICE',6,'TLC_Logical','#000000',6),(20,'CYBER_FAULT',5,'Logical','#000000',6),(21,'RES_OUT',1,'TLC_Logical','#000000',6),(22,'POWER',1,'Physical','#000000',6),(23,'ROOM_QoS',1,'Physical','#000000',6),(25,'CONN_FAULT',1,'TLC_Logical','#000000',6),(27,'BUILDING_QoS',1,'Physical','#000000',6),(28,'FIREWALL_QoS',1,'TLC_Logical','#000000',6),(29,'NGPON_CONN',1,'TLC_Logical','#000000',6),(30,'NGPON_IN',1,'TLC_Logical','#000000',6),(31,'R_CONN',1,'TLC_Logical','#000000',6),(32,'MECH_FAULT',1,'Physical','#000000',6),(33,'SERVICE_QoS',1,'Logical','#000000',6),(34,'MPLS_NET_QoS',1,'Logical','#000000',6),(35,'ROUTING_QoS',1,'Logical','#000000',6),(36,'SWITCHING_QoS',1,'Logical','#000000',6),(37,'REDUNDANCY_QoS',1,'Logical','#000000',6),(38,'RF_SLICE1',1,'Logical','#000000',6),(39,'RF_QoS',1,'TLC_Logical','#000000',6),(40,'GLOBAL_QoS',1,'Logical','#000000',6),(41,'RF_SLICE2',1,'Logical','#000000',6);
/*!40000 ALTER TABLE `resources_copy` ENABLE KEYS */;
UNLOCK TABLES;

--
-- Table structure for table `route_link`
--

DROP TABLE IF EXISTS `route_link`;
/*!40101 SET @saved_cs_client     = @@character_set_client */;
/*!50503 SET character_set_client = utf8mb4 */;
CREATE TABLE `route_link` (
  `id_routing` int NOT NULL,
  `routing_name` varchar(50) DEFAULT NULL,
  `id_project` int DEFAULT NULL,
  `id_res` int DEFAULT NULL,
  PRIMARY KEY (`id_routing`),
  KEY `link_name` (`routing_name`)
) ENGINE=InnoDB DEFAULT CHARSET=utf8mb4 COLLATE=utf8mb4_0900_ai_ci ROW_FORMAT=DYNAMIC;
/*!40101 SET character_set_client = @saved_cs_client */;

--
-- Dumping data for table `route_link`
--

LOCK TABLES `route_link` WRITE;
/*!40000 ALTER TABLE `route_link` DISABLE KEYS */;
INSERT INTO `route_link` VALUES (1,'ROUTE_1',6,19),(2,'ROUTE_2',6,19),(3,'ROUTE_AL_1',6,19),(4,'ROUTE_AL_2',6,19),(5,'ROUTE_AL_3',6,19),(6,'ROUTE_AL_4',6,19),(7,'ROUTE_OTE_1',6,19),(8,'ROUTE_OTE_2',6,19),(9,'ROUTE_OTE_3',6,19),(10,'ROUTE_OTE_4',6,19),(11,'ROUTE_OTE_5',6,19),(12,'ROUTE_OTE_6',6,19),(13,'ROUTE_OTE_7',6,19),(14,'ROUTE_OTE_8',6,19),(15,'ROUTE_OTE_9',6,19),(16,'ROUTE_OTE_10',6,19),(17,'ROUTE_OTE_11',6,19),(18,'ROUTE_OTE_12',6,19),(19,'ROUTE_OTE_13',6,19),(20,'ROUTE_TIM_1',6,19),(21,'ROUTE_TIM_2',6,19),(22,'ROUTE_TIM_3',6,19),(23,'ROUTE_TIM_4',6,19),(24,'ROUTE_ORO_1',6,19),(25,'ROUTE_ORO_2',6,19),(26,'ROUTE_ORO_3',6,19),(27,'ROUTE_ORO_4',6,19),(28,'ROUTE_BT_1',6,19),(29,'ROUTE_BT_2',6,19),(30,'ROUTE_BT_3',6,19),(31,'ROUTE_BT_4',6,19),(32,'ROUTE_BT_6',6,19),(33,'ROUTE_BT_5',6,19),(34,'ROUTE_RTV_1',6,19),(35,'ROUTE_RTV_2',6,19);
/*!40000 ALTER TABLE `route_link` ENABLE KEYS */;
UNLOCK TABLES;

--
-- Table structure for table `routing_table`
--

DROP TABLE IF EXISTS `routing_table`;
/*!40101 SET @saved_cs_client     = @@character_set_client */;
/*!50503 SET character_set_client = utf8mb4 */;
CREATE TABLE `routing_table` (
  `id_route` int NOT NULL AUTO_INCREMENT,
  `id_routing` int DEFAULT NULL,
  `id_project` int NOT NULL DEFAULT '0',
  `name_res` varchar(50) NOT NULL DEFAULT '0',
  `res_index` int NOT NULL DEFAULT '0',
  `out_port` int NOT NULL DEFAULT '0',
  PRIMARY KEY (`id_route`),
  KEY `id_routing` (`id_routing`),
  KEY `name_res` (`name_res`)
) ENGINE=InnoDB AUTO_INCREMENT=72 DEFAULT CHARSET=utf8mb4 COLLATE=utf8mb4_0900_ai_ci ROW_FORMAT=DYNAMIC;
/*!40101 SET character_set_client = @saved_cs_client */;

--
-- Dumping data for table `routing_table`
--

LOCK TABLES `routing_table` WRITE;
/*!40000 ALTER TABLE `routing_table` DISABLE KEYS */;
INSERT INTO `routing_table` VALUES (1,2,6,'TLC_SERVICE',1,7),(2,1,6,'TLC_SERVICE',5,9),(3,1,6,'TLC_SERVICE',7,9),(4,1,6,'TLC_SERVICE',1,9),(5,1,6,'TLC_SERVICE',1,9),(6,22,6,'TLC_SERVICE',12,2),(7,22,6,'TLC_SERVICE',13,2),(8,22,6,'TLC_SERVICE',14,2),(9,22,6,'TLC_SERVICE',15,2),(10,23,6,'TLC_SERVICE',9,2),(11,23,6,'TLC_SERVICE',14,2),(12,23,6,'TLC_SERVICE',15,2),(13,23,6,'TLC_SERVICE',5,2),(14,20,6,'TLC_SERVICE',5,1),(15,20,6,'TLC_SERVICE',5,3),(16,21,6,'TLC_SERVICE',5,3),(17,23,6,'TLC_SERVICE',12,2),(18,23,6,'TLC_SERVICE',13,2),(19,21,6,'TLC_SERVICE',9,1),(20,20,6,'TLC_SERVICE',9,2),(22,22,6,'TLC_SERVICE',5,2),(23,22,6,'TLC_SERVICE',9,2),(24,24,6,'TLC_SERVICE',5,1),(25,24,6,'TLC_SERVICE',7,1),(26,25,6,'TLC_SERVICE',5,3),(27,25,6,'TLC_SERVICE',7,3),(28,26,6,'TLC_SERVICE',5,2),(29,26,6,'TLC_SERVICE',7,2),(30,27,6,'TLC_SERVICE',5,1),(31,27,6,'TLC_SERVICE',7,2),(32,27,6,'TLC_SERVICE',5,2),(33,27,6,'TLC_SERVICE',7,1),(34,27,6,'TLC_SERVICE',12,3),(35,27,6,'TLC_SERVICE',13,3),(36,26,6,'TLC_SERVICE',12,2),(37,26,6,'TLC_SERVICE',13,2),(39,3,6,'TLC_SERVICE',7,4),(40,5,6,'TLC_SERVICE',8,2),(41,5,6,'TLC_SERVICE',7,2),(42,3,6,'TLC_SERVICE',7,1),(43,3,6,'TLC_SERVICE',7,2),(44,4,6,'TLC_SERVICE',7,2),(45,4,6,'TLC_SERVICE',7,3),(46,4,6,'TLC_SERVICE',7,4),(47,4,6,'TLC_SERVICE',8,4),(48,6,6,'TLC_SERVICE',7,2),(49,6,6,'TLC_SERVICE',8,2),(50,28,6,'TLC_SERVICE',10,2),(51,28,6,'TLC_SERVICE',11,2),(52,32,6,'TLC_SERVICE',11,2),(53,30,6,'TLC_SERVICE',10,1),(54,30,6,'TLC_SERVICE',10,2),(55,30,6,'TLC_SERVICE',10,3),(56,31,6,'TLC_SERVICE',10,3),(57,31,6,'TLC_SERVICE',10,2),(58,32,6,'TLC_SERVICE',10,3),(59,32,6,'TLC_SERVICE',10,2),(60,32,6,'TLC_SERVICE',10,4),(61,33,6,'TLC_SERVICE',10,2),(62,33,6,'TLC_SERVICE',11,2),(63,30,6,'TLC_SERVICE',11,1),(64,28,6,'TLC_SERVICE',10,1),(65,32,6,'TLC_SERVICE',10,4),(66,35,6,'TLC_SERVICE',19,1),(67,34,6,'TLC_SERVICE',19,2),(68,9,6,'TLC_SERVICE',7,1),(69,7,6,'TLC_SERVICE',7,5),(70,7,6,'TLC_SERVICE',7,4),(71,9,6,'TLC_SERVICE',10,3);
/*!40000 ALTER TABLE `routing_table` ENABLE KEYS */;
UNLOCK TABLES;

--
-- Table structure for table `run`
--

DROP TABLE IF EXISTS `run`;
/*!40101 SET @saved_cs_client     = @@character_set_client */;
/*!50503 SET character_set_client = utf8mb4 */;
CREATE TABLE `run` (
  `id_run` int NOT NULL AUTO_INCREMENT,
  `currDate` datetime DEFAULT NULL,
  `milliseconds` int DEFAULT NULL,
  `model` varchar(50) DEFAULT NULL,
  `end_of_run` int DEFAULT '0',
  PRIMARY KEY (`id_run`),
  KEY `currDate` (`currDate`)
) ENGINE=InnoDB DEFAULT CHARSET=latin2;
/*!40101 SET character_set_client = @saved_cs_client */;

--
-- Dumping data for table `run`
--

LOCK TABLES `run` WRITE;
/*!40000 ALTER TABLE `run` DISABLE KEYS */;
/*!40000 ALTER TABLE `run` ENABLE KEYS */;
UNLOCK TABLES;

--
-- Table structure for table `run_output`
--

DROP TABLE IF EXISTS `run_output`;
/*!40101 SET @saved_cs_client     = @@character_set_client */;
/*!50503 SET character_set_client = utf8mb4 */;
CREATE TABLE `run_output` (
  `id_output` int NOT NULL AUTO_INCREMENT,
  `id_run` int NOT NULL DEFAULT '0',
  `sim_time` int DEFAULT NULL,
  `name_entity` varchar(30) DEFAULT NULL,
  `name_var` varchar(50) DEFAULT NULL,
  `val_type` varchar(30) DEFAULT NULL,
  `val_status` varchar(500) DEFAULT NULL,
  PRIMARY KEY (`id_output`)
) ENGINE=InnoDB DEFAULT CHARSET=latin1;
/*!40101 SET character_set_client = @saved_cs_client */;

--
-- Dumping data for table `run_output`
--

LOCK TABLES `run_output` WRITE;
/*!40000 ALTER TABLE `run_output` DISABLE KEYS */;
/*!40000 ALTER TABLE `run_output` ENABLE KEYS */;
UNLOCK TABLES;

--
-- Table structure for table `runtime_flags`
--

DROP TABLE IF EXISTS `runtime_flags`;
/*!40101 SET @saved_cs_client     = @@character_set_client */;
/*!50503 SET character_set_client = utf8mb4 */;
CREATE TABLE `runtime_flags` (
  `id` int NOT NULL AUTO_INCREMENT,
  `flag_name` varchar(50) CHARACTER SET latin1 COLLATE latin1_swedish_ci NOT NULL,
  `value` varchar(50) CHARACTER SET latin1 COLLATE latin1_swedish_ci NOT NULL,
  `type` varchar(10) CHARACTER SET latin1 COLLATE latin1_swedish_ci NOT NULL,
  PRIMARY KEY (`id`)
) ENGINE=InnoDB AUTO_INCREMENT=6 DEFAULT CHARSET=latin1 COLLATE=latin1_general_ci;
/*!40101 SET character_set_client = @saved_cs_client */;

--
-- Dumping data for table `runtime_flags`
--

LOCK TABLES `runtime_flags` WRITE;
/*!40000 ALTER TABLE `runtime_flags` DISABLE KEYS */;
INSERT INTO `runtime_flags` VALUES (1,'active_model','Facies2022b.slx','string'),(2,'run_requested','false','logical'),(3,'running','false','logical'),(4,'model_change','false','logical'),(5,'reset_model','false','logical');
/*!40000 ALTER TABLE `runtime_flags` ENABLE KEYS */;
UNLOCK TABLES;

--
-- Table structure for table `save2db`
--

DROP TABLE IF EXISTS `save2db`;
/*!40101 SET @saved_cs_client     = @@character_set_client */;
/*!50503 SET character_set_client = utf8mb4 */;
CREATE TABLE `save2db` (
  `id_save2db` int NOT NULL AUTO_INCREMENT,
  `save_name` varchar(50) NOT NULL DEFAULT '0',
  `id_res` int NOT NULL DEFAULT '0',
  `id_project` int NOT NULL DEFAULT '0',
  PRIMARY KEY (`id_save2db`)
) ENGINE=InnoDB AUTO_INCREMENT=25 DEFAULT CHARSET=utf8mb4 COLLATE=utf8mb4_0900_ai_ci;
/*!40101 SET character_set_client = @saved_cs_client */;

--
-- Dumping data for table `save2db`
--

LOCK TABLES `save2db` WRITE;
/*!40000 ALTER TABLE `save2db` DISABLE KEYS */;
INSERT INTO `save2db` VALUES (1,'SAVE_1',28,6),(2,'SAVE_2',33,6),(3,'SAVE_3',27,6),(4,'SAVE_4',34,6),(5,'SAVE_5',35,6),(6,'SAVE_6',36,6),(7,'SAVE_7',37,6),(8,'SAVE_8',40,6),(9,'SAVE_9',56,6),(10,'SAVE_10',57,6),(11,'SAVE_11',66,6),(12,'SAVE_12',57,6),(13,'SAVE_13',54,6),(14,'SAVE_14',49,6),(15,'SAVE_15',48,6),(16,'SAVE_16',71,6),(17,'SAVE_17',70,6),(18,'SAVE_18',72,6),(19,'SAVE_19',62,6),(20,'SAVE_20',82,6),(21,'SAVE_21',83,6),(22,'SAVE_22',89,6),(23,'SAVE_23',46,6),(24,'SAVE_OIL',93,6);
/*!40000 ALTER TABLE `save2db` ENABLE KEYS */;
UNLOCK TABLES;

--
-- Table structure for table `status`
--

DROP TABLE IF EXISTS `status`;
/*!40101 SET @saved_cs_client     = @@character_set_client */;
/*!50503 SET character_set_client = utf8mb4 */;
CREATE TABLE `status` (
  `id_entity` int NOT NULL,
  `id_var` int NOT NULL,
  `val_type` varchar(30) CHARACTER SET latin1 COLLATE latin1_swedish_ci NOT NULL DEFAULT 'NUMERIC',
  `val_status` varchar(60) CHARACTER SET latin1 COLLATE latin1_swedish_ci NOT NULL,
  `id_project` int DEFAULT NULL,
  KEY `FK_status_entity` (`id_entity`),
  KEY `FK_status_variables` (`id_var`)
) ENGINE=InnoDB DEFAULT CHARSET=latin1 COLLATE=latin1_general_ci;
/*!40101 SET character_set_client = @saved_cs_client */;

--
-- Dumping data for table `status`
--

LOCK TABLES `status` WRITE;
/*!40000 ALTER TABLE `status` DISABLE KEYS */;
INSERT INTO `status` VALUES (1,1,'NUMERIC','1',6),(2,1,'NUMERIC','1',6),(3,1,'NUMERIC','1',6),(4,1,'NUMERIC','1',6),(5,1,'NUMERIC','1',6),(6,1,'NUMERIC','1',6),(7,1,'NUMERIC','1',6),(8,1,'NUMERIC','1',6),(9,1,'NUMERIC','1',6),(10,1,'NUMERIC','1',6),(11,1,'NUMERIC','1',6),(12,1,'NUMERIC','1',6),(13,1,'NUMERIC','1',6),(14,1,'NUMERIC','1',6),(15,1,'NUMERIC','1',6),(16,1,'NUMERIC','1',6),(17,1,'NUMERIC','1',6),(18,1,'NUMERIC','1',6),(19,1,'NUMERIC','1',6),(20,1,'NUMERIC','1',6),(21,1,'NUMERIC','1',6),(22,1,'NUMERIC','1',6),(23,1,'NUMERIC','1',6),(24,1,'NUMERIC','1',6),(25,1,'NUMERIC','1',6),(26,1,'NUMERIC','1',6),(27,1,'NUMERIC','1',6),(28,1,'NUMERIC','1',6),(29,1,'NUMERIC','1',6),(30,1,'NUMERIC','1',6),(31,1,'NUMERIC','1',6),(32,1,'NUMERIC','1',6),(33,1,'NUMERIC','1',6),(34,1,'NUMERIC','1',6),(35,1,'NUMERIC','1',6),(26,2,'NUMERIC_ARRAY','',6),(27,2,'NUMERIC_ARRAY','',6),(26,3,'STRING','',6),(27,3,'STRING','',6),(34,2,'NUMERIC_ARRAY','',6),(35,2,'NUMERIC_ARRAY','',6),(34,3,'STRING','',6),(35,3,'STRING','',6),(36,1,'NUMERIC','1',6),(37,1,'NUMERIC','1',6),(38,1,'NUMERIC','1',6),(39,1,'NUMERIC','1',6),(40,1,'NUMERIC','1',6),(41,1,'NUMERIC','1',6),(42,1,'NUMERIC','1',6),(43,1,'NUMERIC','1',6),(44,1,'NUMERIC','1',6),(45,1,'NUMERIC','1',6),(27,4,'NUMERIC_ARRAY','',6),(32,4,'NUMERIC_ARRAY','',6),(34,4,'NUMERIC_ARRAY','',6),(5,4,'NUMERIC_ARRAY','',6),(6,4,'NUMERIC_ARRAY','',6),(7,4,'NUMERIC_ARRAY','',6),(3,4,'NUMERIC_ARRAY','',6),(24,4,'NUMERIC_ARRAY','',6),(23,4,'NUMERIC_ARRAY','',6),(22,4,'NUMERIC_ARRAY','',6),(21,4,'NUMERIC_ARRAY','',6),(20,4,'NUMERIC_ARRAY','',6),(19,4,'NUMERIC_ARRAY','',6),(17,4,'NUMERIC_ARRAY','',6),(16,4,'NUMERIC_ARRAY','',6),(15,4,'NUMERIC_ARRAY','',6),(14,4,'NUMERIC_ARRAY','',6),(13,4,'NUMERIC_ARRAY','',6),(12,4,'NUMERIC_ARRAY','',6),(11,4,'NUMERIC_ARRAY','',6),(2,4,'NUMERIC_ARRAY','',6),(1,4,'NUMERIC_ARRAY','',6),(26,5,'NUMERIC','',6),(27,5,'NUMERIC','',6),(26,6,'NUMERIC','',6),(27,6,'NUMERIC','',6),(26,8,'NUMERIC','',6),(27,8,'NUMERIC','',6),(26,7,'NUMERIC','',6),(27,7,'NUMERIC','',6),(5,5,'NUMERIC','',6),(6,5,'NUMERIC','',6),(7,5,'NUMERIC','',6),(8,5,'NUMERIC','',6),(9,5,'NUMERIC','',6),(10,5,'NUMERIC','',6),(5,6,'NUMERIC','',6),(6,6,'NUMERIC','',6),(7,6,'NUMERIC','',6),(8,6,'NUMERIC','',6),(9,6,'NUMERIC','',6),(10,6,'NUMERIC','',6),(5,7,'NUMERIC','',6),(6,7,'NUMERIC','',6),(7,7,'NUMERIC','',6),(8,7,'NUMERIC','',6),(9,7,'NUMERIC','',6),(10,7,'NUMERIC','',6),(34,5,'NUMERIC','',6),(35,5,'NUMERIC','',6),(34,6,'NUMERIC','',6),(35,6,'NUMERIC','',6),(34,8,'NUMERIC','',6),(35,8,'NUMERIC','',6),(34,7,'NUMERIC','',6),(35,7,'NUMERIC','',6),(32,5,'NUMERIC','',6),(33,5,'NUMERIC','',6),(32,6,'NUMERIC','',6),(33,6,'NUMERIC','',6),(32,8,'NUMERIC','',6),(33,8,'NUMERIC','',6),(32,7,'NUMERIC','',6),(33,7,'NUMERIC','',6),(3,5,'NUMERIC','',6),(4,5,'NUMERIC','',6),(3,6,'NUMERIC','',6),(4,6,'NUMERIC','',6),(3,8,'NUMERIC','',6),(4,8,'NUMERIC','',6),(3,7,'NUMERIC','',6),(4,7,'NUMERIC','',6),(47,16,'NUMERIC','',6),(47,1,'NUMERIC','1',6),(1,5,'NUMERIC','',6),(2,5,'NUMERIC','',6),(11,5,'NUMERIC','',6),(12,5,'NUMERIC','',6),(13,5,'NUMERIC','',6),(14,5,'NUMERIC','',6),(15,5,'NUMERIC','',6),(16,5,'NUMERIC','',6),(17,5,'NUMERIC','',6),(18,5,'NUMERIC','',6),(19,5,'NUMERIC','',6),(20,5,'NUMERIC','',6),(21,5,'NUMERIC','',6),(22,5,'NUMERIC','',6),(23,5,'NUMERIC','',6),(24,5,'NUMERIC','',6),(28,5,'NUMERIC','',6),(29,5,'NUMERIC','',6),(30,5,'NUMERIC','',6),(31,5,'NUMERIC','',6),(36,5,'NUMERIC','',6),(37,5,'NUMERIC','',6),(38,5,'NUMERIC','',6),(39,5,'NUMERIC','',6),(40,5,'NUMERIC','',6),(41,5,'NUMERIC','',6),(42,5,'NUMERIC','',6),(43,5,'NUMERIC','',6),(44,5,'NUMERIC','',6),(45,5,'NUMERIC','',6),(1,6,'NUMERIC','',6),(2,6,'NUMERIC','',6),(11,6,'NUMERIC','',6),(12,6,'NUMERIC','',6),(13,6,'NUMERIC','',6),(14,6,'NUMERIC','',6),(15,6,'NUMERIC','',6),(16,6,'NUMERIC','',6),(17,6,'NUMERIC','',6),(18,6,'NUMERIC','',6),(19,6,'NUMERIC','',6),(20,6,'NUMERIC','',6),(21,6,'NUMERIC','',6),(22,6,'NUMERIC','',6),(23,6,'NUMERIC','',6),(24,6,'NUMERIC','',6),(28,6,'NUMERIC','',6),(29,6,'NUMERIC','',6),(30,6,'NUMERIC','',6),(31,6,'NUMERIC','',6),(36,6,'NUMERIC','',6),(37,6,'NUMERIC','',6),(38,6,'NUMERIC','',6),(39,6,'NUMERIC','',6),(40,6,'NUMERIC','',6),(41,6,'NUMERIC','',6),(42,6,'NUMERIC','',6),(43,6,'NUMERIC','',6),(44,6,'NUMERIC','',6),(45,6,'NUMERIC','',6),(1,8,'NUMERIC','',6),(2,8,'NUMERIC','',6),(11,8,'NUMERIC','',6),(12,8,'NUMERIC','',6),(13,8,'NUMERIC','',6),(14,8,'NUMERIC','',6),(15,8,'NUMERIC','',6),(16,8,'NUMERIC','',6),(17,8,'NUMERIC','',6),(18,8,'NUMERIC','',6),(19,8,'NUMERIC','',6),(20,8,'NUMERIC','',6),(21,8,'NUMERIC','',6),(22,8,'NUMERIC','',6),(23,8,'NUMERIC','',6),(24,8,'NUMERIC','',6),(28,8,'NUMERIC','',6),(29,8,'NUMERIC','',6),(30,8,'NUMERIC','',6),(31,8,'NUMERIC','',6),(36,8,'NUMERIC','',6),(37,8,'NUMERIC','',6),(38,8,'NUMERIC','',6),(39,8,'NUMERIC','',6),(40,8,'NUMERIC','',6),(41,8,'NUMERIC','',6),(42,8,'NUMERIC','',6),(43,8,'NUMERIC','',6),(44,8,'NUMERIC','',6),(45,8,'NUMERIC','',6),(1,7,'NUMERIC','',6),(2,7,'NUMERIC','',6),(11,7,'NUMERIC','',6),(12,7,'NUMERIC','',6),(13,7,'NUMERIC','',6),(14,7,'NUMERIC','',6),(15,7,'NUMERIC','',6),(16,7,'NUMERIC','',6),(17,7,'NUMERIC','',6),(18,7,'NUMERIC','',6),(19,7,'NUMERIC','',6),(20,7,'NUMERIC','',6),(21,7,'NUMERIC','',6),(22,7,'NUMERIC','',6),(23,7,'NUMERIC','',6),(24,7,'NUMERIC','',6),(28,7,'NUMERIC','',6),(29,7,'NUMERIC','',6),(30,7,'NUMERIC','',6),(31,7,'NUMERIC','',6),(36,7,'NUMERIC','',6),(37,7,'NUMERIC','',6),(38,7,'NUMERIC','',6),(39,7,'NUMERIC','',6),(40,7,'NUMERIC','',6),(41,7,'NUMERIC','',6),(42,7,'NUMERIC','',6),(43,7,'NUMERIC','',6),(44,7,'NUMERIC','',6),(45,7,'NUMERIC','',6),(5,2,'NUMERIC_ARRAY','',6),(6,2,'NUMERIC_ARRAY','',6),(7,2,'NUMERIC_ARRAY','',6),(8,2,'NUMERIC_ARRAY','',6),(9,2,'NUMERIC_ARRAY','',6),(10,2,'NUMERIC_ARRAY','',6),(32,2,'NUMERIC_ARRAY','',6),(33,2,'NUMERIC_ARRAY','',6),(3,2,'NUMERIC_ARRAY','',6),(4,2,'NUMERIC_ARRAY','',6),(25,2,'NUMERIC_ARRAY','',6),(1,2,'NUMERIC_ARRAY','',6),(2,2,'NUMERIC_ARRAY','',6),(11,2,'NUMERIC_ARRAY','',6),(12,2,'NUMERIC_ARRAY','',6),(13,2,'NUMERIC_ARRAY','',6),(14,2,'NUMERIC_ARRAY','',6),(15,2,'NUMERIC_ARRAY','',6),(16,2,'NUMERIC_ARRAY','',6),(17,2,'NUMERIC_ARRAY','',6),(18,2,'NUMERIC_ARRAY','',6),(19,2,'NUMERIC_ARRAY','',6),(20,2,'NUMERIC_ARRAY','',6),(21,2,'NUMERIC_ARRAY','',6),(22,2,'NUMERIC_ARRAY','',6),(23,2,'NUMERIC_ARRAY','',6),(24,2,'NUMERIC_ARRAY','',6),(28,2,'NUMERIC_ARRAY','',6),(29,2,'NUMERIC_ARRAY','',6),(30,2,'NUMERIC_ARRAY','',6),(31,2,'NUMERIC_ARRAY','',6),(36,2,'NUMERIC_ARRAY','',6),(37,2,'NUMERIC_ARRAY','',6),(38,2,'NUMERIC_ARRAY','',6),(39,2,'NUMERIC_ARRAY','',6),(40,2,'NUMERIC_ARRAY','',6),(41,2,'NUMERIC_ARRAY','',6),(42,2,'NUMERIC_ARRAY','',6),(43,2,'NUMERIC_ARRAY','',6),(44,2,'NUMERIC_ARRAY','',6),(45,2,'NUMERIC_ARRAY','',6),(1,9,'NUMERIC_ARRAY','',6),(2,9,'NUMERIC_ARRAY','',6),(11,9,'NUMERIC_ARRAY','',6),(12,9,'NUMERIC_ARRAY','',6),(13,9,'NUMERIC_ARRAY','',6),(14,9,'NUMERIC_ARRAY','',6),(15,9,'NUMERIC_ARRAY','',6),(16,9,'NUMERIC_ARRAY','',6),(17,9,'NUMERIC_ARRAY','',6),(18,9,'NUMERIC_ARRAY','',6),(19,9,'NUMERIC_ARRAY','',6),(20,9,'NUMERIC_ARRAY','',6),(21,9,'NUMERIC_ARRAY','',6),(22,9,'NUMERIC_ARRAY','',6),(23,9,'NUMERIC_ARRAY','',6),(24,9,'NUMERIC_ARRAY','',6),(28,9,'NUMERIC_ARRAY','',6),(29,9,'NUMERIC_ARRAY','',6),(30,9,'NUMERIC_ARRAY','',6),(31,9,'NUMERIC_ARRAY','',6),(36,9,'NUMERIC_ARRAY','',6),(37,9,'NUMERIC_ARRAY','',6),(38,9,'NUMERIC_ARRAY','',6),(39,9,'NUMERIC_ARRAY','',6),(40,9,'NUMERIC_ARRAY','',6),(41,9,'NUMERIC_ARRAY','',6),(42,9,'NUMERIC_ARRAY','',6),(43,9,'NUMERIC_ARRAY','',6),(44,9,'NUMERIC_ARRAY','',6),(45,9,'NUMERIC_ARRAY','',6),(18,4,'NUMERIC_ARRAY','',6),(28,4,'NUMERIC_ARRAY','',6),(29,4,'NUMERIC_ARRAY','',6),(30,4,'NUMERIC_ARRAY','',6),(31,4,'NUMERIC_ARRAY','',6),(36,4,'NUMERIC_ARRAY','',6),(37,4,'NUMERIC_ARRAY','',6),(38,4,'NUMERIC_ARRAY','',6),(39,4,'NUMERIC_ARRAY','',6),(40,4,'NUMERIC_ARRAY','',6),(41,4,'NUMERIC_ARRAY','',6),(42,4,'NUMERIC_ARRAY','',6),(43,4,'NUMERIC_ARRAY','',6),(44,4,'NUMERIC_ARRAY','',6),(45,4,'NUMERIC_ARRAY','',6),(26,4,'NUMERIC_ARRAY','',6),(33,4,'NUMERIC_ARRAY','',6),(35,4,'NUMERIC_ARRAY','',6),(4,4,'NUMERIC_ARRAY','',6),(3,9,'NUMERIC_ARRAY','',6),(4,9,'NUMERIC_ARRAY','',6),(26,9,'NUMERIC_ARRAY','',6),(27,9,'NUMERIC_ARRAY','',6),(8,4,'NUMERIC_ARRAY','',6),(9,4,'NUMERIC_ARRAY','',6),(10,4,'NUMERIC_ARRAY','',6),(5,9,'NUMERIC_ARRAY','',6),(6,9,'NUMERIC_ARRAY','',6),(7,9,'NUMERIC_ARRAY','',6),(8,9,'NUMERIC_ARRAY','',6),(9,9,'NUMERIC_ARRAY','',6),(10,9,'NUMERIC_ARRAY','',6),(26,14,'NUMERIC','',6),(25,4,'NUMERIC_ARRAY','',6),(27,15,'NUMERIC','',6),(34,15,'NUMERIC','',6),(35,14,'NUMERIC','',6),(46,1,'NUMERIC','1',6),(34,14,'NUMERIC','',6),(46,16,'NUMERIC','',6),(7,15,'NUMERIC','',6),(6,15,'NUMERIC','',6),(5,15,'NUMERIC','',6),(10,14,'NUMERIC','',6),(9,14,'NUMERIC','',6),(8,14,'NUMERIC','',6),(7,14,'NUMERIC','',6),(6,14,'NUMERIC','',6),(5,14,'NUMERIC','',6),(4,15,'NUMERIC','',6),(3,15,'NUMERIC','',6),(4,14,'NUMERIC','',6),(3,14,'NUMERIC','',6),(33,15,'NUMERIC','',6),(32,15,'NUMERIC','',6),(33,14,'NUMERIC','',6),(32,14,'NUMERIC','',6),(35,15,'NUMERIC','',6),(25,9,'NUMERIC_ARRAY','',6),(27,14,'NUMERIC','',6),(33,9,'NUMERIC_ARRAY','',6),(32,9,'NUMERIC_ARRAY','',6),(26,15,'NUMERIC','',6),(35,9,'NUMERIC_ARRAY','',6),(34,9,'NUMERIC_ARRAY','',6),(50,4,'NUMERIC_ARRAY','',6),(49,9,'NUMERIC_ARRAY','',6),(49,2,'NUMERIC_ARRAY','',6),(49,7,'NUMERIC','',6),(49,8,'NUMERIC','',6),(49,6,'NUMERIC','',6),(49,5,'NUMERIC','',6),(49,4,'NUMERIC_ARRAY','',6),(49,1,'NUMERIC','1',6),(48,14,'NUMERIC','',6),(48,5,'NUMERIC','',6),(48,6,'NUMERIC','',6),(48,8,'NUMERIC','',6),(48,7,'NUMERIC','',6),(48,15,'NUMERIC','',6),(48,9,'NUMERIC_ARRAY','',6),(48,4,'NUMERIC_ARRAY','',6),(48,2,'NUMERIC_ARRAY','',6),(50,1,'NUMERIC','1',6),(48,1,'NUMERIC','1',6),(25,15,'NUMERIC','',6),(25,7,'NUMERIC','',6),(25,8,'NUMERIC','',6),(25,6,'NUMERIC','',6),(25,5,'NUMERIC','',6),(25,14,'NUMERIC','',6),(10,15,'NUMERIC','',6),(9,15,'NUMERIC','',6),(8,15,'NUMERIC','',6),(18,15,'NUMERIC','',6),(17,15,'NUMERIC','',6),(16,15,'NUMERIC','',6),(15,15,'NUMERIC','',6),(14,15,'NUMERIC','',6),(13,15,'NUMERIC','',6),(12,15,'NUMERIC','',6),(11,15,'NUMERIC','',6),(2,15,'NUMERIC','',6),(1,15,'NUMERIC','',6),(53,1,'NUMERIC','1',6),(52,20,'NUMERIC','',6),(51,20,'NUMERIC','',6),(52,16,'NUMERIC','',6),(51,16,'NUMERIC','',6),(52,18,'NUMERIC','',6),(51,18,'NUMERIC','',6),(52,19,'NUMERIC','',6),(51,19,'NUMERIC','',6),(52,17,'NUMERIC','',6),(51,17,'NUMERIC','',6),(52,1,'NUMERIC','1',6),(51,1,'NUMERIC','1',6),(50,9,'NUMERIC_ARRAY','',6),(50,2,'NUMERIC_ARRAY','',6),(50,7,'NUMERIC','',6),(50,8,'NUMERIC','',6),(50,6,'NUMERIC','',6),(50,5,'NUMERIC','',6),(19,15,'NUMERIC','',6),(20,15,'NUMERIC','',6),(21,15,'NUMERIC','',6),(22,15,'NUMERIC','',6),(23,15,'NUMERIC','',6),(24,15,'NUMERIC','',6),(28,15,'NUMERIC','',6),(29,15,'NUMERIC','',6),(30,15,'NUMERIC','',6),(31,15,'NUMERIC','',6),(36,15,'NUMERIC','',6),(37,15,'NUMERIC','',6),(38,15,'NUMERIC','',6),(39,15,'NUMERIC','',6),(40,15,'NUMERIC','',6),(41,15,'NUMERIC','',6),(42,15,'NUMERIC','',6),(43,15,'NUMERIC','',6),(44,15,'NUMERIC','',6),(45,15,'NUMERIC','',6),(50,15,'NUMERIC','',6),(49,15,'NUMERIC','',6),(5,21,'NUMERIC','',6),(6,21,'NUMERIC','',6),(7,21,'NUMERIC','',6),(8,21,'NUMERIC','',6),(9,21,'NUMERIC','',6),(10,21,'NUMERIC','',6),(3,22,'NUMERIC','',6),(4,22,'NUMERIC','',6),(5,22,'NUMERIC','',6),(6,22,'NUMERIC','',6),(7,22,'NUMERIC','',6),(8,22,'NUMERIC','',6),(9,22,'NUMERIC','',6),(10,22,'NUMERIC','',6),(26,22,'NUMERIC','',6),(27,22,'NUMERIC','',6),(32,22,'NUMERIC','',6),(33,22,'NUMERIC','',6),(34,22,'NUMERIC','',6),(35,22,'NUMERIC','',6),(25,22,'NUMERIC','',6),(5,3,'STRING','',6),(6,3,'STRING','',6),(7,3,'STRING','',6),(8,3,'STRING','',6),(9,3,'STRING','',6),(10,3,'STRING','',6),(54,1,'NUMERIC','1',6),(55,1,'NUMERIC','1',6),(56,1,'NUMERIC','1',6),(32,23,'NUMERIC_ARRAY','',6),(33,23,'NUMERIC_ARRAY','',6),(32,25,'NUMERIC','',6),(33,25,'NUMERIC','',6),(32,24,'NUMERIC','',6),(33,24,'NUMERIC','',6),(25,23,'NUMERIC_ARRAY','',6),(25,24,'NUMERIC','',6),(25,25,'NUMERIC','',6),(57,1,'NUMERIC','1',6),(57,2,'NUMERIC_ARRAY','',6),(57,4,'NUMERIC_ARRAY','',6),(57,9,'NUMERIC_ARRAY','',6),(57,15,'NUMERIC','',6),(57,7,'NUMERIC','',6),(57,8,'NUMERIC','',6),(57,6,'NUMERIC','',6),(57,5,'NUMERIC','',6),(57,14,'NUMERIC','',6),(57,22,'NUMERIC','',6),(57,23,'NUMERIC_ARRAY','',6),(57,24,'NUMERIC','',6),(57,25,'NUMERIC','',6),(58,1,'NUMERIC','1',6),(59,1,'NUMERIC','1',6),(60,1,'NUMERIC','1',6),(61,1,'NUMERIC','1',6),(62,1,'NUMERIC','1',6),(62,4,'NUMERIC_ARRAY','',6),(62,5,'NUMERIC','',6),(62,6,'NUMERIC','',6),(62,7,'NUMERIC','',6),(62,2,'NUMERIC_ARRAY','',6),(62,9,'NUMERIC_ARRAY','',6),(62,15,'NUMERIC','',6),(62,14,'NUMERIC','',6),(62,21,'NUMERIC','',6),(62,22,'NUMERIC','',6),(62,3,'STRING','',6),(63,1,'NUMERIC','1',6),(64,1,'NUMERIC','1',6),(65,1,'NUMERIC','1',6),(66,1,'NUMERIC','1',6),(67,1,'NUMERIC','1',6),(68,1,'NUMERIC','1',6),(69,1,'NUMERIC','1',6),(70,1,'NUMERIC','1',6),(71,1,'NUMERIC','1',6),(72,1,'NUMERIC','1',6),(73,1,'NUMERIC','1',6),(74,1,'NUMERIC','1',6),(75,1,'NUMERIC','1',6),(76,1,'NUMERIC','1',6),(77,1,'NUMERIC','1',6),(78,1,'NUMERIC','1',6),(79,1,'NUMERIC','1',6),(80,1,'NUMERIC','1',6),(82,1,'NUMERIC','1',6),(81,1,'NUMERIC','1',6),(83,1,'NUMERIC','1',6),(83,2,'NUMERIC_ARRAY','',6),(83,3,'STRING','',6),(83,5,'NUMERIC','',6),(83,6,'NUMERIC','',6),(83,8,'NUMERIC','',6),(83,7,'NUMERIC','',6),(83,4,'NUMERIC_ARRAY','',6),(83,9,'NUMERIC_ARRAY','',6),(83,14,'NUMERIC','',6),(83,15,'NUMERIC','',6),(83,22,'NUMERIC','',6),(84,1,'NUMERIC','1',6),(84,2,'NUMERIC_ARRAY','',6),(84,3,'STRING','',6),(84,5,'NUMERIC','',6),(84,6,'NUMERIC','',6),(84,8,'NUMERIC','',6),(84,7,'NUMERIC','',6),(84,4,'NUMERIC_ARRAY','',6),(84,9,'NUMERIC_ARRAY','',6),(84,14,'NUMERIC','',6),(84,15,'NUMERIC','',6),(84,22,'NUMERIC','',6),(85,1,'NUMERIC','1',6),(85,4,'NUMERIC_ARRAY','',6),(85,5,'NUMERIC','',6),(85,6,'NUMERIC','',6),(85,7,'NUMERIC','',6),(85,2,'NUMERIC_ARRAY','',6),(85,9,'NUMERIC_ARRAY','',6),(85,15,'NUMERIC','',6),(85,14,'NUMERIC','',6),(85,21,'NUMERIC','',6),(85,22,'NUMERIC','',6),(85,3,'STRING','',6),(86,1,'NUMERIC','1',6),(86,4,'NUMERIC_ARRAY','',6),(86,5,'NUMERIC','',6),(86,6,'NUMERIC','',6),(86,7,'NUMERIC','',6),(86,2,'NUMERIC_ARRAY','',6),(86,9,'NUMERIC_ARRAY','',6),(86,15,'NUMERIC','',6),(86,14,'NUMERIC','',6),(86,21,'NUMERIC','',6),(86,22,'NUMERIC','',6),(86,3,'STRING','',6),(87,1,'NUMERIC','1',6),(87,4,'NUMERIC_ARRAY','',6),(87,5,'NUMERIC','',6),(87,6,'NUMERIC','',6),(87,7,'NUMERIC','',6),(87,2,'NUMERIC_ARRAY','',6),(87,9,'NUMERIC_ARRAY','',6),(87,15,'NUMERIC','',6),(87,14,'NUMERIC','',6),(87,21,'NUMERIC','',6),(87,22,'NUMERIC','',6),(87,3,'STRING','',6),(88,1,'NUMERIC','1',6),(88,4,'NUMERIC_ARRAY','',6),(88,5,'NUMERIC','',6),(88,6,'NUMERIC','',6),(88,7,'NUMERIC','',6),(88,2,'NUMERIC_ARRAY','',6),(88,9,'NUMERIC_ARRAY','',6),(88,15,'NUMERIC','',6),(88,14,'NUMERIC','',6),(88,21,'NUMERIC','',6),(88,22,'NUMERIC','',6),(88,3,'STRING','',6),(89,1,'NUMERIC','1',6),(89,4,'NUMERIC_ARRAY','',6),(89,5,'NUMERIC','',6),(89,6,'NUMERIC','',6),(89,7,'NUMERIC','',6),(89,2,'NUMERIC_ARRAY','',6),(89,9,'NUMERIC_ARRAY','',6),(89,15,'NUMERIC','',6),(89,14,'NUMERIC','',6),(89,21,'NUMERIC','',6),(89,22,'NUMERIC','',6),(89,3,'STRING','',6),(90,1,'NUMERIC','1',6),(90,4,'NUMERIC_ARRAY','',6),(90,5,'NUMERIC','',6),(90,6,'NUMERIC','',6),(90,7,'NUMERIC','',6),(90,2,'NUMERIC_ARRAY','',6),(90,9,'NUMERIC_ARRAY','',6),(90,15,'NUMERIC','',6),(90,14,'NUMERIC','',6),(90,21,'NUMERIC','',6),(90,22,'NUMERIC','',6),(90,3,'STRING','',6),(91,1,'NUMERIC','1',6),(91,2,'NUMERIC_ARRAY','',6),(91,4,'NUMERIC_ARRAY','',6),(91,9,'NUMERIC_ARRAY','',6),(91,15,'NUMERIC','',6),(91,7,'NUMERIC','',6),(91,8,'NUMERIC','',6),(91,6,'NUMERIC','',6),(91,5,'NUMERIC','',6),(91,14,'NUMERIC','',6),(91,22,'NUMERIC','',6),(91,23,'NUMERIC_ARRAY','',6),(91,24,'NUMERIC','',6),(91,25,'NUMERIC','',6),(92,1,'NUMERIC','1',6),(92,4,'NUMERIC_ARRAY','',6),(92,5,'NUMERIC','',6),(92,6,'NUMERIC','',6),(92,8,'NUMERIC','',6),(92,7,'NUMERIC','',6),(92,2,'NUMERIC_ARRAY','',6),(92,9,'NUMERIC_ARRAY','',6),(92,15,'NUMERIC','',6),(92,14,'NUMERIC','',6),(92,22,'NUMERIC','',6),(93,1,'NUMERIC','1',6),(93,4,'NUMERIC_ARRAY','',6),(93,5,'NUMERIC','',6),(93,6,'NUMERIC','',6),(93,8,'NUMERIC','',6),(93,7,'NUMERIC','',6),(93,2,'NUMERIC_ARRAY','',6),(93,9,'NUMERIC_ARRAY','',6),(93,15,'NUMERIC','',6),(93,14,'NUMERIC','',6),(93,22,'NUMERIC','',6),(94,1,'NUMERIC','1',6),(94,4,'NUMERIC_ARRAY','',6),(94,5,'NUMERIC','',6),(94,6,'NUMERIC','',6),(94,7,'NUMERIC','',6),(94,2,'NUMERIC_ARRAY','',6),(94,9,'NUMERIC_ARRAY','',6),(94,15,'NUMERIC','',6),(94,14,'NUMERIC','',6),(94,21,'NUMERIC','',6),(94,22,'NUMERIC','',6),(94,3,'STRING','',6),(95,1,'NUMERIC','1',6),(96,1,'NUMERIC','1',6),(96,4,'NUMERIC_ARRAY','',6),(96,5,'NUMERIC','',6),(96,6,'NUMERIC','',6),(96,8,'NUMERIC','',6),(96,7,'NUMERIC','',6),(96,2,'NUMERIC_ARRAY','',6),(96,9,'NUMERIC_ARRAY','',6),(96,15,'NUMERIC','',6),(97,1,'NUMERIC','1',6),(97,4,'NUMERIC_ARRAY','',6),(97,5,'NUMERIC','',6),(97,6,'NUMERIC','',6),(97,8,'NUMERIC','',6),(97,7,'NUMERIC','',6),(97,2,'NUMERIC_ARRAY','',6),(97,9,'NUMERIC_ARRAY','',6),(97,15,'NUMERIC','',6),(98,1,'NUMERIC','1',6),(99,1,'NUMERIC','1',6),(98,9,'NUMERIC_ARRAY','',6),(99,9,'NUMERIC_ARRAY','',6),(98,2,'NUMERIC_ARRAY','',6),(99,2,'NUMERIC_ARRAY','',6),(98,4,'NUMERIC_ARRAY','',6),(99,4,'NUMERIC_ARRAY','',6),(98,15,'NUMERIC','',6),(99,15,'NUMERIC','',6),(100,1,'NUMERIC','1',6),(100,9,'NUMERIC_ARRAY','',6),(100,2,'NUMERIC_ARRAY','',6),(100,4,'NUMERIC_ARRAY','',6),(100,15,'NUMERIC','',6),(101,1,'NUMERIC','1',6),(101,9,'NUMERIC_ARRAY','',6),(101,2,'NUMERIC_ARRAY','',6),(101,4,'NUMERIC_ARRAY','',6),(101,15,'NUMERIC','',6),(102,1,'NUMERIC','1',6),(102,9,'NUMERIC_ARRAY','',6),(102,2,'NUMERIC_ARRAY','',6),(102,4,'NUMERIC_ARRAY','',6),(102,15,'NUMERIC','',6),(103,1,'NUMERIC','1',6),(103,9,'NUMERIC_ARRAY','',6),(103,2,'NUMERIC_ARRAY','',6),(103,4,'NUMERIC_ARRAY','',6),(103,15,'NUMERIC','',6),(104,1,'NUMERIC','1',6),(104,9,'NUMERIC_ARRAY','',6),(104,2,'NUMERIC_ARRAY','',6),(104,4,'NUMERIC_ARRAY','',6),(104,15,'NUMERIC','',6),(105,1,'NUMERIC','1',6),(105,9,'NUMERIC_ARRAY','',6),(105,2,'NUMERIC_ARRAY','',6),(105,4,'NUMERIC_ARRAY','',6),(105,15,'NUMERIC','',6),(106,1,'NUMERIC','1',6),(106,4,'NUMERIC_ARRAY','',6),(106,5,'NUMERIC','',6),(106,6,'NUMERIC','',6),(106,8,'NUMERIC','',6),(106,7,'NUMERIC','',6),(106,2,'NUMERIC_ARRAY','',6),(106,9,'NUMERIC_ARRAY','',6),(106,15,'NUMERIC','',6),(107,1,'NUMERIC','1',6),(107,4,'NUMERIC_ARRAY','',6),(107,14,'NUMERIC','',6),(107,9,'NUMERIC_ARRAY','',6),(107,5,'NUMERIC','',6),(107,15,'NUMERIC','',6),(107,6,'NUMERIC','',6),(107,22,'NUMERIC','',6),(108,1,'NUMERIC','1',6),(108,4,'NUMERIC_ARRAY','',6),(108,5,'NUMERIC','',6),(108,6,'NUMERIC','',6),(108,7,'NUMERIC','',6),(108,2,'NUMERIC_ARRAY','',6),(108,9,'NUMERIC_ARRAY','',6),(108,15,'NUMERIC','',6),(108,14,'NUMERIC','',6),(108,21,'NUMERIC','',6),(108,22,'NUMERIC','',6),(108,3,'STRING','',6),(109,1,'NUMERIC','1',6),(109,4,'NUMERIC_ARRAY','',6),(109,5,'NUMERIC','',6),(109,6,'NUMERIC','',6),(109,7,'NUMERIC','',6),(109,2,'NUMERIC_ARRAY','',6),(109,9,'NUMERIC_ARRAY','',6),(109,15,'NUMERIC','',6),(109,14,'NUMERIC','',6),(109,21,'NUMERIC','',6),(109,22,'NUMERIC','',6),(109,3,'STRING','',6),(110,1,'NUMERIC','1',6),(110,4,'NUMERIC_ARRAY','',6),(110,14,'NUMERIC','',6),(110,9,'NUMERIC_ARRAY','',6),(110,5,'NUMERIC','',6),(110,15,'NUMERIC','',6),(110,6,'NUMERIC','',6),(110,22,'NUMERIC','',6),(111,1,'NUMERIC','1',6),(111,4,'NUMERIC_ARRAY','',6),(111,14,'NUMERIC','',6),(111,9,'NUMERIC_ARRAY','',6),(111,5,'NUMERIC','',6),(111,15,'NUMERIC','',6),(111,6,'NUMERIC','',6),(111,22,'NUMERIC','',6),(112,1,'NUMERIC','1',6),(113,1,'NUMERIC','1',6),(113,4,'NUMERIC_ARRAY','',6),(113,14,'NUMERIC','',6),(113,9,'NUMERIC_ARRAY','',6),(113,5,'NUMERIC','',6),(113,15,'NUMERIC','',6),(113,6,'NUMERIC','',6),(113,22,'NUMERIC','',6),(114,1,'NUMERIC','1',6),(114,19,'NUMERIC','',6),(114,16,'NUMERIC','',6),(115,16,'NUMERIC','',6),(115,1,'NUMERIC','1',6),(115,19,'NUMERIC','',6),(116,1,'NUMERIC','1',6),(116,15,'NUMERIC','',6),(117,15,'NUMERIC','',6),(117,1,'NUMERIC','1',6),(118,1,'NUMERIC','1',6),(118,15,'NUMERIC','',6),(118,16,'NUMERIC','',6),(114,40,'NUMERIC','',6),(114,41,'NUMERIC','',6),(119,1,'NUMERIC','1',6),(119,15,'NUMERIC','',6),(120,40,'NUMERIC','',6),(120,1,'NUMERIC','1',6),(115,41,'NUMERIC','',6),(120,15,'NUMERIC','',6),(121,40,'NUMERIC','',6),(121,1,'NUMERIC','1',6),(121,16,'NUMERIC','',6),(121,15,'NUMERIC','',6),(122,15,'NUMERIC','',6),(122,1,'NUMERIC','1',6),(122,16,'NUMERIC','',6),(123,16,'NUMERIC','',6),(123,41,'NUMERIC','',6),(123,15,'NUMERIC','',6),(123,1,'NUMERIC','1',6),(124,16,'NUMERIC','',6),(124,41,'NUMERIC','',6),(124,15,'NUMERIC','',6),(124,1,'NUMERIC','1',6),(125,16,'NUMERIC','',6),(125,41,'NUMERIC','',6),(125,15,'NUMERIC','',6),(125,1,'NUMERIC','1',6),(126,41,'NUMERIC','',6),(126,15,'NUMERIC','',6),(126,1,'NUMERIC','1',6),(127,40,'NUMERIC','',6),(127,1,'NUMERIC','1',6),(127,15,'NUMERIC','',6),(128,40,'NUMERIC','',6),(128,1,'NUMERIC','1',6),(128,15,'NUMERIC','',6),(129,40,'NUMERIC','',6),(129,1,'NUMERIC','1',6),(129,15,'NUMERIC','',6),(130,40,'NUMERIC','',6),(130,1,'NUMERIC','1',6),(130,15,'NUMERIC','',6),(131,40,'NUMERIC','',6),(131,1,'NUMERIC','1',6),(131,15,'NUMERIC','',6),(132,40,'NUMERIC','',6),(132,1,'NUMERIC','1',6),(132,15,'NUMERIC','',6),(133,40,'NUMERIC','',6),(133,1,'NUMERIC','1',6),(133,15,'NUMERIC','',6),(134,40,'NUMERIC','',6),(134,1,'NUMERIC','1',6),(134,15,'NUMERIC','',6),(135,40,'NUMERIC','',6),(135,1,'NUMERIC','1',6),(135,15,'NUMERIC','',6),(136,1,'NUMERIC','1',6),(136,15,'NUMERIC','',6),(136,16,'NUMERIC','',6),(137,1,'NUMERIC','1',6),(137,15,'NUMERIC','',6),(137,16,'NUMERIC','',6),(138,1,'NUMERIC','1',6),(138,15,'NUMERIC','',6),(138,16,'NUMERIC','',6),(139,1,'NUMERIC','1',6),(139,15,'NUMERIC','',6),(139,16,'NUMERIC','',6),(140,1,'NUMERIC','1',6),(140,15,'NUMERIC','',6),(140,16,'NUMERIC','',6),(141,1,'NUMERIC','1',6),(141,4,'NUMERIC_ARRAY','',6),(141,14,'NUMERIC','',6),(141,9,'NUMERIC_ARRAY','',6),(141,5,'NUMERIC','',6),(141,15,'NUMERIC','',6),(141,6,'NUMERIC','',6),(141,22,'NUMERIC','',6),(142,1,'NUMERIC','1',6),(142,4,'NUMERIC_ARRAY','',6),(142,14,'NUMERIC','',6),(142,9,'NUMERIC_ARRAY','',6),(142,5,'NUMERIC','',6),(142,15,'NUMERIC','',6),(142,6,'NUMERIC','',6),(142,22,'NUMERIC','',6),(143,1,'NUMERIC','1',6),(143,4,'NUMERIC_ARRAY','',6),(143,14,'NUMERIC','',6),(143,9,'NUMERIC_ARRAY','',6),(143,5,'NUMERIC','',6),(143,15,'NUMERIC','',6),(143,6,'NUMERIC','',6),(143,22,'NUMERIC','',6),(144,1,'NUMERIC','1',6),(144,2,'NUMERIC_ARRAY','',6),(144,4,'NUMERIC_ARRAY','',6),(144,9,'NUMERIC_ARRAY','',6),(144,15,'NUMERIC','',6),(144,7,'NUMERIC','',6),(144,8,'NUMERIC','',6),(144,6,'NUMERIC','',6),(144,5,'NUMERIC','',6),(144,14,'NUMERIC','',6),(144,22,'NUMERIC','',6),(144,23,'NUMERIC_ARRAY','',6),(144,24,'NUMERIC','',6),(144,25,'NUMERIC','',6),(144,1,'NUMERIC','1',6),(145,1,'NUMERIC','1',6),(145,18,'NUMERIC','',6),(145,38,'NUMERIC','',6),(145,39,'NUMERIC','',6),(145,35,'NUMERIC','',6),(145,20,'NUMERIC','',6),(145,40,'NUMERIC','',6),(146,1,'NUMERIC','1',6),(146,2,'NUMERIC_ARRAY','',6),(146,14,'NUMERIC','',6),(146,27,'NUMERIC','',6),(146,33,'NUMERIC','',6),(146,9,'NUMERIC_ARRAY','',6),(146,28,'NUMERIC','',6),(146,5,'NUMERIC','',6),(146,15,'NUMERIC','',6),(146,6,'NUMERIC','',6),(146,32,'NUMERIC','',6),(146,34,'NUMERIC','',6),(146,31,'NUMERIC','',6),(146,7,'NUMERIC','',6),(148,18,'NUMERIC','',6),(148,38,'NUMERIC','',6),(148,39,'NUMERIC','',6),(148,35,'NUMERIC','',6),(148,20,'NUMERIC','',6),(148,40,'NUMERIC','',6),(149,1,'NUMERIC','1',6),(149,4,'NUMERIC_ARRAY','',6),(149,5,'NUMERIC','',6),(149,6,'NUMERIC','',6),(149,7,'NUMERIC','',6),(149,2,'NUMERIC_ARRAY','',6),(149,9,'NUMERIC_ARRAY','',6),(149,15,'NUMERIC','',6),(149,14,'NUMERIC','',6),(149,21,'NUMERIC','',6),(149,22,'NUMERIC','',6),(149,3,'STRING','',6),(150,1,'NUMERIC','1',6),(150,4,'NUMERIC_ARRAY','',6),(150,5,'NUMERIC','',6),(150,6,'NUMERIC','',6),(150,7,'NUMERIC','',6),(150,2,'NUMERIC_ARRAY','',6),(150,9,'NUMERIC_ARRAY','',6),(150,15,'NUMERIC','',6),(150,14,'NUMERIC','',6),(150,21,'NUMERIC','',6),(150,22,'NUMERIC','',6),(150,3,'STRING','',6),(151,1,'NUMERIC','1',6),(151,4,'NUMERIC_ARRAY','',6),(151,5,'NUMERIC','',6),(151,6,'NUMERIC','',6),(151,7,'NUMERIC','',6),(151,2,'NUMERIC_ARRAY','',6),(151,9,'NUMERIC_ARRAY','',6),(151,15,'NUMERIC','',6),(151,14,'NUMERIC','',6),(151,21,'NUMERIC','',6),(151,22,'NUMERIC','',6),(151,3,'STRING','',6),(152,1,'NUMERIC','1',6),(152,4,'NUMERIC_ARRAY','',6),(152,5,'NUMERIC','',6),(152,6,'NUMERIC','',6),(152,7,'NUMERIC','',6),(152,2,'NUMERIC_ARRAY','',6),(152,9,'NUMERIC_ARRAY','',6),(152,15,'NUMERIC','',6),(152,14,'NUMERIC','',6),(152,21,'NUMERIC','',6),(152,22,'NUMERIC','',6),(152,3,'STRING','',6),(153,1,'NUMERIC','1',6),(153,4,'NUMERIC_ARRAY','',6),(153,5,'NUMERIC','',6),(153,6,'NUMERIC','',6),(153,7,'NUMERIC','',6),(153,2,'NUMERIC_ARRAY','',6),(153,9,'NUMERIC_ARRAY','',6),(153,15,'NUMERIC','',6),(153,14,'NUMERIC','',6),(153,21,'NUMERIC','',6),(153,22,'NUMERIC','',6),(153,3,'STRING','',6),(154,1,'NUMERIC','1',6),(154,4,'NUMERIC_ARRAY','',6),(154,5,'NUMERIC','',6),(154,6,'NUMERIC','',6),(154,7,'NUMERIC','',6),(154,2,'NUMERIC_ARRAY','',6),(154,9,'NUMERIC_ARRAY','',6),(154,15,'NUMERIC','',6),(154,14,'NUMERIC','',6),(154,21,'NUMERIC','',6),(154,22,'NUMERIC','',6),(154,3,'STRING','',6),(155,1,'NUMERIC','1',6),(156,1,'NUMERIC','1',6),(157,1,'NUMERIC','1',6),(157,16,'NUMERIC','',6),(51,42,'NUMERIC','',6),(52,42,'NUMERIC','',6),(158,1,'NUMERIC','1',6),(159,1,'NUMERIC','1',6),(160,1,'NUMERIC','1',6),(53,38,'NUMERIC','',6),(53,39,'NUMERIC','',6),(53,20,'NUMERIC','',6),(53,22,'NUMERIC','',6),(53,42,'NUMERIC','',6),(158,14,'NUMERIC','',6),(159,14,'NUMERIC','',6),(160,14,'NUMERIC','',6),(158,27,'NUMERIC','',6),(159,27,'NUMERIC','',6),(160,27,'NUMERIC','',6),(158,33,'NUMERIC','',6),(159,33,'NUMERIC','',6),(160,33,'NUMERIC','',6),(158,22,'NUMERIC','',6),(159,22,'NUMERIC','',6),(160,22,'NUMERIC','',6),(158,17,'NUMERIC','',6),(159,17,'NUMERIC','',6),(160,17,'NUMERIC','',6),(158,9,'NUMERIC_ARRAY','',6),(159,9,'NUMERIC_ARRAY','',6),(160,9,'NUMERIC_ARRAY','',6),(158,37,'NUMERIC','',6),(159,37,'NUMERIC','',6),(160,37,'NUMERIC','',6),(158,15,'NUMERIC','',6),(159,15,'NUMERIC','',6),(160,15,'NUMERIC','',6),(158,8,'NUMERIC','',6),(159,8,'NUMERIC','',6),(160,8,'NUMERIC','',6),(158,32,'NUMERIC','',6),(159,32,'NUMERIC','',6),(160,32,'NUMERIC','',6),(158,34,'NUMERIC','',6),(159,34,'NUMERIC','',6),(160,34,'NUMERIC','',6),(161,1,'NUMERIC','1',6),(161,15,'NUMERIC','',6),(161,16,'NUMERIC','',6),(162,1,'NUMERIC','1',6),(162,15,'NUMERIC','',6),(162,16,'NUMERIC','',6),(163,1,'NUMERIC','1',6),(163,15,'NUMERIC','',6),(163,16,'NUMERIC','',6),(164,1,'NUMERIC','1',6),(164,15,'NUMERIC','',6),(164,16,'NUMERIC','',6),(165,1,'NUMERIC','1',6),(165,15,'NUMERIC','',6),(165,16,'NUMERIC','',6),(166,1,'NUMERIC','1',6),(166,15,'NUMERIC','',6),(166,16,'NUMERIC','',6),(167,1,'NUMERIC','1',6),(167,15,'NUMERIC','',6),(167,16,'NUMERIC','',6),(168,41,'NUMERIC','',6),(168,15,'NUMERIC','',6),(168,1,'NUMERIC','1',6),(169,41,'NUMERIC','',6),(169,15,'NUMERIC','',6),(169,1,'NUMERIC','1',6),(170,41,'NUMERIC','',6),(170,15,'NUMERIC','',6),(170,1,'NUMERIC','1',6),(171,1,'NUMERIC','1',6),(171,19,'NUMERIC','',6),(171,16,'NUMERIC','',6),(171,40,'NUMERIC','',6),(171,41,'NUMERIC','',6),(172,1,'NUMERIC','1',6),(172,19,'NUMERIC','',6),(172,16,'NUMERIC','',6),(172,40,'NUMERIC','',6),(172,41,'NUMERIC','',6),(173,1,'NUMERIC','1',6),(173,19,'NUMERIC','',6),(173,16,'NUMERIC','',6),(173,40,'NUMERIC','',6),(173,41,'NUMERIC','',6),(174,1,'NUMERIC','1',6),(174,19,'NUMERIC','',6),(174,16,'NUMERIC','',6),(174,40,'NUMERIC','',6),(174,41,'NUMERIC','',6),(175,1,'NUMERIC','1',6),(175,19,'NUMERIC','',6),(175,16,'NUMERIC','',6),(175,40,'NUMERIC','',6),(175,41,'NUMERIC','',6),(176,1,'NUMERIC','1',6),(176,19,'NUMERIC','',6),(176,16,'NUMERIC','',6),(176,40,'NUMERIC','',6),(176,41,'NUMERIC','',6),(177,1,'NUMERIC','1',6),(177,19,'NUMERIC','',6),(177,16,'NUMERIC','',6),(177,40,'NUMERIC','',6),(177,41,'NUMERIC','',6),(178,1,'NUMERIC','1',6),(178,19,'NUMERIC','',6),(178,16,'NUMERIC','',6),(178,40,'NUMERIC','',6),(178,41,'NUMERIC','',6),(179,16,'NUMERIC','',6),(179,1,'NUMERIC','1',6),(179,19,'NUMERIC','',6),(179,41,'NUMERIC','',6),(180,16,'NUMERIC','',6),(180,1,'NUMERIC','1',6),(180,19,'NUMERIC','',6),(180,41,'NUMERIC','',6),(181,16,'NUMERIC','',6),(181,1,'NUMERIC','1',6),(181,19,'NUMERIC','',6),(181,41,'NUMERIC','',6),(182,16,'NUMERIC','',6),(182,1,'NUMERIC','1',6),(182,19,'NUMERIC','',6),(182,41,'NUMERIC','',6),(183,16,'NUMERIC','',6),(183,1,'NUMERIC','1',6),(183,19,'NUMERIC','',6),(183,41,'NUMERIC','',6),(184,16,'NUMERIC','',6),(184,1,'NUMERIC','1',6),(184,19,'NUMERIC','',6),(184,41,'NUMERIC','',6),(185,16,'NUMERIC','',6),(185,1,'NUMERIC','1',6),(185,19,'NUMERIC','',6),(185,41,'NUMERIC','',6),(186,16,'NUMERIC','',6),(186,1,'NUMERIC','1',6),(186,19,'NUMERIC','',6),(186,41,'NUMERIC','',6),(187,1,'NUMERIC','1',6),(187,4,'NUMERIC_ARRAY','',6),(187,5,'NUMERIC','',6),(187,6,'NUMERIC','',6),(187,8,'NUMERIC','',6),(187,7,'NUMERIC','',6),(187,2,'NUMERIC_ARRAY','',6),(187,9,'NUMERIC_ARRAY','',6),(187,15,'NUMERIC','',6),(188,1,'NUMERIC','1',6),(188,4,'NUMERIC_ARRAY','',6),(188,5,'NUMERIC','',6),(188,6,'NUMERIC','',6),(188,8,'NUMERIC','',6),(188,7,'NUMERIC','',6),(188,2,'NUMERIC_ARRAY','',6),(188,9,'NUMERIC_ARRAY','',6),(188,15,'NUMERIC','',6),(189,1,'NUMERIC','1',6),(189,4,'NUMERIC_ARRAY','',6),(189,5,'NUMERIC','',6),(189,6,'NUMERIC','',6),(189,8,'NUMERIC','',6),(189,7,'NUMERIC','',6),(189,2,'NUMERIC_ARRAY','',6),(189,9,'NUMERIC_ARRAY','',6),(189,15,'NUMERIC','',6),(190,1,'NUMERIC','1',6),(190,4,'NUMERIC_ARRAY','',6),(190,5,'NUMERIC','',6),(190,6,'NUMERIC','',6),(190,8,'NUMERIC','',6),(190,7,'NUMERIC','',6),(190,2,'NUMERIC_ARRAY','',6),(190,9,'NUMERIC_ARRAY','',6),(190,15,'NUMERIC','',6),(5,37,'NUMERIC','',6),(6,37,'NUMERIC','',6),(7,37,'NUMERIC','',6),(8,37,'NUMERIC','',6),(9,37,'NUMERIC','',6),(10,37,'NUMERIC','',6),(62,37,'NUMERIC','',6),(85,37,'NUMERIC','',6),(86,37,'NUMERIC','',6),(87,37,'NUMERIC','',6),(88,37,'NUMERIC','',6),(89,37,'NUMERIC','',6),(90,37,'NUMERIC','',6),(94,37,'NUMERIC','',6),(108,37,'NUMERIC','',6),(109,37,'NUMERIC','',6),(149,37,'NUMERIC','',6),(150,37,'NUMERIC','',6),(151,37,'NUMERIC','',6),(152,37,'NUMERIC','',6),(153,37,'NUMERIC','',6),(154,37,'NUMERIC','',6),(192,1,'NUMERIC','1',6),(193,1,'NUMERIC','1',6),(193,14,'NUMERIC','',6),(193,27,'NUMERIC','',6),(193,33,'NUMERIC','',6),(193,22,'NUMERIC','',6),(193,17,'NUMERIC','',6),(193,9,'NUMERIC_ARRAY','',6),(193,37,'NUMERIC','',6),(193,15,'NUMERIC','',6),(193,8,'NUMERIC','',6),(193,32,'NUMERIC','',6),(193,34,'NUMERIC','',6),(194,1,'NUMERIC','1',6),(194,14,'NUMERIC','',6),(194,27,'NUMERIC','',6),(194,33,'NUMERIC','',6),(194,22,'NUMERIC','',6),(194,17,'NUMERIC','',6),(194,9,'NUMERIC_ARRAY','',6),(194,37,'NUMERIC','',6),(194,15,'NUMERIC','',6),(194,8,'NUMERIC','',6),(194,32,'NUMERIC','',6),(194,34,'NUMERIC','',6),(195,1,'NUMERIC','1',6),(196,1,'NUMERIC','1',6),(197,1,'NUMERIC','1',6),(197,14,'NUMERIC','',6),(197,27,'NUMERIC','',6),(197,33,'NUMERIC','',6),(197,22,'NUMERIC','',6),(197,17,'NUMERIC','',6),(197,9,'NUMERIC_ARRAY','',6),(197,37,'NUMERIC','',6),(197,15,'NUMERIC','',6),(197,8,'NUMERIC','',6),(197,32,'NUMERIC','',6),(197,34,'NUMERIC','',6),(198,1,'NUMERIC','1',6),(198,2,'NUMERIC_ARRAY','',6),(198,14,'NUMERIC','',6),(198,27,'NUMERIC','',6),(198,33,'NUMERIC','',6),(198,9,'NUMERIC_ARRAY','',6),(198,28,'NUMERIC','',6),(198,5,'NUMERIC','',6),(198,15,'NUMERIC','',6),(198,6,'NUMERIC','',6),(198,32,'NUMERIC','',6),(198,34,'NUMERIC','',6),(198,31,'NUMERIC','',6),(198,7,'NUMERIC','',6),(199,1,'NUMERIC','1',6),(200,20,'NUMERIC','',6),(200,16,'NUMERIC','',6),(200,18,'NUMERIC','',6),(200,19,'NUMERIC','',6),(200,17,'NUMERIC','',6),(200,1,'NUMERIC','1',6),(200,42,'NUMERIC','',6),(201,1,'NUMERIC','1',6),(201,38,'NUMERIC','',6),(201,39,'NUMERIC','',6),(201,20,'NUMERIC','',6),(201,22,'NUMERIC','',6),(201,42,'NUMERIC','',6),(202,1,'NUMERIC','1',6),(203,1,'NUMERIC','1',6),(191,1,'NUMERIC','1',6),(204,1,'NUMERIC','1',6),(191,16,'NUMERIC','',6),(204,16,'NUMERIC','',6),(191,37,'NUMERIC','',6),(204,37,'NUMERIC','',6),(205,1,'NUMERIC','1',6),(203,15,'NUMERIC','',6),(205,15,'NUMERIC','',6),(206,1,'NUMERIC','1',6),(207,1,'NUMERIC','1',6),(207,16,'NUMERIC','',6),(207,37,'NUMERIC','',6),(208,1,'NUMERIC','1',6),(208,16,'NUMERIC','',6),(208,37,'NUMERIC','',6),(209,1,'NUMERIC','1',6),(209,16,'NUMERIC','',6),(209,37,'NUMERIC','',6),(210,1,'NUMERIC','1',6),(211,1,'NUMERIC','1',6),(212,1,'NUMERIC','1',6),(61,39,'NUMERIC','',6),(61,38,'NUMERIC','',6),(61,20,'NUMERIC','',6),(213,1,'NUMERIC','1',6),(213,39,'NUMERIC','',6),(213,38,'NUMERIC','',6),(213,20,'NUMERIC','',6),(214,1,'NUMERIC','1',6),(214,16,'NUMERIC','',6),(215,1,'NUMERIC','1',6),(215,38,'NUMERIC','',6),(215,39,'NUMERIC','',6),(215,20,'NUMERIC','',6),(215,22,'NUMERIC','',6),(215,42,'NUMERIC','',6),(216,1,'NUMERIC','1',6),(216,38,'NUMERIC','',6),(216,39,'NUMERIC','',6),(216,20,'NUMERIC','',6),(216,22,'NUMERIC','',6),(216,42,'NUMERIC','',6),(217,1,'NUMERIC','1',6),(218,1,'NUMERIC','1',6),(219,1,'NUMERIC','1',6),(220,1,'NUMERIC','1',6),(221,1,'NUMERIC','1',6),(222,1,'NUMERIC','1',6),(223,1,'NUMERIC','1',6),(224,1,'NUMERIC','1',6),(224,2,'NUMERIC_ARRAY','',6),(224,3,'STRING','',6),(224,5,'NUMERIC','',6),(224,6,'NUMERIC','',6),(224,8,'NUMERIC','',6),(224,7,'NUMERIC','',6),(224,4,'NUMERIC_ARRAY','',6),(224,9,'NUMERIC_ARRAY','',6),(224,14,'NUMERIC','',6),(224,15,'NUMERIC','',6),(224,22,'NUMERIC','',6),(225,1,'NUMERIC','1',6),(225,2,'NUMERIC_ARRAY','',6),(225,3,'STRING','',6),(225,5,'NUMERIC','',6),(225,6,'NUMERIC','',6),(225,8,'NUMERIC','',6),(225,7,'NUMERIC','',6),(225,4,'NUMERIC_ARRAY','',6),(225,9,'NUMERIC_ARRAY','',6),(225,14,'NUMERIC','',6),(225,15,'NUMERIC','',6),(225,22,'NUMERIC','',6),(226,1,'NUMERIC','1',6),(227,1,'NUMERIC','1',6),(228,1,'NUMERIC','1',6),(229,1,'NUMERIC','1',6),(230,1,'NUMERIC','1',6),(230,4,'NUMERIC_ARRAY','',6),(230,5,'NUMERIC','',6),(230,6,'NUMERIC','',6),(230,7,'NUMERIC','',6),(230,2,'NUMERIC_ARRAY','',6),(230,9,'NUMERIC_ARRAY','',6),(230,15,'NUMERIC','',6),(230,14,'NUMERIC','',6),(230,21,'NUMERIC','',6),(230,22,'NUMERIC','',6),(230,3,'STRING','',6),(230,37,'NUMERIC','',6),(231,1,'NUMERIC','1',6),(231,4,'NUMERIC_ARRAY','',6),(231,5,'NUMERIC','',6),(231,6,'NUMERIC','',6),(231,7,'NUMERIC','',6),(231,2,'NUMERIC_ARRAY','',6),(231,9,'NUMERIC_ARRAY','',6),(231,15,'NUMERIC','',6),(231,14,'NUMERIC','',6),(231,21,'NUMERIC','',6),(231,22,'NUMERIC','',6),(231,3,'STRING','',6),(231,37,'NUMERIC','',6),(232,1,'NUMERIC','1',6),(232,4,'NUMERIC_ARRAY','',6),(232,5,'NUMERIC','',6),(232,6,'NUMERIC','',6),(232,7,'NUMERIC','',6),(232,2,'NUMERIC_ARRAY','',6),(232,9,'NUMERIC_ARRAY','',6),(232,15,'NUMERIC','',6),(232,14,'NUMERIC','',6),(232,21,'NUMERIC','',6),(232,22,'NUMERIC','',6),(232,3,'STRING','',6),(232,37,'NUMERIC','',6),(233,1,'NUMERIC','1',6),(233,4,'NUMERIC_ARRAY','',6),(233,5,'NUMERIC','',6),(233,6,'NUMERIC','',6),(233,7,'NUMERIC','',6),(233,2,'NUMERIC_ARRAY','',6),(233,9,'NUMERIC_ARRAY','',6),(233,15,'NUMERIC','',6),(233,14,'NUMERIC','',6),(233,21,'NUMERIC','',6),(233,22,'NUMERIC','',6),(233,3,'STRING','',6),(233,37,'NUMERIC','',6),(234,1,'NUMERIC','1',6),(235,1,'NUMERIC','1',6),(236,1,'NUMERIC','1',6),(236,16,'NUMERIC','',6),(237,20,'NUMERIC','',6),(237,16,'NUMERIC','',6),(237,18,'NUMERIC','',6),(237,19,'NUMERIC','',6),(237,17,'NUMERIC','',6),(237,1,'NUMERIC','1',6),(237,42,'NUMERIC','',6),(238,1,'NUMERIC','1',6),(239,1,'NUMERIC','1',6),(240,20,'NUMERIC','',6),(240,16,'NUMERIC','',6),(240,18,'NUMERIC','',6),(240,19,'NUMERIC','',6),(240,17,'NUMERIC','',6),(240,1,'NUMERIC','1',6),(240,42,'NUMERIC','',6),(241,20,'NUMERIC','',6),(241,16,'NUMERIC','',6),(241,18,'NUMERIC','',6),(241,19,'NUMERIC','',6),(241,17,'NUMERIC','',6),(241,1,'NUMERIC','1',6),(241,42,'NUMERIC','',6),(242,1,'NUMERIC','1',6),(242,38,'NUMERIC','',6),(242,39,'NUMERIC','',6),(242,20,'NUMERIC','',6),(242,22,'NUMERIC','',6),(242,42,'NUMERIC','',6),(243,1,'NUMERIC','1',6),(243,38,'NUMERIC','',6),(243,39,'NUMERIC','',6),(243,20,'NUMERIC','',6),(243,22,'NUMERIC','',6),(243,42,'NUMERIC','',6),(244,1,'NUMERIC','1',6),(244,38,'NUMERIC','',6),(244,39,'NUMERIC','',6),(244,20,'NUMERIC','',6),(244,22,'NUMERIC','',6),(244,42,'NUMERIC','',6),(245,1,'NUMERIC','1',6),(245,16,'NUMERIC','',6),(246,1,'NUMERIC','1',6),(247,1,'NUMERIC','1',6),(248,1,'NUMERIC','1',6),(248,16,'NUMERIC','',6),(248,37,'NUMERIC','',6),(249,1,'NUMERIC','1',6),(249,16,'NUMERIC','',6),(249,37,'NUMERIC','',6),(250,1,'NUMERIC','1',6),(251,1,'NUMERIC','1',6),(252,20,'NUMERIC','',6),(252,16,'NUMERIC','',6),(252,18,'NUMERIC','',6),(252,19,'NUMERIC','',6),(252,17,'NUMERIC','',6),(252,1,'NUMERIC','1',6),(252,42,'NUMERIC','',6),(253,1,'NUMERIC','1',6),(253,4,'NUMERIC_ARRAY','',6),(253,5,'NUMERIC','',6),(253,6,'NUMERIC','',6),(253,8,'NUMERIC','',6),(253,7,'NUMERIC','',6),(253,2,'NUMERIC_ARRAY','',6),(253,9,'NUMERIC_ARRAY','',6),(253,15,'NUMERIC','',6),(253,14,'NUMERIC','',6),(253,21,'NUMERIC','',6),(253,22,'NUMERIC','',6),(253,3,'STRING','',6),(253,37,'NUMERIC','',6),(253,20,'NUMERIC','',6),(253,16,'NUMERIC','',6),(253,18,'NUMERIC','',6),(253,19,'NUMERIC','',6),(253,17,'NUMERIC','',6),(253,1,'NUMERIC','1',6),(253,42,'NUMERIC','',6),(254,1,'NUMERIC','1',6),(254,14,'NUMERIC','',6),(254,27,'NUMERIC','',6),(254,33,'NUMERIC','',6),(254,22,'NUMERIC','',6),(254,17,'NUMERIC','',6),(254,9,'NUMERIC_ARRAY','',6),(254,37,'NUMERIC','',6),(254,15,'NUMERIC','',6),(254,8,'NUMERIC','',6),(254,32,'NUMERIC','',6),(254,34,'NUMERIC','',6),(255,20,'NUMERIC','',6),(255,16,'NUMERIC','',6),(255,18,'NUMERIC','',6),(255,19,'NUMERIC','',6),(255,17,'NUMERIC','',6),(255,1,'NUMERIC','1',6),(255,42,'NUMERIC','',6),(256,1,'NUMERIC','1',6),(256,14,'NUMERIC','',6),(256,27,'NUMERIC','',6),(256,33,'NUMERIC','',6),(256,22,'NUMERIC','',6),(256,17,'NUMERIC','',6),(256,9,'NUMERIC_ARRAY','',6),(256,37,'NUMERIC','',6),(256,15,'NUMERIC','',6),(256,8,'NUMERIC','',6),(256,32,'NUMERIC','',6),(256,34,'NUMERIC','',6),(257,20,'NUMERIC','',6),(257,16,'NUMERIC','',6),(257,18,'NUMERIC','',6),(257,19,'NUMERIC','',6),(257,17,'NUMERIC','',6),(257,1,'NUMERIC','1',6),(257,42,'NUMERIC','',6),(258,20,'NUMERIC','',6),(258,16,'NUMERIC','',6),(258,18,'NUMERIC','',6),(258,19,'NUMERIC','',6),(258,17,'NUMERIC','',6),(258,1,'NUMERIC','1',6),(258,42,'NUMERIC','',6),(259,20,'NUMERIC','',6),(259,16,'NUMERIC','',6),(259,18,'NUMERIC','',6),(259,19,'NUMERIC','',6),(259,17,'NUMERIC','',6),(259,1,'NUMERIC','1',6),(259,42,'NUMERIC','',6),(260,1,'NUMERIC','1',6),(260,16,'NUMERIC','',6),(261,1,'NUMERIC','1',6),(262,20,'NUMERIC','',6),(262,16,'NUMERIC','',6),(262,18,'NUMERIC','',6),(262,19,'NUMERIC','',6),(262,17,'NUMERIC','',6),(262,1,'NUMERIC','1',6),(262,42,'NUMERIC','',6),(263,15,'NUMERIC','',6),(263,1,'NUMERIC','1',6),(264,15,'NUMERIC','',6),(264,1,'NUMERIC','1',6),(265,15,'NUMERIC','',6),(265,1,'NUMERIC','1',6),(266,15,'NUMERIC','',6),(266,1,'NUMERIC','1',6),(267,15,'NUMERIC','',6),(267,1,'NUMERIC','1',6),(268,15,'NUMERIC','',6),(268,1,'NUMERIC','1',6),(269,15,'NUMERIC','',6),(269,1,'NUMERIC','1',6),(270,15,'NUMERIC','',6),(270,1,'NUMERIC','1',6),(271,1,'NUMERIC','1',6),(272,1,'NUMERIC','1',6),(273,1,'NUMERIC','1',6),(274,1,'NUMERIC','1',6),(275,1,'NUMERIC','1',6),(276,1,'NUMERIC','1',6),(277,1,'NUMERIC','1',6),(278,1,'NUMERIC','1',6),(279,1,'NUMERIC','1',6),(280,1,'NUMERIC','1',6),(54,4,'NUMERIC_ARRAY','',6),(59,4,'NUMERIC_ARRAY','',6),(54,5,'NUMERIC','',6),(59,5,'NUMERIC','',6),(54,6,'NUMERIC','',6),(59,6,'NUMERIC','',6),(54,8,'NUMERIC','',6),(59,8,'NUMERIC','',6),(54,7,'NUMERIC','',6),(59,7,'NUMERIC','',6),(54,14,'NUMERIC','',6),(59,14,'NUMERIC','',6),(54,15,'NUMERIC','',6),(59,15,'NUMERIC','',6),(54,13,'NUMERIC_ARRAY','',6),(59,13,'NUMERIC_ARRAY','',6),(55,13,'NUMERIC_ARRAY','',6),(58,13,'NUMERIC_ARRAY','',6),(144,13,'NUMERIC_ARRAY','',6),(25,13,'NUMERIC_ARRAY','',6),(57,13,'NUMERIC_ARRAY','',6),(91,13,'NUMERIC_ARRAY','',6),(55,6,'NUMERIC','',6),(58,6,'NUMERIC','',6),(144,6,'NUMERIC','',6),(55,5,'NUMERIC','',6),(58,5,'NUMERIC','',6),(144,5,'NUMERIC','',6),(55,8,'NUMERIC','',6),(58,8,'NUMERIC','',6),(144,8,'NUMERIC','',6),(55,7,'NUMERIC','',6),(58,7,'NUMERIC','',6),(144,7,'NUMERIC','',6),(55,14,'NUMERIC','',6),(58,14,'NUMERIC','',6),(144,14,'NUMERIC','',6),(55,15,'NUMERIC','',6),(58,15,'NUMERIC','',6),(144,15,'NUMERIC','',6),(55,23,'NUMERIC_ARRAY','',6),(58,23,'NUMERIC_ARRAY','',6),(144,23,'NUMERIC_ARRAY','',6),(55,25,'NUMERIC','',6),(58,25,'NUMERIC','',6),(144,25,'NUMERIC','',6),(55,24,'NUMERIC','',6),(58,24,'NUMERIC','',6),(144,24,'NUMERIC','',6),(55,43,'NUMERIC','',6),(58,43,'NUMERIC','',6),(144,43,'NUMERIC','',6),(56,5,'NUMERIC','',6),(60,5,'NUMERIC','',6),(56,6,'NUMERIC','',6),(60,6,'NUMERIC','',6),(56,8,'NUMERIC','',6),(60,8,'NUMERIC','',6),(56,7,'NUMERIC','',6),(60,7,'NUMERIC','',6),(56,14,'NUMERIC','',6),(60,14,'NUMERIC','',6),(56,15,'NUMERIC','',6),(60,15,'NUMERIC','',6),(56,23,'NUMERIC_ARRAY','',6),(60,23,'NUMERIC_ARRAY','',6),(56,43,'NUMERIC','',6),(60,43,'NUMERIC','',6),(56,13,'NUMERIC_ARRAY','',6),(60,13,'NUMERIC_ARRAY','',6),(56,22,'NUMERIC','',6),(60,22,'NUMERIC','',6),(55,22,'NUMERIC','',6),(58,22,'NUMERIC','',6),(144,22,'NUMERIC','',6),(54,22,'NUMERIC','',6),(59,22,'NUMERIC','',6),(56,2,'NUMERIC_ARRAY','',6),(60,2,'NUMERIC_ARRAY','',6),(56,9,'NUMERIC_ARRAY','',6),(60,9,'NUMERIC_ARRAY','',6),(54,2,'NUMERIC_ARRAY','',6),(59,2,'NUMERIC_ARRAY','',6),(54,9,'NUMERIC_ARRAY','',6),(59,9,'NUMERIC_ARRAY','',6),(55,2,'NUMERIC_ARRAY','',6),(58,2,'NUMERIC_ARRAY','',6),(144,2,'NUMERIC_ARRAY','',6),(55,9,'NUMERIC_ARRAY','',6),(58,9,'NUMERIC_ARRAY','',6),(144,9,'NUMERIC_ARRAY','',6),(56,4,'NUMERIC_ARRAY','',6),(60,4,'NUMERIC_ARRAY','',6),(5,32,'NUMERIC','',6),(6,32,'NUMERIC','',6),(7,32,'NUMERIC','',6),(8,32,'NUMERIC','',6),(9,32,'NUMERIC','',6),(10,32,'NUMERIC','',6),(62,32,'NUMERIC','',6),(85,32,'NUMERIC','',6),(86,32,'NUMERIC','',6),(87,32,'NUMERIC','',6),(88,32,'NUMERIC','',6),(89,32,'NUMERIC','',6),(90,32,'NUMERIC','',6),(94,32,'NUMERIC','',6),(108,32,'NUMERIC','',6),(109,32,'NUMERIC','',6),(149,32,'NUMERIC','',6),(150,32,'NUMERIC','',6),(151,32,'NUMERIC','',6),(152,32,'NUMERIC','',6),(153,32,'NUMERIC','',6),(154,32,'NUMERIC','',6),(230,32,'NUMERIC','',6),(231,32,'NUMERIC','',6),(232,32,'NUMERIC','',6),(233,32,'NUMERIC','',6),(5,34,'NUMERIC','',6),(6,34,'NUMERIC','',6),(7,34,'NUMERIC','',6),(8,34,'NUMERIC','',6),(9,34,'NUMERIC','',6),(10,34,'NUMERIC','',6),(62,34,'NUMERIC','',6),(85,34,'NUMERIC','',6),(86,34,'NUMERIC','',6),(87,34,'NUMERIC','',6),(88,34,'NUMERIC','',6),(89,34,'NUMERIC','',6),(90,34,'NUMERIC','',6),(94,34,'NUMERIC','',6),(108,34,'NUMERIC','',6),(109,34,'NUMERIC','',6),(149,34,'NUMERIC','',6),(150,34,'NUMERIC','',6),(151,34,'NUMERIC','',6),(152,34,'NUMERIC','',6),(153,34,'NUMERIC','',6),(154,34,'NUMERIC','',6),(230,34,'NUMERIC','',6),(231,34,'NUMERIC','',6),(232,34,'NUMERIC','',6),(233,34,'NUMERIC','',6),(5,8,'NUMERIC','',6),(6,8,'NUMERIC','',6),(7,8,'NUMERIC','',6),(8,8,'NUMERIC','',6),(9,8,'NUMERIC','',6),(10,8,'NUMERIC','',6),(62,8,'NUMERIC','',6),(85,8,'NUMERIC','',6),(86,8,'NUMERIC','',6),(87,8,'NUMERIC','',6),(88,8,'NUMERIC','',6),(89,8,'NUMERIC','',6),(90,8,'NUMERIC','',6),(94,8,'NUMERIC','',6),(108,8,'NUMERIC','',6),(109,8,'NUMERIC','',6),(149,8,'NUMERIC','',6),(150,8,'NUMERIC','',6),(151,8,'NUMERIC','',6),(152,8,'NUMERIC','',6),(153,8,'NUMERIC','',6),(154,8,'NUMERIC','',6),(230,8,'NUMERIC','',6),(231,8,'NUMERIC','',6),(232,8,'NUMERIC','',6),(233,8,'NUMERIC','',6),(5,27,'NUMERIC','',6),(6,27,'NUMERIC','',6),(7,27,'NUMERIC','',6),(8,27,'NUMERIC','',6),(9,27,'NUMERIC','',6),(10,27,'NUMERIC','',6),(62,27,'NUMERIC','',6),(85,27,'NUMERIC','',6),(86,27,'NUMERIC','',6),(87,27,'NUMERIC','',6),(88,27,'NUMERIC','',6),(89,27,'NUMERIC','',6),(90,27,'NUMERIC','',6),(94,27,'NUMERIC','',6),(108,27,'NUMERIC','',6),(109,27,'NUMERIC','',6),(149,27,'NUMERIC','',6),(150,27,'NUMERIC','',6),(151,27,'NUMERIC','',6),(152,27,'NUMERIC','',6),(153,27,'NUMERIC','',6),(154,27,'NUMERIC','',6),(230,27,'NUMERIC','',6),(231,27,'NUMERIC','',6),(232,27,'NUMERIC','',6),(233,27,'NUMERIC','',6),(5,28,'NUMERIC','',6),(6,28,'NUMERIC','',6),(7,28,'NUMERIC','',6),(8,28,'NUMERIC','',6),(9,28,'NUMERIC','',6),(10,28,'NUMERIC','',6),(62,28,'NUMERIC','',6),(85,28,'NUMERIC','',6),(86,28,'NUMERIC','',6),(87,28,'NUMERIC','',6),(88,28,'NUMERIC','',6),(89,28,'NUMERIC','',6),(90,28,'NUMERIC','',6),(94,28,'NUMERIC','',6),(108,28,'NUMERIC','',6),(109,28,'NUMERIC','',6),(149,28,'NUMERIC','',6),(150,28,'NUMERIC','',6),(151,28,'NUMERIC','',6),(152,28,'NUMERIC','',6),(153,28,'NUMERIC','',6),(154,28,'NUMERIC','',6),(230,28,'NUMERIC','',6),(231,28,'NUMERIC','',6),(232,28,'NUMERIC','',6),(233,28,'NUMERIC','',6),(5,33,'NUMERIC','',6),(6,33,'NUMERIC','',6),(7,33,'NUMERIC','',6),(8,33,'NUMERIC','',6),(9,33,'NUMERIC','',6),(10,33,'NUMERIC','',6),(62,33,'NUMERIC','',6),(85,33,'NUMERIC','',6),(86,33,'NUMERIC','',6),(87,33,'NUMERIC','',6),(88,33,'NUMERIC','',6),(89,33,'NUMERIC','',6),(90,33,'NUMERIC','',6),(94,33,'NUMERIC','',6),(108,33,'NUMERIC','',6),(109,33,'NUMERIC','',6),(149,33,'NUMERIC','',6),(150,33,'NUMERIC','',6),(151,33,'NUMERIC','',6),(152,33,'NUMERIC','',6),(153,33,'NUMERIC','',6),(154,33,'NUMERIC','',6),(230,33,'NUMERIC','',6),(231,33,'NUMERIC','',6),(232,33,'NUMERIC','',6),(233,33,'NUMERIC','',6),(26,27,'NUMERIC','',6),(27,27,'NUMERIC','',6),(83,27,'NUMERIC','',6),(84,27,'NUMERIC','',6),(224,27,'NUMERIC','',6),(225,27,'NUMERIC','',6),(26,33,'NUMERIC','',6),(27,33,'NUMERIC','',6),(83,33,'NUMERIC','',6),(84,33,'NUMERIC','',6),(224,33,'NUMERIC','',6),(225,33,'NUMERIC','',6),(26,28,'NUMERIC','',6),(27,28,'NUMERIC','',6),(83,28,'NUMERIC','',6),(84,28,'NUMERIC','',6),(224,28,'NUMERIC','',6),(225,28,'NUMERIC','',6),(26,32,'NUMERIC','',6),(27,32,'NUMERIC','',6),(83,32,'NUMERIC','',6),(84,32,'NUMERIC','',6),(224,32,'NUMERIC','',6),(225,32,'NUMERIC','',6),(26,34,'NUMERIC','',6),(27,34,'NUMERIC','',6),(83,34,'NUMERIC','',6),(84,34,'NUMERIC','',6),(224,34,'NUMERIC','',6),(225,34,'NUMERIC','',6),(34,27,'NUMERIC','',6),(35,27,'NUMERIC','',6),(34,28,'NUMERIC','',6),(35,28,'NUMERIC','',6),(34,32,'NUMERIC','',6),(35,32,'NUMERIC','',6),(34,34,'NUMERIC','',6),(35,34,'NUMERIC','',6),(34,33,'NUMERIC','',6),(35,33,'NUMERIC','',6),(32,27,'NUMERIC','',6),(33,27,'NUMERIC','',6),(32,28,'NUMERIC','',6),(33,28,'NUMERIC','',6),(32,32,'NUMERIC','',6),(33,32,'NUMERIC','',6),(32,34,'NUMERIC','',6),(33,34,'NUMERIC','',6),(32,33,'NUMERIC','',6),(33,33,'NUMERIC','',6),(107,33,'NUMERIC','',6),(110,33,'NUMERIC','',6),(111,33,'NUMERIC','',6),(113,33,'NUMERIC','',6),(141,33,'NUMERIC','',6),(142,33,'NUMERIC','',6),(143,33,'NUMERIC','',6),(107,28,'NUMERIC','',6),(110,28,'NUMERIC','',6),(111,28,'NUMERIC','',6),(113,28,'NUMERIC','',6),(141,28,'NUMERIC','',6),(142,28,'NUMERIC','',6),(143,28,'NUMERIC','',6),(107,32,'NUMERIC','',6),(110,32,'NUMERIC','',6),(111,32,'NUMERIC','',6),(113,32,'NUMERIC','',6),(141,32,'NUMERIC','',6),(142,32,'NUMERIC','',6),(143,32,'NUMERIC','',6),(107,34,'NUMERIC','',6),(110,34,'NUMERIC','',6),(111,34,'NUMERIC','',6),(113,34,'NUMERIC','',6),(141,34,'NUMERIC','',6),(142,34,'NUMERIC','',6),(143,34,'NUMERIC','',6),(226,14,'NUMERIC','',6),(250,14,'NUMERIC','',6),(226,27,'NUMERIC','',6),(250,27,'NUMERIC','',6),(226,33,'NUMERIC','',6),(250,33,'NUMERIC','',6),(226,5,'NUMERIC','',6),(250,5,'NUMERIC','',6),(226,6,'NUMERIC','',6),(250,6,'NUMERIC','',6),(226,8,'NUMERIC','',6),(250,8,'NUMERIC','',6),(226,32,'NUMERIC','',6),(250,32,'NUMERIC','',6),(226,34,'NUMERIC','',6),(250,34,'NUMERIC','',6),(226,7,'NUMERIC','',6),(250,7,'NUMERIC','',6),(226,28,'NUMERIC','',6),(250,28,'NUMERIC','',6),(3,27,'NUMERIC','',6),(4,27,'NUMERIC','',6),(92,27,'NUMERIC','',6),(93,27,'NUMERIC','',6),(3,33,'NUMERIC','',6),(4,33,'NUMERIC','',6),(92,33,'NUMERIC','',6),(93,33,'NUMERIC','',6),(3,28,'NUMERIC','',6),(4,28,'NUMERIC','',6),(92,28,'NUMERIC','',6),(93,28,'NUMERIC','',6),(3,32,'NUMERIC','',6),(4,32,'NUMERIC','',6),(92,32,'NUMERIC','',6),(93,32,'NUMERIC','',6),(3,34,'NUMERIC','',6),(4,34,'NUMERIC','',6),(92,34,'NUMERIC','',6),(93,34,'NUMERIC','',6),(25,27,'NUMERIC','',6),(57,27,'NUMERIC','',6),(91,27,'NUMERIC','',6),(25,28,'NUMERIC','',6),(57,28,'NUMERIC','',6),(91,28,'NUMERIC','',6),(25,33,'NUMERIC','',6),(57,33,'NUMERIC','',6),(91,33,'NUMERIC','',6),(25,32,'NUMERIC','',6),(57,32,'NUMERIC','',6),(91,32,'NUMERIC','',6),(25,34,'NUMERIC','',6),(57,34,'NUMERIC','',6),(91,34,'NUMERIC','',6),(55,27,'NUMERIC','',6),(58,27,'NUMERIC','',6),(144,27,'NUMERIC','',6),(55,28,'NUMERIC','',6),(58,28,'NUMERIC','',6),(144,28,'NUMERIC','',6),(55,33,'NUMERIC','',6),(58,33,'NUMERIC','',6),(144,33,'NUMERIC','',6),(55,32,'NUMERIC','',6),(58,32,'NUMERIC','',6),(144,32,'NUMERIC','',6),(25,43,'NUMERIC','',6),(57,43,'NUMERIC','',6),(91,43,'NUMERIC','',6),(55,34,'NUMERIC','',6),(58,34,'NUMERIC','',6),(144,34,'NUMERIC','',6),(55,4,'NUMERIC_ARRAY','',6),(58,4,'NUMERIC_ARRAY','',6),(144,4,'NUMERIC_ARRAY','',6),(54,27,'NUMERIC','',6),(59,27,'NUMERIC','',6),(54,28,'NUMERIC','',6),(59,28,'NUMERIC','',6),(54,33,'NUMERIC','',6),(59,33,'NUMERIC','',6),(54,32,'NUMERIC','',6),(59,32,'NUMERIC','',6),(54,34,'NUMERIC','',6),(59,34,'NUMERIC','',6),(56,34,'NUMERIC','',6),(60,34,'NUMERIC','',6),(56,32,'NUMERIC','',6),(60,32,'NUMERIC','',6),(56,27,'NUMERIC','',6),(60,27,'NUMERIC','',6),(56,28,'NUMERIC','',6),(60,28,'NUMERIC','',6),(56,33,'NUMERIC','',6),(60,33,'NUMERIC','',6),(281,1,'NUMERIC','1',6),(281,16,'NUMERIC','',6),(147,5,'NUMERIC','',6),(148,5,'NUMERIC','',6),(147,6,'NUMERIC','',6),(148,6,'NUMERIC','',6),(147,8,'NUMERIC','',6),(148,8,'NUMERIC','',6),(147,32,'NUMERIC','',6),(148,32,'NUMERIC','',6),(147,34,'NUMERIC','',6),(148,34,'NUMERIC','',6),(147,7,'NUMERIC','',6),(148,7,'NUMERIC','',6),(147,14,'NUMERIC','',6),(148,14,'NUMERIC','',6),(147,27,'NUMERIC','',6),(148,27,'NUMERIC','',6),(147,33,'NUMERIC','',6),(148,33,'NUMERIC','',6),(147,28,'NUMERIC','',6),(148,28,'NUMERIC','',6),(147,4,'NUMERIC_ARRAY','',6),(148,4,'NUMERIC_ARRAY','',6),(147,15,'NUMERIC','',6),(148,15,'NUMERIC','',6),(147,24,'NUMERIC','',6),(148,24,'NUMERIC','',6),(147,25,'NUMERIC','',6),(148,25,'NUMERIC','',6),(147,43,'NUMERIC','',6),(148,43,'NUMERIC','',6),(282,1,'NUMERIC','1',6),(282,13,'NUMERIC_ARRAY','',6),(282,6,'NUMERIC','',6),(282,5,'NUMERIC','',6),(282,8,'NUMERIC','',6),(282,7,'NUMERIC','',6),(282,14,'NUMERIC','',6),(282,15,'NUMERIC','',6),(282,23,'NUMERIC_ARRAY','',6),(282,25,'NUMERIC','',6),(282,24,'NUMERIC','',6),(282,43,'NUMERIC','',6),(282,22,'NUMERIC','',6),(282,2,'NUMERIC_ARRAY','',6),(282,9,'NUMERIC_ARRAY','',6),(282,27,'NUMERIC','',6),(282,28,'NUMERIC','',6),(282,33,'NUMERIC','',6),(282,32,'NUMERIC','',6),(282,34,'NUMERIC','',6),(282,4,'NUMERIC_ARRAY','',6),(283,20,'NUMERIC','',6),(283,16,'NUMERIC','',6),(283,18,'NUMERIC','',6),(283,19,'NUMERIC','',6),(283,17,'NUMERIC','',6),(283,1,'NUMERIC','1',6),(283,42,'NUMERIC','',6),(146,4,'NUMERIC_ARRAY','',6),(198,4,'NUMERIC_ARRAY','',6),(192,14,'NUMERIC','',6),(192,27,'NUMERIC','',6),(192,33,'NUMERIC','',6),(192,28,'NUMERIC','',6),(192,5,'NUMERIC','',6),(192,6,'NUMERIC','',6),(192,8,'NUMERIC','',6),(192,32,'NUMERIC','',6),(192,34,'NUMERIC','',6),(192,7,'NUMERIC','',6),(192,2,'NUMERIC_ARRAY','',6),(284,20,'NUMERIC','',6),(284,16,'NUMERIC','',6),(284,18,'NUMERIC','',6),(284,19,'NUMERIC','',6),(284,17,'NUMERIC','',6),(284,1,'NUMERIC','1',6),(284,42,'NUMERIC','',6),(147,23,'NUMERIC_ARRAY','',6),(148,23,'NUMERIC_ARRAY','',6),(146,8,'NUMERIC','',6),(198,8,'NUMERIC','',6),(32,3,'STRING','',6),(33,3,'STRING','',6),(1,22,'NUMERIC','',6),(2,22,'NUMERIC','',6),(11,22,'NUMERIC','',6),(12,22,'NUMERIC','',6),(13,22,'NUMERIC','',6),(14,22,'NUMERIC','',6),(15,22,'NUMERIC','',6),(16,22,'NUMERIC','',6),(17,22,'NUMERIC','',6),(18,22,'NUMERIC','',6),(19,22,'NUMERIC','',6),(20,22,'NUMERIC','',6),(21,22,'NUMERIC','',6),(22,22,'NUMERIC','',6),(23,22,'NUMERIC','',6),(24,22,'NUMERIC','',6),(28,22,'NUMERIC','',6),(29,22,'NUMERIC','',6),(30,22,'NUMERIC','',6),(31,22,'NUMERIC','',6),(36,22,'NUMERIC','',6),(37,22,'NUMERIC','',6),(38,22,'NUMERIC','',6),(39,22,'NUMERIC','',6),(40,22,'NUMERIC','',6),(41,22,'NUMERIC','',6),(42,22,'NUMERIC','',6),(43,22,'NUMERIC','',6),(44,22,'NUMERIC','',6),(45,22,'NUMERIC','',6),(49,22,'NUMERIC','',6),(50,22,'NUMERIC','',6),(96,22,'NUMERIC','',6),(97,22,'NUMERIC','',6),(187,22,'NUMERIC','',6),(188,22,'NUMERIC','',6),(189,22,'NUMERIC','',6),(190,22,'NUMERIC','',6),(98,22,'NUMERIC','',6),(99,22,'NUMERIC','',6),(100,22,'NUMERIC','',6),(101,22,'NUMERIC','',6),(102,22,'NUMERIC','',6),(103,22,'NUMERIC','',6),(104,22,'NUMERIC','',6),(105,22,'NUMERIC','',6),(285,1,'NUMERIC','1',6),(286,1,'NUMERIC','1',6),(287,1,'NUMERIC','1',6),(288,1,'NUMERIC','1',6),(289,1,'NUMERIC','1',6),(290,1,'NUMERIC','1',6),(291,1,'NUMERIC','1',6),(107,27,'NUMERIC','',6),(110,27,'NUMERIC','',6),(111,27,'NUMERIC','',6),(113,27,'NUMERIC','',6),(141,27,'NUMERIC','',6),(142,27,'NUMERIC','',6),(143,27,'NUMERIC','',6),(107,2,'NUMERIC_ARRAY','',6),(110,2,'NUMERIC_ARRAY','',6),(111,2,'NUMERIC_ARRAY','',6),(113,2,'NUMERIC_ARRAY','',6),(141,2,'NUMERIC_ARRAY','',6),(142,2,'NUMERIC_ARRAY','',6),(143,2,'NUMERIC_ARRAY','',6),(107,7,'NUMERIC','',6),(110,7,'NUMERIC','',6),(111,7,'NUMERIC','',6),(113,7,'NUMERIC','',6),(141,7,'NUMERIC','',6),(142,7,'NUMERIC','',6),(143,7,'NUMERIC','',6),(107,8,'NUMERIC','',6),(110,8,'NUMERIC','',6),(111,8,'NUMERIC','',6),(113,8,'NUMERIC','',6),(141,8,'NUMERIC','',6),(142,8,'NUMERIC','',6),(143,8,'NUMERIC','',6),(146,3,'STRING','',6),(198,3,'STRING','',6),(158,2,'NUMERIC_ARRAY','',6),(159,2,'NUMERIC_ARRAY','',6),(160,2,'NUMERIC_ARRAY','',6),(193,2,'NUMERIC_ARRAY','',6),(194,2,'NUMERIC_ARRAY','',6),(197,2,'NUMERIC_ARRAY','',6),(254,2,'NUMERIC_ARRAY','',6),(256,2,'NUMERIC_ARRAY','',6),(158,3,'STRING','',6),(159,3,'STRING','',6),(160,3,'STRING','',6),(193,3,'STRING','',6),(194,3,'STRING','',6),(197,3,'STRING','',6),(254,3,'STRING','',6),(256,3,'STRING','',6),(158,4,'NUMERIC_ARRAY','',6),(159,4,'NUMERIC_ARRAY','',6),(160,4,'NUMERIC_ARRAY','',6),(193,4,'NUMERIC_ARRAY','',6),(194,4,'NUMERIC_ARRAY','',6),(197,4,'NUMERIC_ARRAY','',6),(254,4,'NUMERIC_ARRAY','',6),(256,4,'NUMERIC_ARRAY','',6),(234,44,'NUMERIC_ARRAY','',6),(235,44,'NUMERIC_ARRAY','',6),(285,44,'NUMERIC_ARRAY','',6),(286,44,'NUMERIC_ARRAY','',6),(287,44,'NUMERIC_ARRAY','',6),(288,44,'NUMERIC_ARRAY','',6),(289,44,'NUMERIC_ARRAY','',6),(290,44,'NUMERIC_ARRAY','',6),(291,44,'NUMERIC_ARRAY','',6),(292,1,'NUMERIC','1',6),(292,2,'NUMERIC_ARRAY','',6),(292,3,'STRING','',6),(292,5,'NUMERIC','',6),(292,6,'NUMERIC','',6),(292,8,'NUMERIC','',6),(292,7,'NUMERIC','',6),(292,4,'NUMERIC_ARRAY','',6),(292,9,'NUMERIC_ARRAY','',6),(292,14,'NUMERIC','',6),(292,15,'NUMERIC','',6),(292,22,'NUMERIC','',6),(292,27,'NUMERIC','',6),(292,33,'NUMERIC','',6),(292,28,'NUMERIC','',6),(292,32,'NUMERIC','',6),(292,34,'NUMERIC','',6),(238,14,'NUMERIC','',6),(239,14,'NUMERIC','',6),(261,14,'NUMERIC','',6),(238,27,'NUMERIC','',6),(239,27,'NUMERIC','',6),(261,27,'NUMERIC','',6),(238,33,'NUMERIC','',6),(239,33,'NUMERIC','',6),(261,33,'NUMERIC','',6),(238,22,'NUMERIC','',6),(239,22,'NUMERIC','',6),(261,22,'NUMERIC','',6),(238,9,'NUMERIC_ARRAY','',6),(239,9,'NUMERIC_ARRAY','',6),(261,9,'NUMERIC_ARRAY','',6),(238,28,'NUMERIC','',6),(239,28,'NUMERIC','',6),(261,28,'NUMERIC','',6),(238,5,'NUMERIC','',6),(239,5,'NUMERIC','',6),(261,5,'NUMERIC','',6),(238,15,'NUMERIC','',6),(239,15,'NUMERIC','',6),(261,15,'NUMERIC','',6),(238,6,'NUMERIC','',6),(239,6,'NUMERIC','',6),(261,6,'NUMERIC','',6),(238,8,'NUMERIC','',6),(239,8,'NUMERIC','',6),(261,8,'NUMERIC','',6),(238,32,'NUMERIC','',6),(239,32,'NUMERIC','',6),(261,32,'NUMERIC','',6),(238,34,'NUMERIC','',6),(239,34,'NUMERIC','',6),(261,34,'NUMERIC','',6),(238,2,'NUMERIC_ARRAY','',6),(239,2,'NUMERIC_ARRAY','',6),(261,2,'NUMERIC_ARRAY','',6),(248,7,'NUMERIC','',6),(249,7,'NUMERIC','',6),(248,4,'NUMERIC_ARRAY','',6),(249,4,'NUMERIC_ARRAY','',6),(248,2,'NUMERIC_ARRAY','',6),(249,2,'NUMERIC_ARRAY','',6),(248,9,'NUMERIC_ARRAY','',6),(249,9,'NUMERIC_ARRAY','',6),(248,14,'NUMERIC','',6),(249,14,'NUMERIC','',6),(248,27,'NUMERIC','',6),(249,27,'NUMERIC','',6),(248,33,'NUMERIC','',6),(249,33,'NUMERIC','',6),(248,22,'NUMERIC','',6),(249,22,'NUMERIC','',6),(248,23,'NUMERIC_ARRAY','',6),(249,23,'NUMERIC_ARRAY','',6),(248,28,'NUMERIC','',6),(249,28,'NUMERIC','',6),(248,5,'NUMERIC','',6),(249,5,'NUMERIC','',6),(248,15,'NUMERIC','',6),(249,15,'NUMERIC','',6),(248,6,'NUMERIC','',6),(249,6,'NUMERIC','',6),(248,8,'NUMERIC','',6),(249,8,'NUMERIC','',6),(248,25,'NUMERIC','',6),(249,25,'NUMERIC','',6),(248,24,'NUMERIC','',6),(249,24,'NUMERIC','',6),(248,32,'NUMERIC','',6),(249,32,'NUMERIC','',6),(248,34,'NUMERIC','',6),(249,34,'NUMERIC','',6),(248,43,'NUMERIC','',6),(249,43,'NUMERIC','',6),(246,4,'NUMERIC_ARRAY','',6),(247,4,'NUMERIC_ARRAY','',6),(246,2,'NUMERIC_ARRAY','',6),(247,2,'NUMERIC_ARRAY','',6),(246,14,'NUMERIC','',6),(247,14,'NUMERIC','',6),(246,27,'NUMERIC','',6),(247,27,'NUMERIC','',6),(246,33,'NUMERIC','',6),(247,33,'NUMERIC','',6),(246,22,'NUMERIC','',6),(247,22,'NUMERIC','',6),(246,9,'NUMERIC_ARRAY','',6),(247,9,'NUMERIC_ARRAY','',6),(246,28,'NUMERIC','',6),(247,28,'NUMERIC','',6),(246,5,'NUMERIC','',6),(247,5,'NUMERIC','',6),(246,15,'NUMERIC','',6),(247,15,'NUMERIC','',6),(246,6,'NUMERIC','',6),(247,6,'NUMERIC','',6),(246,8,'NUMERIC','',6),(247,8,'NUMERIC','',6),(246,32,'NUMERIC','',6),(247,32,'NUMERIC','',6),(246,34,'NUMERIC','',6),(247,34,'NUMERIC','',6),(246,7,'NUMERIC','',6),(247,7,'NUMERIC','',6),(53,16,'NUMERIC','',6),(201,16,'NUMERIC','',6),(215,16,'NUMERIC','',6),(216,16,'NUMERIC','',6),(242,16,'NUMERIC','',6),(243,16,'NUMERIC','',6),(226,4,'NUMERIC_ARRAY','',6),(250,4,'NUMERIC_ARRAY','',6),(226,2,'NUMERIC_ARRAY','',6),(250,2,'NUMERIC_ARRAY','',6),(226,22,'NUMERIC','',6),(250,22,'NUMERIC','',6),(226,9,'NUMERIC_ARRAY','',6),(250,9,'NUMERIC_ARRAY','',6),(226,15,'NUMERIC','',6),(250,15,'NUMERIC','',6),(171,4,'NUMERIC_ARRAY','',6),(172,4,'NUMERIC_ARRAY','',6),(173,4,'NUMERIC_ARRAY','',6),(174,4,'NUMERIC_ARRAY','',6),(175,4,'NUMERIC_ARRAY','',6),(176,4,'NUMERIC_ARRAY','',6),(177,4,'NUMERIC_ARRAY','',6),(178,4,'NUMERIC_ARRAY','',6),(171,2,'NUMERIC_ARRAY','',6),(172,2,'NUMERIC_ARRAY','',6),(173,2,'NUMERIC_ARRAY','',6),(174,2,'NUMERIC_ARRAY','',6),(175,2,'NUMERIC_ARRAY','',6),(176,2,'NUMERIC_ARRAY','',6),(177,2,'NUMERIC_ARRAY','',6),(178,2,'NUMERIC_ARRAY','',6),(171,15,'NUMERIC','',6),(172,15,'NUMERIC','',6),(173,15,'NUMERIC','',6),(174,15,'NUMERIC','',6),(175,15,'NUMERIC','',6),(176,15,'NUMERIC','',6),(177,15,'NUMERIC','',6),(178,15,'NUMERIC','',6),(147,9,'NUMERIC_ARRAY','',6),(148,9,'NUMERIC_ARRAY','',6),(147,22,'NUMERIC','',6),(148,22,'NUMERIC','',6),(158,5,'NUMERIC','',6),(159,5,'NUMERIC','',6),(160,5,'NUMERIC','',6),(193,5,'NUMERIC','',6),(194,5,'NUMERIC','',6),(197,5,'NUMERIC','',6),(254,5,'NUMERIC','',6),(256,5,'NUMERIC','',6),(238,7,'NUMERIC','',6),(239,7,'NUMERIC','',6),(261,7,'NUMERIC','',6),(158,6,'NUMERIC','',6),(159,6,'NUMERIC','',6),(160,6,'NUMERIC','',6),(193,6,'NUMERIC','',6),(194,6,'NUMERIC','',6),(197,6,'NUMERIC','',6),(254,6,'NUMERIC','',6),(256,6,'NUMERIC','',6),(158,28,'NUMERIC','',6),(159,28,'NUMERIC','',6),(160,28,'NUMERIC','',6),(193,28,'NUMERIC','',6),(194,28,'NUMERIC','',6),(197,28,'NUMERIC','',6),(254,28,'NUMERIC','',6),(256,28,'NUMERIC','',6),(158,7,'NUMERIC','',6),(159,7,'NUMERIC','',6),(160,7,'NUMERIC','',6),(193,7,'NUMERIC','',6),(194,7,'NUMERIC','',6),(197,7,'NUMERIC','',6),(254,7,'NUMERIC','',6),(256,7,'NUMERIC','',6),(238,4,'NUMERIC_ARRAY','',6),(239,4,'NUMERIC_ARRAY','',6),(261,4,'NUMERIC_ARRAY','',6),(293,1,'NUMERIC','1',6),(293,16,'NUMERIC','',6),(192,4,'NUMERIC_ARRAY','',6),(192,9,'NUMERIC_ARRAY','',6),(192,22,'NUMERIC','',6),(192,15,'NUMERIC','',6),(294,1,'NUMERIC','1',6),(294,16,'NUMERIC','',6),(295,20,'NUMERIC','',6),(295,16,'NUMERIC','',6),(295,18,'NUMERIC','',6),(295,19,'NUMERIC','',6),(295,17,'NUMERIC','',6),(295,1,'NUMERIC','1',6),(295,42,'NUMERIC','',6),(296,1,'NUMERIC','1',6),(296,4,'NUMERIC_ARRAY','',6),(296,5,'NUMERIC','',6),(296,6,'NUMERIC','',6),(296,8,'NUMERIC','',6),(296,7,'NUMERIC','',6),(296,2,'NUMERIC_ARRAY','',6),(296,9,'NUMERIC_ARRAY','',6),(296,15,'NUMERIC','',6),(296,22,'NUMERIC','',6),(297,1,'NUMERIC','1',6),(297,4,'NUMERIC_ARRAY','',6),(297,5,'NUMERIC','',6),(297,6,'NUMERIC','',6),(297,8,'NUMERIC','',6),(297,7,'NUMERIC','',6),(297,2,'NUMERIC_ARRAY','',6),(297,9,'NUMERIC_ARRAY','',6),(297,15,'NUMERIC','',6),(297,22,'NUMERIC','',6),(217,14,'NUMERIC','',6),(218,14,'NUMERIC','',6),(223,14,'NUMERIC','',6),(217,27,'NUMERIC','',6),(218,27,'NUMERIC','',6),(223,27,'NUMERIC','',6),(217,33,'NUMERIC','',6),(218,33,'NUMERIC','',6),(223,33,'NUMERIC','',6),(217,4,'NUMERIC_ARRAY','',6),(218,4,'NUMERIC_ARRAY','',6),(223,4,'NUMERIC_ARRAY','',6),(217,22,'NUMERIC','',6),(218,22,'NUMERIC','',6),(223,22,'NUMERIC','',6),(217,9,'NUMERIC_ARRAY','',6),(218,9,'NUMERIC_ARRAY','',6),(223,9,'NUMERIC_ARRAY','',6),(217,28,'NUMERIC','',6),(218,28,'NUMERIC','',6),(223,28,'NUMERIC','',6),(217,5,'NUMERIC','',6),(218,5,'NUMERIC','',6),(223,5,'NUMERIC','',6),(217,6,'NUMERIC','',6),(218,6,'NUMERIC','',6),(223,6,'NUMERIC','',6),(217,8,'NUMERIC','',6),(218,8,'NUMERIC','',6),(223,8,'NUMERIC','',6),(217,16,'NUMERIC','',6),(218,16,'NUMERIC','',6),(223,16,'NUMERIC','',6),(217,32,'NUMERIC','',6),(218,32,'NUMERIC','',6),(223,32,'NUMERIC','',6),(217,34,'NUMERIC','',6),(218,34,'NUMERIC','',6),(223,34,'NUMERIC','',6),(217,2,'NUMERIC_ARRAY','',6),(218,2,'NUMERIC_ARRAY','',6),(223,2,'NUMERIC_ARRAY','',6),(217,7,'NUMERIC','',6),(218,7,'NUMERIC','',6),(223,7,'NUMERIC','',6),(53,45,'NUMERIC','',6),(201,45,'NUMERIC','',6),(215,45,'NUMERIC','',6),(216,45,'NUMERIC','',6),(242,45,'NUMERIC','',6),(243,45,'NUMERIC','',6),(171,22,'NUMERIC','',6),(172,22,'NUMERIC','',6),(173,22,'NUMERIC','',6),(174,22,'NUMERIC','',6),(175,22,'NUMERIC','',6),(176,22,'NUMERIC','',6),(177,22,'NUMERIC','',6),(178,22,'NUMERIC','',6),(171,45,'NUMERIC','',6),(172,45,'NUMERIC','',6),(173,45,'NUMERIC','',6),(174,45,'NUMERIC','',6),(175,45,'NUMERIC','',6),(176,45,'NUMERIC','',6),(177,45,'NUMERIC','',6),(178,45,'NUMERIC','',6),(95,14,'NUMERIC','',6),(227,14,'NUMERIC','',6),(228,14,'NUMERIC','',6),(95,27,'NUMERIC','',6),(227,27,'NUMERIC','',6),(228,27,'NUMERIC','',6),(95,33,'NUMERIC','',6),(227,33,'NUMERIC','',6),(228,33,'NUMERIC','',6),(95,4,'NUMERIC_ARRAY','',6),(227,4,'NUMERIC_ARRAY','',6),(228,4,'NUMERIC_ARRAY','',6),(95,22,'NUMERIC','',6),(227,22,'NUMERIC','',6),(228,22,'NUMERIC','',6),(95,9,'NUMERIC_ARRAY','',6),(227,9,'NUMERIC_ARRAY','',6),(228,9,'NUMERIC_ARRAY','',6),(95,28,'NUMERIC','',6),(227,28,'NUMERIC','',6),(228,28,'NUMERIC','',6),(95,5,'NUMERIC','',6),(227,5,'NUMERIC','',6),(228,5,'NUMERIC','',6),(95,15,'NUMERIC','',6),(227,15,'NUMERIC','',6),(228,15,'NUMERIC','',6),(95,6,'NUMERIC','',6),(227,6,'NUMERIC','',6),(228,6,'NUMERIC','',6),(95,8,'NUMERIC','',6),(227,8,'NUMERIC','',6),(228,8,'NUMERIC','',6),(95,32,'NUMERIC','',6),(227,32,'NUMERIC','',6),(228,32,'NUMERIC','',6),(95,34,'NUMERIC','',6),(227,34,'NUMERIC','',6),(228,34,'NUMERIC','',6),(95,2,'NUMERIC_ARRAY','',6),(227,2,'NUMERIC_ARRAY','',6),(228,2,'NUMERIC_ARRAY','',6),(95,7,'NUMERIC','',6),(227,7,'NUMERIC','',6),(228,7,'NUMERIC','',6),(251,16,'NUMERIC','',6),(251,15,'NUMERIC','',6),(51,45,'NUMERIC','',6),(52,45,'NUMERIC','',6),(200,45,'NUMERIC','',6),(237,45,'NUMERIC','',6),(240,45,'NUMERIC','',6),(241,45,'NUMERIC','',6),(252,45,'NUMERIC','',6),(255,45,'NUMERIC','',6),(257,45,'NUMERIC','',6),(258,45,'NUMERIC','',6),(259,45,'NUMERIC','',6),(262,45,'NUMERIC','',6),(283,45,'NUMERIC','',6),(284,45,'NUMERIC','',6),(295,45,'NUMERIC','',6),(226,23,'NUMERIC_ARRAY','',6),(250,23,'NUMERIC_ARRAY','',6),(226,24,'NUMERIC','',6),(250,24,'NUMERIC','',6),(226,3,'STRING','',6),(250,3,'STRING','',6),(191,14,'NUMERIC','',6),(204,14,'NUMERIC','',6),(207,14,'NUMERIC','',6),(208,14,'NUMERIC','',6),(191,27,'NUMERIC','',6),(204,27,'NUMERIC','',6),(207,27,'NUMERIC','',6),(208,27,'NUMERIC','',6),(191,33,'NUMERIC','',6),(204,33,'NUMERIC','',6),(207,33,'NUMERIC','',6),(208,33,'NUMERIC','',6),(191,22,'NUMERIC','',6),(204,22,'NUMERIC','',6),(207,22,'NUMERIC','',6),(208,22,'NUMERIC','',6),(191,23,'NUMERIC_ARRAY','',6),(204,23,'NUMERIC_ARRAY','',6),(207,23,'NUMERIC_ARRAY','',6),(208,23,'NUMERIC_ARRAY','',6),(191,9,'NUMERIC_ARRAY','',6),(204,9,'NUMERIC_ARRAY','',6),(207,9,'NUMERIC_ARRAY','',6),(208,9,'NUMERIC_ARRAY','',6),(191,28,'NUMERIC','',6),(204,28,'NUMERIC','',6),(207,28,'NUMERIC','',6),(208,28,'NUMERIC','',6),(191,5,'NUMERIC','',6),(204,5,'NUMERIC','',6),(207,5,'NUMERIC','',6),(208,5,'NUMERIC','',6),(191,15,'NUMERIC','',6),(204,15,'NUMERIC','',6),(207,15,'NUMERIC','',6),(208,15,'NUMERIC','',6),(191,6,'NUMERIC','',6),(204,6,'NUMERIC','',6),(207,6,'NUMERIC','',6),(208,6,'NUMERIC','',6),(191,43,'NUMERIC','',6),(204,43,'NUMERIC','',6),(207,43,'NUMERIC','',6),(208,43,'NUMERIC','',6),(191,4,'NUMERIC_ARRAY','',6),(204,4,'NUMERIC_ARRAY','',6),(207,4,'NUMERIC_ARRAY','',6),(208,4,'NUMERIC_ARRAY','',6),(191,8,'NUMERIC','',6),(204,8,'NUMERIC','',6),(207,8,'NUMERIC','',6),(208,8,'NUMERIC','',6),(191,25,'NUMERIC','',6),(204,25,'NUMERIC','',6),(207,25,'NUMERIC','',6),(208,25,'NUMERIC','',6),(191,24,'NUMERIC','',6),(204,24,'NUMERIC','',6),(207,24,'NUMERIC','',6),(208,24,'NUMERIC','',6),(191,32,'NUMERIC','',6),(204,32,'NUMERIC','',6),(207,32,'NUMERIC','',6),(208,32,'NUMERIC','',6),(191,34,'NUMERIC','',6),(204,34,'NUMERIC','',6),(207,34,'NUMERIC','',6),(208,34,'NUMERIC','',6),(191,2,'NUMERIC_ARRAY','',6),(204,2,'NUMERIC_ARRAY','',6),(207,2,'NUMERIC_ARRAY','',6),(208,2,'NUMERIC_ARRAY','',6),(191,3,'STRING','',6),(204,3,'STRING','',6),(207,3,'STRING','',6),(208,3,'STRING','',6),(191,7,'NUMERIC','',6),(204,7,'NUMERIC','',6),(207,7,'NUMERIC','',6),(208,7,'NUMERIC','',6),(203,4,'NUMERIC_ARRAY','',6),(205,4,'NUMERIC_ARRAY','',6),(203,2,'NUMERIC_ARRAY','',6),(205,2,'NUMERIC_ARRAY','',6),(203,45,'NUMERIC','',6),(205,45,'NUMERIC','',6),(203,24,'NUMERIC','',6),(205,24,'NUMERIC','',6),(203,23,'NUMERIC_ARRAY','',6),(205,23,'NUMERIC_ARRAY','',6),(203,25,'NUMERIC','',6),(205,25,'NUMERIC','',6),(195,14,'NUMERIC','',6),(196,14,'NUMERIC','',6),(202,14,'NUMERIC','',6),(272,14,'NUMERIC','',6),(195,27,'NUMERIC','',6),(196,27,'NUMERIC','',6),(202,27,'NUMERIC','',6),(272,27,'NUMERIC','',6),(195,33,'NUMERIC','',6),(196,33,'NUMERIC','',6),(202,33,'NUMERIC','',6),(272,33,'NUMERIC','',6),(195,4,'NUMERIC_ARRAY','',6),(196,4,'NUMERIC_ARRAY','',6),(202,4,'NUMERIC_ARRAY','',6),(272,4,'NUMERIC_ARRAY','',6),(195,22,'NUMERIC','',6),(196,22,'NUMERIC','',6),(202,22,'NUMERIC','',6),(272,22,'NUMERIC','',6),(195,9,'NUMERIC_ARRAY','',6),(196,9,'NUMERIC_ARRAY','',6),(202,9,'NUMERIC_ARRAY','',6),(272,9,'NUMERIC_ARRAY','',6),(195,28,'NUMERIC','',6),(196,28,'NUMERIC','',6),(202,28,'NUMERIC','',6),(272,28,'NUMERIC','',6),(195,5,'NUMERIC','',6),(196,5,'NUMERIC','',6),(202,5,'NUMERIC','',6),(272,5,'NUMERIC','',6),(195,15,'NUMERIC','',6),(196,15,'NUMERIC','',6),(202,15,'NUMERIC','',6),(272,15,'NUMERIC','',6),(195,6,'NUMERIC','',6),(196,6,'NUMERIC','',6),(202,6,'NUMERIC','',6),(272,6,'NUMERIC','',6),(195,8,'NUMERIC','',6),(196,8,'NUMERIC','',6),(202,8,'NUMERIC','',6),(272,8,'NUMERIC','',6),(195,32,'NUMERIC','',6),(196,32,'NUMERIC','',6),(202,32,'NUMERIC','',6),(272,32,'NUMERIC','',6),(195,34,'NUMERIC','',6),(196,34,'NUMERIC','',6),(202,34,'NUMERIC','',6),(272,34,'NUMERIC','',6),(195,7,'NUMERIC','',6),(196,7,'NUMERIC','',6),(202,7,'NUMERIC','',6),(272,7,'NUMERIC','',6),(34,24,'NUMERIC','',6),(35,24,'NUMERIC','',6),(34,23,'NUMERIC_ARRAY','',6),(35,23,'NUMERIC_ARRAY','',6),(158,23,'NUMERIC_ARRAY','',6),(159,23,'NUMERIC_ARRAY','',6),(160,23,'NUMERIC_ARRAY','',6),(193,23,'NUMERIC_ARRAY','',6),(194,23,'NUMERIC_ARRAY','',6),(197,23,'NUMERIC_ARRAY','',6),(254,23,'NUMERIC_ARRAY','',6),(256,23,'NUMERIC_ARRAY','',6),(158,25,'NUMERIC','',6),(159,25,'NUMERIC','',6),(160,25,'NUMERIC','',6),(193,25,'NUMERIC','',6),(194,25,'NUMERIC','',6),(197,25,'NUMERIC','',6),(254,25,'NUMERIC','',6),(256,25,'NUMERIC','',6),(158,24,'NUMERIC','',6),(159,24,'NUMERIC','',6),(160,24,'NUMERIC','',6),(193,24,'NUMERIC','',6),(194,24,'NUMERIC','',6),(197,24,'NUMERIC','',6),(254,24,'NUMERIC','',6),(256,24,'NUMERIC','',6),(192,24,'NUMERIC','',6),(192,23,'NUMERIC_ARRAY','',6),(192,25,'NUMERIC','',6),(171,25,'NUMERIC','',6),(172,25,'NUMERIC','',6),(173,25,'NUMERIC','',6),(174,25,'NUMERIC','',6),(175,25,'NUMERIC','',6),(176,25,'NUMERIC','',6),(177,25,'NUMERIC','',6),(178,25,'NUMERIC','',6),(171,24,'NUMERIC','',6),(172,24,'NUMERIC','',6),(173,24,'NUMERIC','',6),(174,24,'NUMERIC','',6),(175,24,'NUMERIC','',6),(176,24,'NUMERIC','',6),(177,24,'NUMERIC','',6),(178,24,'NUMERIC','',6),(171,23,'NUMERIC_ARRAY','',6),(172,23,'NUMERIC_ARRAY','',6),(173,23,'NUMERIC_ARRAY','',6),(174,23,'NUMERIC_ARRAY','',6),(175,23,'NUMERIC_ARRAY','',6),(176,23,'NUMERIC_ARRAY','',6),(177,23,'NUMERIC_ARRAY','',6),(178,23,'NUMERIC_ARRAY','',6),(238,23,'NUMERIC_ARRAY','',6),(239,23,'NUMERIC_ARRAY','',6),(261,23,'NUMERIC_ARRAY','',6),(238,24,'NUMERIC','',6),(239,24,'NUMERIC','',6),(261,24,'NUMERIC','',6),(1,46,'NUMERIC_ARRAY','',6),(2,46,'NUMERIC_ARRAY','',6),(11,46,'NUMERIC_ARRAY','',6),(12,46,'NUMERIC_ARRAY','',6),(13,46,'NUMERIC_ARRAY','',6),(14,46,'NUMERIC_ARRAY','',6),(15,46,'NUMERIC_ARRAY','',6),(16,46,'NUMERIC_ARRAY','',6),(17,46,'NUMERIC_ARRAY','',6),(18,46,'NUMERIC_ARRAY','',6),(19,46,'NUMERIC_ARRAY','',6),(20,46,'NUMERIC_ARRAY','',6),(21,46,'NUMERIC_ARRAY','',6),(22,46,'NUMERIC_ARRAY','',6),(23,46,'NUMERIC_ARRAY','',6),(24,46,'NUMERIC_ARRAY','',6),(28,46,'NUMERIC_ARRAY','',6),(29,46,'NUMERIC_ARRAY','',6),(30,46,'NUMERIC_ARRAY','',6),(31,46,'NUMERIC_ARRAY','',6),(36,46,'NUMERIC_ARRAY','',6),(37,46,'NUMERIC_ARRAY','',6),(38,46,'NUMERIC_ARRAY','',6),(39,46,'NUMERIC_ARRAY','',6),(40,46,'NUMERIC_ARRAY','',6),(41,46,'NUMERIC_ARRAY','',6),(42,46,'NUMERIC_ARRAY','',6),(43,46,'NUMERIC_ARRAY','',6),(44,46,'NUMERIC_ARRAY','',6),(45,46,'NUMERIC_ARRAY','',6),(49,46,'NUMERIC_ARRAY','',6),(50,46,'NUMERIC_ARRAY','',6),(96,46,'NUMERIC_ARRAY','',6),(97,46,'NUMERIC_ARRAY','',6),(187,46,'NUMERIC_ARRAY','',6),(188,46,'NUMERIC_ARRAY','',6),(189,46,'NUMERIC_ARRAY','',6),(190,46,'NUMERIC_ARRAY','',6),(296,46,'NUMERIC_ARRAY','',6),(297,46,'NUMERIC_ARRAY','',6),(238,46,'NUMERIC_ARRAY','',6),(239,46,'NUMERIC_ARRAY','',6),(261,46,'NUMERIC_ARRAY','',6),(238,25,'NUMERIC','',6),(239,25,'NUMERIC','',6),(261,25,'NUMERIC','',6),(146,24,'NUMERIC','',6),(198,24,'NUMERIC','',6),(146,25,'NUMERIC','',6),(198,25,'NUMERIC','',6),(146,22,'NUMERIC','',6),(198,22,'NUMERIC','',6),(146,23,'NUMERIC_ARRAY','',6),(198,23,'NUMERIC_ARRAY','',6),(192,46,'NUMERIC_ARRAY','',6),(158,46,'NUMERIC_ARRAY','',6),(159,46,'NUMERIC_ARRAY','',6),(160,46,'NUMERIC_ARRAY','',6),(193,46,'NUMERIC_ARRAY','',6),(194,46,'NUMERIC_ARRAY','',6),(197,46,'NUMERIC_ARRAY','',6),(254,46,'NUMERIC_ARRAY','',6),(256,46,'NUMERIC_ARRAY','',6),(26,46,'NUMERIC_ARRAY','',6),(27,46,'NUMERIC_ARRAY','',6),(83,46,'NUMERIC_ARRAY','',6),(84,46,'NUMERIC_ARRAY','',6),(224,46,'NUMERIC_ARRAY','',6),(225,46,'NUMERIC_ARRAY','',6),(292,46,'NUMERIC_ARRAY','',6),(248,46,'NUMERIC_ARRAY','',6),(249,46,'NUMERIC_ARRAY','',6),(5,46,'NUMERIC_ARRAY','',6),(6,46,'NUMERIC_ARRAY','',6),(7,46,'NUMERIC_ARRAY','',6),(8,46,'NUMERIC_ARRAY','',6),(9,46,'NUMERIC_ARRAY','',6),(10,46,'NUMERIC_ARRAY','',6),(62,46,'NUMERIC_ARRAY','',6),(85,46,'NUMERIC_ARRAY','',6),(86,46,'NUMERIC_ARRAY','',6),(87,46,'NUMERIC_ARRAY','',6),(88,46,'NUMERIC_ARRAY','',6),(89,46,'NUMERIC_ARRAY','',6),(90,46,'NUMERIC_ARRAY','',6),(94,46,'NUMERIC_ARRAY','',6),(108,46,'NUMERIC_ARRAY','',6),(109,46,'NUMERIC_ARRAY','',6),(149,46,'NUMERIC_ARRAY','',6),(150,46,'NUMERIC_ARRAY','',6),(151,46,'NUMERIC_ARRAY','',6),(152,46,'NUMERIC_ARRAY','',6),(153,46,'NUMERIC_ARRAY','',6),(154,46,'NUMERIC_ARRAY','',6),(230,46,'NUMERIC_ARRAY','',6),(231,46,'NUMERIC_ARRAY','',6),(232,46,'NUMERIC_ARRAY','',6),(233,46,'NUMERIC_ARRAY','',6),(246,46,'NUMERIC_ARRAY','',6),(247,46,'NUMERIC_ARRAY','',6),(32,46,'NUMERIC_ARRAY','',6),(33,46,'NUMERIC_ARRAY','',6),(34,46,'NUMERIC_ARRAY','',6),(35,46,'NUMERIC_ARRAY','',6),(95,46,'NUMERIC_ARRAY','',6),(227,46,'NUMERIC_ARRAY','',6),(228,46,'NUMERIC_ARRAY','',6),(107,46,'NUMERIC_ARRAY','',6),(110,46,'NUMERIC_ARRAY','',6),(111,46,'NUMERIC_ARRAY','',6),(113,46,'NUMERIC_ARRAY','',6),(141,46,'NUMERIC_ARRAY','',6),(142,46,'NUMERIC_ARRAY','',6),(143,46,'NUMERIC_ARRAY','',6),(226,46,'NUMERIC_ARRAY','',6),(250,46,'NUMERIC_ARRAY','',6),(3,46,'NUMERIC_ARRAY','',6),(4,46,'NUMERIC_ARRAY','',6),(92,46,'NUMERIC_ARRAY','',6),(93,46,'NUMERIC_ARRAY','',6),(25,46,'NUMERIC_ARRAY','',6),(57,46,'NUMERIC_ARRAY','',6),(91,46,'NUMERIC_ARRAY','',6),(55,46,'NUMERIC_ARRAY','',6),(58,46,'NUMERIC_ARRAY','',6),(282,46,'NUMERIC_ARRAY','',6),(98,46,'NUMERIC_ARRAY','',6),(99,46,'NUMERIC_ARRAY','',6),(100,46,'NUMERIC_ARRAY','',6),(101,46,'NUMERIC_ARRAY','',6),(102,46,'NUMERIC_ARRAY','',6),(103,46,'NUMERIC_ARRAY','',6),(104,46,'NUMERIC_ARRAY','',6),(105,46,'NUMERIC_ARRAY','',6),(203,46,'NUMERIC_ARRAY','',6),(205,46,'NUMERIC_ARRAY','',6),(56,46,'NUMERIC_ARRAY','',6),(60,46,'NUMERIC_ARRAY','',6),(191,46,'NUMERIC_ARRAY','',6),(204,46,'NUMERIC_ARRAY','',6),(207,46,'NUMERIC_ARRAY','',6),(208,46,'NUMERIC_ARRAY','',6),(54,46,'NUMERIC_ARRAY','',6),(59,46,'NUMERIC_ARRAY','',6),(146,46,'NUMERIC_ARRAY','',6),(198,46,'NUMERIC_ARRAY','',6),(171,46,'NUMERIC_ARRAY','',6),(172,46,'NUMERIC_ARRAY','',6),(173,46,'NUMERIC_ARRAY','',6),(174,46,'NUMERIC_ARRAY','',6),(175,46,'NUMERIC_ARRAY','',6),(176,46,'NUMERIC_ARRAY','',6),(177,46,'NUMERIC_ARRAY','',6),(178,46,'NUMERIC_ARRAY','',6),(147,46,'NUMERIC_ARRAY','',6),(148,46,'NUMERIC_ARRAY','',6),(298,1,'NUMERIC','1',6),(298,14,'NUMERIC','',6),(298,27,'NUMERIC','',6),(298,33,'NUMERIC','',6),(298,4,'NUMERIC_ARRAY','',6),(298,22,'NUMERIC','',6),(298,9,'NUMERIC_ARRAY','',6),(298,28,'NUMERIC','',6),(298,5,'NUMERIC','',6),(298,15,'NUMERIC','',6),(298,6,'NUMERIC','',6),(298,8,'NUMERIC','',6),(298,32,'NUMERIC','',6),(298,34,'NUMERIC','',6),(298,7,'NUMERIC','',6),(145,23,'NUMERIC_ARRAY','',6),(145,14,'NUMERIC','',6),(145,27,'NUMERIC','',6),(145,9,'NUMERIC_ARRAY','',6),(145,28,'NUMERIC','',6),(145,5,'NUMERIC','',6),(145,6,'NUMERIC','',6),(145,46,'NUMERIC_ARRAY','',6),(145,32,'NUMERIC','',6),(145,34,'NUMERIC','',6),(145,15,'NUMERIC','',6),(145,25,'NUMERIC','',6),(145,4,'NUMERIC_ARRAY','',6),(145,2,'NUMERIC_ARRAY','',6),(145,7,'NUMERIC','',6),(145,8,'NUMERIC','',6),(145,33,'NUMERIC','',6),(145,43,'NUMERIC','',6),(147,2,'NUMERIC_ARRAY','',6),(148,2,'NUMERIC_ARRAY','',6),(147,1,'NUMERIC','1',6),(148,1,'NUMERIC','1',6),(61,14,'NUMERIC','',6),(213,14,'NUMERIC','',6),(61,27,'NUMERIC','',6),(213,27,'NUMERIC','',6),(61,9,'NUMERIC_ARRAY','',6),(213,9,'NUMERIC_ARRAY','',6),(61,28,'NUMERIC','',6),(213,28,'NUMERIC','',6),(61,5,'NUMERIC','',6),(213,5,'NUMERIC','',6),(61,6,'NUMERIC','',6),(213,6,'NUMERIC','',6),(61,8,'NUMERIC','',6),(213,8,'NUMERIC','',6),(61,29,'NUMERIC','',6),(213,29,'NUMERIC','',6),(61,32,'NUMERIC','',6),(213,32,'NUMERIC','',6),(61,34,'NUMERIC','',6),(213,34,'NUMERIC','',6),(61,7,'NUMERIC','',6),(213,7,'NUMERIC','',6),(61,46,'NUMERIC_ARRAY','',6),(213,46,'NUMERIC_ARRAY','',6),(61,22,'NUMERIC','',6),(213,22,'NUMERIC','',6),(61,24,'NUMERIC','',6),(213,24,'NUMERIC','',6),(61,25,'NUMERIC','',6),(213,25,'NUMERIC','',6),(61,23,'NUMERIC_ARRAY','',6),(213,23,'NUMERIC_ARRAY','',6),(61,4,'NUMERIC_ARRAY','',6),(213,4,'NUMERIC_ARRAY','',6),(61,2,'NUMERIC_ARRAY','',6),(213,2,'NUMERIC_ARRAY','',6),(61,33,'NUMERIC','',6),(213,33,'NUMERIC','',6),(61,15,'NUMERIC','',6),(213,15,'NUMERIC','',6),(61,43,'NUMERIC','',6),(213,43,'NUMERIC','',6),(299,47,'NUMERIC','',6),(5,48,'NUMERIC','',6),(6,48,'NUMERIC','',6),(7,48,'NUMERIC','',6),(8,48,'NUMERIC','',6),(9,48,'NUMERIC','',6),(10,48,'NUMERIC','',6),(62,48,'NUMERIC','',6),(85,48,'NUMERIC','',6),(86,48,'NUMERIC','',6),(87,48,'NUMERIC','',6),(88,48,'NUMERIC','',6),(89,48,'NUMERIC','',6),(90,48,'NUMERIC','',6),(94,48,'NUMERIC','',6),(108,48,'NUMERIC','',6),(109,48,'NUMERIC','',6),(149,48,'NUMERIC','',6),(150,48,'NUMERIC','',6),(151,48,'NUMERIC','',6),(152,48,'NUMERIC','',6),(153,48,'NUMERIC','',6),(154,48,'NUMERIC','',6),(230,48,'NUMERIC','',6),(231,48,'NUMERIC','',6),(232,48,'NUMERIC','',6),(233,48,'NUMERIC','',6),(158,31,'NUMERIC','',6),(159,31,'NUMERIC','',6),(160,31,'NUMERIC','',6),(193,31,'NUMERIC','',6),(194,31,'NUMERIC','',6),(197,31,'NUMERIC','',6),(254,31,'NUMERIC','',6),(256,31,'NUMERIC','',6),(5,31,'NUMERIC','',6),(6,31,'NUMERIC','',6),(7,31,'NUMERIC','',6),(8,31,'NUMERIC','',6),(9,31,'NUMERIC','',6),(10,31,'NUMERIC','',6),(62,31,'NUMERIC','',6),(85,31,'NUMERIC','',6),(86,31,'NUMERIC','',6),(87,31,'NUMERIC','',6),(88,31,'NUMERIC','',6),(89,31,'NUMERIC','',6),(90,31,'NUMERIC','',6),(94,31,'NUMERIC','',6),(108,31,'NUMERIC','',6),(109,31,'NUMERIC','',6),(149,31,'NUMERIC','',6),(150,31,'NUMERIC','',6),(151,31,'NUMERIC','',6),(152,31,'NUMERIC','',6),(153,31,'NUMERIC','',6),(154,31,'NUMERIC','',6),(230,31,'NUMERIC','',6),(231,31,'NUMERIC','',6),(232,31,'NUMERIC','',6),(233,31,'NUMERIC','',6),(5,49,'NUMERIC','',6),(6,49,'NUMERIC','',6),(7,49,'NUMERIC','',6),(8,49,'NUMERIC','',6),(9,49,'NUMERIC','',6),(10,49,'NUMERIC','',6),(62,49,'NUMERIC','',6),(85,49,'NUMERIC','',6),(86,49,'NUMERIC','',6),(87,49,'NUMERIC','',6),(88,49,'NUMERIC','',6),(89,49,'NUMERIC','',6),(90,49,'NUMERIC','',6),(94,49,'NUMERIC','',6),(108,49,'NUMERIC','',6),(109,49,'NUMERIC','',6),(149,49,'NUMERIC','',6),(150,49,'NUMERIC','',6),(151,49,'NUMERIC','',6),(152,49,'NUMERIC','',6),(153,49,'NUMERIC','',6),(154,49,'NUMERIC','',6),(230,49,'NUMERIC','',6),(231,49,'NUMERIC','',6),(232,49,'NUMERIC','',6),(233,49,'NUMERIC','',6),(300,1,'NUMERIC','1',6),(300,18,'NUMERIC','',6),(300,38,'NUMERIC','',6),(300,39,'NUMERIC','',6),(300,35,'NUMERIC','',6),(300,20,'NUMERIC','',6),(300,40,'NUMERIC','',6),(300,23,'NUMERIC_ARRAY','',6),(300,14,'NUMERIC','',6),(300,27,'NUMERIC','',6),(300,9,'NUMERIC_ARRAY','',6),(300,28,'NUMERIC','',6),(300,5,'NUMERIC','',6),(300,6,'NUMERIC','',6),(300,46,'NUMERIC_ARRAY','',6),(300,32,'NUMERIC','',6),(300,34,'NUMERIC','',6),(300,15,'NUMERIC','',6),(300,25,'NUMERIC','',6),(300,4,'NUMERIC_ARRAY','',6),(300,2,'NUMERIC_ARRAY','',6),(300,7,'NUMERIC','',6),(300,8,'NUMERIC','',6),(300,33,'NUMERIC','',6),(300,43,'NUMERIC','',6),(72,2,'NUMERIC_ARRAY','',6),(73,2,'NUMERIC_ARRAY','',6),(74,2,'NUMERIC_ARRAY','',6),(75,2,'NUMERIC_ARRAY','',6),(76,2,'NUMERIC_ARRAY','',6),(77,2,'NUMERIC_ARRAY','',6),(78,2,'NUMERIC_ARRAY','',6),(79,2,'NUMERIC_ARRAY','',6),(80,2,'NUMERIC_ARRAY','',6),(72,4,'NUMERIC_ARRAY','',6),(73,4,'NUMERIC_ARRAY','',6),(74,4,'NUMERIC_ARRAY','',6),(75,4,'NUMERIC_ARRAY','',6),(76,4,'NUMERIC_ARRAY','',6),(77,4,'NUMERIC_ARRAY','',6),(78,4,'NUMERIC_ARRAY','',6),(79,4,'NUMERIC_ARRAY','',6),(80,4,'NUMERIC_ARRAY','',6),(72,5,'NUMERIC','',6),(73,5,'NUMERIC','',6),(74,5,'NUMERIC','',6),(75,5,'NUMERIC','',6),(76,5,'NUMERIC','',6),(77,5,'NUMERIC','',6),(78,5,'NUMERIC','',6),(79,5,'NUMERIC','',6),(80,5,'NUMERIC','',6),(72,6,'NUMERIC','',6),(73,6,'NUMERIC','',6),(74,6,'NUMERIC','',6),(75,6,'NUMERIC','',6),(76,6,'NUMERIC','',6),(77,6,'NUMERIC','',6),(78,6,'NUMERIC','',6),(79,6,'NUMERIC','',6),(80,6,'NUMERIC','',6),(72,7,'NUMERIC','',6),(73,7,'NUMERIC','',6),(74,7,'NUMERIC','',6),(75,7,'NUMERIC','',6),(76,7,'NUMERIC','',6),(77,7,'NUMERIC','',6),(78,7,'NUMERIC','',6),(79,7,'NUMERIC','',6),(80,7,'NUMERIC','',6),(72,8,'NUMERIC','',6),(73,8,'NUMERIC','',6),(74,8,'NUMERIC','',6),(75,8,'NUMERIC','',6),(76,8,'NUMERIC','',6),(77,8,'NUMERIC','',6),(78,8,'NUMERIC','',6),(79,8,'NUMERIC','',6),(80,8,'NUMERIC','',6),(72,14,'NUMERIC','',6),(73,14,'NUMERIC','',6),(74,14,'NUMERIC','',6),(75,14,'NUMERIC','',6),(76,14,'NUMERIC','',6),(77,14,'NUMERIC','',6),(78,14,'NUMERIC','',6),(79,14,'NUMERIC','',6),(80,14,'NUMERIC','',6),(72,27,'NUMERIC','',6),(73,27,'NUMERIC','',6),(74,27,'NUMERIC','',6),(75,27,'NUMERIC','',6),(76,27,'NUMERIC','',6),(77,27,'NUMERIC','',6),(78,27,'NUMERIC','',6),(79,27,'NUMERIC','',6),(80,27,'NUMERIC','',6),(72,28,'NUMERIC','',6),(73,28,'NUMERIC','',6),(74,28,'NUMERIC','',6),(75,28,'NUMERIC','',6),(76,28,'NUMERIC','',6),(77,28,'NUMERIC','',6),(78,28,'NUMERIC','',6),(79,28,'NUMERIC','',6),(80,28,'NUMERIC','',6),(72,32,'NUMERIC','',6),(73,32,'NUMERIC','',6),(74,32,'NUMERIC','',6),(75,32,'NUMERIC','',6),(76,32,'NUMERIC','',6),(77,32,'NUMERIC','',6),(78,32,'NUMERIC','',6),(79,32,'NUMERIC','',6),(80,32,'NUMERIC','',6),(72,34,'NUMERIC','',6),(73,34,'NUMERIC','',6),(74,34,'NUMERIC','',6),(75,34,'NUMERIC','',6),(76,34,'NUMERIC','',6),(77,34,'NUMERIC','',6),(78,34,'NUMERIC','',6),(79,34,'NUMERIC','',6),(80,34,'NUMERIC','',6),(72,33,'NUMERIC','',6),(73,33,'NUMERIC','',6),(74,33,'NUMERIC','',6),(75,33,'NUMERIC','',6),(76,33,'NUMERIC','',6),(77,33,'NUMERIC','',6),(78,33,'NUMERIC','',6),(79,33,'NUMERIC','',6),(80,33,'NUMERIC','',6),(72,22,'NUMERIC','',6),(73,22,'NUMERIC','',6),(74,22,'NUMERIC','',6),(75,22,'NUMERIC','',6),(76,22,'NUMERIC','',6),(77,22,'NUMERIC','',6),(78,22,'NUMERIC','',6),(79,22,'NUMERIC','',6),(80,22,'NUMERIC','',6),(72,24,'NUMERIC','',6),(73,24,'NUMERIC','',6),(74,24,'NUMERIC','',6),(75,24,'NUMERIC','',6),(76,24,'NUMERIC','',6),(77,24,'NUMERIC','',6),(78,24,'NUMERIC','',6),(79,24,'NUMERIC','',6),(80,24,'NUMERIC','',6),(72,15,'NUMERIC','',6),(73,15,'NUMERIC','',6),(74,15,'NUMERIC','',6),(75,15,'NUMERIC','',6),(76,15,'NUMERIC','',6),(77,15,'NUMERIC','',6),(78,15,'NUMERIC','',6),(79,15,'NUMERIC','',6),(80,15,'NUMERIC','',6),(72,9,'NUMERIC_ARRAY','',6),(73,9,'NUMERIC_ARRAY','',6),(74,9,'NUMERIC_ARRAY','',6),(75,9,'NUMERIC_ARRAY','',6),(76,9,'NUMERIC_ARRAY','',6),(77,9,'NUMERIC_ARRAY','',6),(78,9,'NUMERIC_ARRAY','',6),(79,9,'NUMERIC_ARRAY','',6),(80,9,'NUMERIC_ARRAY','',6),(219,4,'NUMERIC_ARRAY','',6),(220,4,'NUMERIC_ARRAY','',6),(219,2,'NUMERIC_ARRAY','',6),(220,2,'NUMERIC_ARRAY','',6),(219,46,'NUMERIC_ARRAY','',6),(220,46,'NUMERIC_ARRAY','',6),(219,9,'NUMERIC_ARRAY','',6),(220,9,'NUMERIC_ARRAY','',6),(219,22,'NUMERIC','',6),(220,22,'NUMERIC','',6),(219,5,'NUMERIC','',6),(220,5,'NUMERIC','',6),(219,6,'NUMERIC','',6),(220,6,'NUMERIC','',6),(219,7,'NUMERIC','',6),(220,7,'NUMERIC','',6),(219,8,'NUMERIC','',6),(220,8,'NUMERIC','',6),(219,14,'NUMERIC','',6),(220,14,'NUMERIC','',6),(219,27,'NUMERIC','',6),(220,27,'NUMERIC','',6),(219,28,'NUMERIC','',6),(220,28,'NUMERIC','',6),(219,32,'NUMERIC','',6),(220,32,'NUMERIC','',6),(219,34,'NUMERIC','',6),(220,34,'NUMERIC','',6),(219,33,'NUMERIC','',6),(220,33,'NUMERIC','',6),(217,46,'NUMERIC_ARRAY','',6),(218,46,'NUMERIC_ARRAY','',6),(223,46,'NUMERIC_ARRAY','',6),(217,49,'NUMERIC','',6),(218,49,'NUMERIC','',6),(223,49,'NUMERIC','',6),(219,49,'NUMERIC','',6),(220,49,'NUMERIC','',6),(219,31,'NUMERIC','',6),(220,31,'NUMERIC','',6),(217,31,'NUMERIC','',6),(218,31,'NUMERIC','',6),(223,31,'NUMERIC','',6),(219,15,'NUMERIC','',6),(220,15,'NUMERIC','',6),(217,15,'NUMERIC','',6),(218,15,'NUMERIC','',6),(223,15,'NUMERIC','',6),(217,48,'NUMERIC','',6),(218,48,'NUMERIC','',6),(223,48,'NUMERIC','',6),(219,48,'NUMERIC','',6),(220,48,'NUMERIC','',6),(82,4,'NUMERIC_ARRAY','',6),(155,4,'NUMERIC_ARRAY','',6),(82,2,'NUMERIC_ARRAY','',6),(155,2,'NUMERIC_ARRAY','',6),(82,46,'NUMERIC_ARRAY','',6),(155,46,'NUMERIC_ARRAY','',6),(82,9,'NUMERIC_ARRAY','',6),(155,9,'NUMERIC_ARRAY','',6),(82,6,'NUMERIC','',6),(155,6,'NUMERIC','',6),(82,22,'NUMERIC','',6),(155,22,'NUMERIC','',6),(82,24,'NUMERIC','',6),(155,24,'NUMERIC','',6),(82,25,'NUMERIC','',6),(155,25,'NUMERIC','',6),(82,43,'NUMERIC','',6),(155,43,'NUMERIC','',6),(82,5,'NUMERIC','',6),(155,5,'NUMERIC','',6),(82,7,'NUMERIC','',6),(155,7,'NUMERIC','',6),(82,8,'NUMERIC','',6),(155,8,'NUMERIC','',6),(82,14,'NUMERIC','',6),(155,14,'NUMERIC','',6),(82,27,'NUMERIC','',6),(155,27,'NUMERIC','',6),(82,28,'NUMERIC','',6),(155,28,'NUMERIC','',6),(82,32,'NUMERIC','',6),(155,32,'NUMERIC','',6),(82,34,'NUMERIC','',6),(155,34,'NUMERIC','',6),(82,33,'NUMERIC','',6),(155,33,'NUMERIC','',6),(82,23,'NUMERIC_ARRAY','',6),(155,23,'NUMERIC_ARRAY','',6),(82,15,'NUMERIC','',6),(155,15,'NUMERIC','',6),(81,2,'NUMERIC_ARRAY','',6),(156,2,'NUMERIC_ARRAY','',6),(81,15,'NUMERIC','',6),(156,15,'NUMERIC','',6),(81,46,'NUMERIC_ARRAY','',6),(156,46,'NUMERIC_ARRAY','',6),(81,4,'NUMERIC_ARRAY','',6),(156,4,'NUMERIC_ARRAY','',6),(81,9,'NUMERIC_ARRAY','',6),(156,9,'NUMERIC_ARRAY','',6),(81,22,'NUMERIC','',6),(156,22,'NUMERIC','',6),(81,24,'NUMERIC','',6),(156,24,'NUMERIC','',6),(81,25,'NUMERIC','',6),(156,25,'NUMERIC','',6),(81,5,'NUMERIC','',6),(156,5,'NUMERIC','',6),(81,6,'NUMERIC','',6),(156,6,'NUMERIC','',6),(81,7,'NUMERIC','',6),(156,7,'NUMERIC','',6),(81,8,'NUMERIC','',6),(156,8,'NUMERIC','',6),(81,14,'NUMERIC','',6),(156,14,'NUMERIC','',6),(81,27,'NUMERIC','',6),(156,27,'NUMERIC','',6),(81,28,'NUMERIC','',6),(156,28,'NUMERIC','',6),(81,32,'NUMERIC','',6),(156,32,'NUMERIC','',6),(81,34,'NUMERIC','',6),(156,34,'NUMERIC','',6),(81,33,'NUMERIC','',6),(156,33,'NUMERIC','',6),(81,23,'NUMERIC_ARRAY','',6),(156,23,'NUMERIC_ARRAY','',6),(222,4,'NUMERIC_ARRAY','',6),(222,2,'NUMERIC_ARRAY','',6),(222,46,'NUMERIC_ARRAY','',6),(222,9,'NUMERIC_ARRAY','',6),(222,22,'NUMERIC','',6),(222,15,'NUMERIC','',6),(222,5,'NUMERIC','',6),(222,6,'NUMERIC','',6),(222,7,'NUMERIC','',6),(222,8,'NUMERIC','',6),(222,14,'NUMERIC','',6),(222,27,'NUMERIC','',6),(222,28,'NUMERIC','',6),(222,32,'NUMERIC','',6),(222,34,'NUMERIC','',6),(222,33,'NUMERIC','',6),(206,4,'NUMERIC_ARRAY','',6),(210,4,'NUMERIC_ARRAY','',6),(211,4,'NUMERIC_ARRAY','',6),(206,2,'NUMERIC_ARRAY','',6),(210,2,'NUMERIC_ARRAY','',6),(211,2,'NUMERIC_ARRAY','',6),(206,24,'NUMERIC','',6),(210,24,'NUMERIC','',6),(211,24,'NUMERIC','',6),(206,23,'NUMERIC_ARRAY','',6),(210,23,'NUMERIC_ARRAY','',6),(211,23,'NUMERIC_ARRAY','',6),(212,4,'NUMERIC_ARRAY','',6),(212,2,'NUMERIC_ARRAY','',6),(212,46,'NUMERIC_ARRAY','',6),(212,5,'NUMERIC','',6),(212,6,'NUMERIC','',6),(212,7,'NUMERIC','',6),(212,8,'NUMERIC','',6),(212,14,'NUMERIC','',6),(212,27,'NUMERIC','',6),(212,28,'NUMERIC','',6),(212,33,'NUMERIC','',6),(212,32,'NUMERIC','',6),(212,34,'NUMERIC','',6),(212,15,'NUMERIC','',6),(212,9,'NUMERIC_ARRAY','',6),(212,22,'NUMERIC','',6),(212,24,'NUMERIC','',6),(212,25,'NUMERIC','',6),(212,43,'NUMERIC','',6),(206,46,'NUMERIC_ARRAY','',6),(210,46,'NUMERIC_ARRAY','',6),(211,46,'NUMERIC_ARRAY','',6),(206,15,'NUMERIC','',6),(210,15,'NUMERIC','',6),(211,15,'NUMERIC','',6),(212,23,'NUMERIC_ARRAY','',6),(206,22,'NUMERIC','',6),(210,22,'NUMERIC','',6),(211,22,'NUMERIC','',6),(276,4,'NUMERIC_ARRAY','',6),(277,4,'NUMERIC_ARRAY','',6),(276,2,'NUMERIC_ARRAY','',6),(277,2,'NUMERIC_ARRAY','',6),(276,9,'NUMERIC_ARRAY','',6),(277,9,'NUMERIC_ARRAY','',6),(273,4,'NUMERIC_ARRAY','',6),(274,4,'NUMERIC_ARRAY','',6),(273,22,'NUMERIC','',6),(274,22,'NUMERIC','',6),(275,4,'NUMERIC_ARRAY','',6),(275,22,'NUMERIC','',6),(275,24,'NUMERIC','',6),(275,15,'NUMERIC','',6),(275,31,'NUMERIC','',6),(275,9,'NUMERIC_ARRAY','',6),(275,5,'NUMERIC','',6),(275,6,'NUMERIC','',6),(275,7,'NUMERIC','',6),(275,8,'NUMERIC','',6),(275,14,'NUMERIC','',6),(275,27,'NUMERIC','',6),(275,28,'NUMERIC','',6),(275,33,'NUMERIC','',6),(275,32,'NUMERIC','',6),(275,34,'NUMERIC','',6),(275,2,'NUMERIC_ARRAY','',6),(275,46,'NUMERIC_ARRAY','',6),(275,49,'NUMERIC','',6),(301,1,'NUMERIC','1',6),(302,1,'NUMERIC','1',6),(301,15,'NUMERIC','',6),(302,15,'NUMERIC','',6),(301,22,'NUMERIC','',6),(302,22,'NUMERIC','',6),(303,1,'NUMERIC','1',6),(303,15,'NUMERIC','',6),(303,22,'NUMERIC','',6),(304,1,'NUMERIC','1',6),(304,15,'NUMERIC','',6),(304,22,'NUMERIC','',6),(305,1,'NUMERIC','1',6),(305,19,'NUMERIC','',6),(306,1,'NUMERIC','1',6),(311,1,'NUMERIC','1',6),(312,1,'NUMERIC','1',6),(307,1,'NUMERIC','1',6),(308,1,'NUMERIC','1',6),(309,1,'NUMERIC','1',6),(310,1,'NUMERIC','1',6),(313,1,'NUMERIC','1',6),(311,50,'NUMERIC_ARRAY','',6),(312,50,'NUMERIC_ARRAY','',6),(306,50,'NUMERIC_ARRAY','',6),(313,50,'NUMERIC_ARRAY','',6),(314,1,'NUMERIC','1',6),(314,50,'NUMERIC_ARRAY','',6),(307,50,'NUMERIC_ARRAY','',6),(308,50,'NUMERIC_ARRAY','',6),(309,50,'NUMERIC_ARRAY','',6),(310,50,'NUMERIC_ARRAY','',6),(307,15,'NUMERIC','',6),(308,15,'NUMERIC','',6),(309,15,'NUMERIC','',6),(310,15,'NUMERIC','',6),(307,19,'NUMERIC','',6),(308,19,'NUMERIC','',6),(309,19,'NUMERIC','',6),(310,19,'NUMERIC','',6),(307,45,'NUMERIC','',6),(308,45,'NUMERIC','',6),(309,45,'NUMERIC','',6),(310,45,'NUMERIC','',6),(315,1,'NUMERIC','1',6),(315,50,'NUMERIC_ARRAY','',6),(306,45,'NUMERIC','',6),(315,45,'NUMERIC','',6),(306,15,'NUMERIC','',6),(315,15,'NUMERIC','',6),(306,19,'NUMERIC','',6),(315,19,'NUMERIC','',6),(313,19,'NUMERIC','',6),(314,19,'NUMERIC','',6),(313,15,'NUMERIC','',6),(314,15,'NUMERIC','',6),(313,45,'NUMERIC','',6),(314,45,'NUMERIC','',6),(313,16,'NUMERIC','',6),(314,16,'NUMERIC','',6),(316,1,'NUMERIC','1',6),(316,50,'NUMERIC_ARRAY','',6),(316,45,'NUMERIC','',6),(316,15,'NUMERIC','',6),(316,19,'NUMERIC','',6),(317,1,'NUMERIC','1',6),(317,50,'NUMERIC_ARRAY','',6),(317,19,'NUMERIC','',6),(317,15,'NUMERIC','',6),(317,45,'NUMERIC','',6),(317,16,'NUMERIC','',6),(311,45,'NUMERIC','',6),(312,45,'NUMERIC','',6),(311,19,'NUMERIC','',6),(312,19,'NUMERIC','',6),(311,15,'NUMERIC','',6),(312,15,'NUMERIC','',6),(313,51,'NUMERIC_ARRAY','',6),(314,51,'NUMERIC_ARRAY','',6),(317,51,'NUMERIC_ARRAY','',6),(107,24,'NUMERIC','',6),(110,24,'NUMERIC','',6),(111,24,'NUMERIC','',6),(113,24,'NUMERIC','',6),(141,24,'NUMERIC','',6),(142,24,'NUMERIC','',6),(143,24,'NUMERIC','',6),(318,1,'NUMERIC','1',6),(318,24,'NUMERIC','',6),(112,4,'NUMERIC_ARRAY','',6),(199,4,'NUMERIC_ARRAY','',6),(112,2,'NUMERIC_ARRAY','',6),(199,2,'NUMERIC_ARRAY','',6),(112,46,'NUMERIC_ARRAY','',6),(199,46,'NUMERIC_ARRAY','',6),(112,9,'NUMERIC_ARRAY','',6),(199,9,'NUMERIC_ARRAY','',6),(112,22,'NUMERIC','',6),(199,22,'NUMERIC','',6),(112,15,'NUMERIC','',6),(199,15,'NUMERIC','',6),(112,48,'NUMERIC','',6),(199,48,'NUMERIC','',6),(112,5,'NUMERIC','',6),(199,5,'NUMERIC','',6),(112,6,'NUMERIC','',6),(199,6,'NUMERIC','',6),(112,7,'NUMERIC','',6),(199,7,'NUMERIC','',6),(112,8,'NUMERIC','',6),(199,8,'NUMERIC','',6),(112,14,'NUMERIC','',6),(199,14,'NUMERIC','',6),(112,27,'NUMERIC','',6),(199,27,'NUMERIC','',6),(112,28,'NUMERIC','',6),(199,28,'NUMERIC','',6),(112,32,'NUMERIC','',6),(199,32,'NUMERIC','',6),(112,34,'NUMERIC','',6),(199,34,'NUMERIC','',6),(112,33,'NUMERIC','',6),(199,33,'NUMERIC','',6),(112,49,'NUMERIC','',6),(199,49,'NUMERIC','',6),(112,31,'NUMERIC','',6),(199,31,'NUMERIC','',6),(5,52,'NUMERIC','',6),(6,52,'NUMERIC','',6),(7,52,'NUMERIC','',6),(8,52,'NUMERIC','',6),(9,52,'NUMERIC','',6),(10,52,'NUMERIC','',6),(62,52,'NUMERIC','',6),(85,52,'NUMERIC','',6),(86,52,'NUMERIC','',6),(87,52,'NUMERIC','',6),(88,52,'NUMERIC','',6),(89,52,'NUMERIC','',6),(90,52,'NUMERIC','',6),(94,52,'NUMERIC','',6),(108,52,'NUMERIC','',6),(109,52,'NUMERIC','',6),(149,52,'NUMERIC','',6),(150,52,'NUMERIC','',6),(151,52,'NUMERIC','',6),(152,52,'NUMERIC','',6),(153,52,'NUMERIC','',6),(154,52,'NUMERIC','',6),(230,52,'NUMERIC','',6),(231,52,'NUMERIC','',6),(232,52,'NUMERIC','',6),(233,52,'NUMERIC','',6),(53,9,'NUMERIC_ARRAY','',6),(201,9,'NUMERIC_ARRAY','',6),(215,9,'NUMERIC_ARRAY','',6),(216,9,'NUMERIC_ARRAY','',6),(242,9,'NUMERIC_ARRAY','',6),(243,9,'NUMERIC_ARRAY','',6),(324,1,'NUMERIC','1',6),(324,14,'NUMERIC','',6),(324,27,'NUMERIC','',6),(324,33,'NUMERIC','',6),(324,4,'NUMERIC_ARRAY','',6),(324,22,'NUMERIC','',6),(324,9,'NUMERIC_ARRAY','',6),(324,28,'NUMERIC','',6),(324,5,'NUMERIC','',6),(324,15,'NUMERIC','',6),(324,6,'NUMERIC','',6),(324,8,'NUMERIC','',6),(324,32,'NUMERIC','',6),(324,34,'NUMERIC','',6),(324,7,'NUMERIC','',6),(195,23,'NUMERIC_ARRAY','',6),(196,23,'NUMERIC_ARRAY','',6),(202,23,'NUMERIC_ARRAY','',6),(272,23,'NUMERIC_ARRAY','',6),(298,23,'NUMERIC_ARRAY','',6),(324,23,'NUMERIC_ARRAY','',6),(195,25,'NUMERIC','',6),(196,25,'NUMERIC','',6),(202,25,'NUMERIC','',6),(272,25,'NUMERIC','',6),(298,25,'NUMERIC','',6),(324,25,'NUMERIC','',6),(195,24,'NUMERIC','',6),(196,24,'NUMERIC','',6),(202,24,'NUMERIC','',6),(272,24,'NUMERIC','',6),(298,24,'NUMERIC','',6),(324,24,'NUMERIC','',6),(325,1,'NUMERIC','1',6),(325,2,'NUMERIC_ARRAY','',6),(325,4,'NUMERIC_ARRAY','',6),(325,5,'NUMERIC','',6),(325,6,'NUMERIC','',6),(325,7,'NUMERIC','',6),(325,8,'NUMERIC','',6),(325,14,'NUMERIC','',6),(325,27,'NUMERIC','',6),(325,28,'NUMERIC','',6),(325,32,'NUMERIC','',6),(325,34,'NUMERIC','',6),(325,33,'NUMERIC','',6),(325,22,'NUMERIC','',6),(325,24,'NUMERIC','',6),(325,15,'NUMERIC','',6),(325,9,'NUMERIC_ARRAY','',6),(98,5,'NUMERIC','',6),(99,5,'NUMERIC','',6),(100,5,'NUMERIC','',6),(101,5,'NUMERIC','',6),(102,5,'NUMERIC','',6),(103,5,'NUMERIC','',6),(104,5,'NUMERIC','',6),(105,5,'NUMERIC','',6),(333,1,'NUMERIC','1',6),(332,1,'NUMERIC','1',6),(331,1,'NUMERIC','1',6),(329,1,'NUMERIC','1',6),(330,1,'NUMERIC','1',6),(328,1,'NUMERIC','1',6),(327,1,'NUMERIC','1',6),(326,1,'NUMERIC','1',6),(334,1,'NUMERIC','1',6),(334,40,'NUMERIC','',6),(334,15,'NUMERIC','',6),(335,1,'NUMERIC','1',6),(336,1,'NUMERIC','1',6),(335,15,'NUMERIC','',6),(336,15,'NUMERIC','',6),(335,40,'NUMERIC','',6),(336,40,'NUMERIC','',6),(337,1,'NUMERIC','1',6),(338,1,'NUMERIC','1',6),(337,40,'NUMERIC','',6),(338,40,'NUMERIC','',6),(337,16,'NUMERIC','',6),(338,16,'NUMERIC','',6),(339,1,'NUMERIC','1',6),(339,40,'NUMERIC','',6),(339,16,'NUMERIC','',6),(340,1,'NUMERIC','1',6),(341,1,'NUMERIC','1',6),(342,1,'NUMERIC','1',6),(343,1,'NUMERIC','1',6),(340,9,'NUMERIC_ARRAY','',6),(341,9,'NUMERIC_ARRAY','',6),(342,9,'NUMERIC_ARRAY','',6),(343,9,'NUMERIC_ARRAY','',6),(340,54,'NUMERIC','',6),(341,54,'NUMERIC','',6),(342,54,'NUMERIC','',6),(343,54,'NUMERIC','',6),(340,14,'NUMERIC','',6),(341,14,'NUMERIC','',6),(342,14,'NUMERIC','',6),(343,14,'NUMERIC','',6),(340,27,'NUMERIC','',6),(341,27,'NUMERIC','',6),(342,27,'NUMERIC','',6),(343,27,'NUMERIC','',6),(340,5,'NUMERIC','',6),(341,5,'NUMERIC','',6),(342,5,'NUMERIC','',6),(343,5,'NUMERIC','',6),(340,6,'NUMERIC','',6),(341,6,'NUMERIC','',6),(342,6,'NUMERIC','',6),(343,6,'NUMERIC','',6),(340,8,'NUMERIC','',6),(341,8,'NUMERIC','',6),(342,8,'NUMERIC','',6),(343,8,'NUMERIC','',6),(340,29,'NUMERIC','',6),(341,29,'NUMERIC','',6),(342,29,'NUMERIC','',6),(343,29,'NUMERIC','',6),(340,32,'NUMERIC','',6),(341,32,'NUMERIC','',6),(342,32,'NUMERIC','',6),(343,32,'NUMERIC','',6),(340,7,'NUMERIC','',6),(341,7,'NUMERIC','',6),(342,7,'NUMERIC','',6),(343,7,'NUMERIC','',6),(340,20,'NUMERIC','',6),(341,20,'NUMERIC','',6),(342,20,'NUMERIC','',6),(343,20,'NUMERIC','',6),(340,28,'NUMERIC','',6),(341,28,'NUMERIC','',6),(342,28,'NUMERIC','',6),(343,28,'NUMERIC','',6),(340,33,'NUMERIC','',6),(341,33,'NUMERIC','',6),(342,33,'NUMERIC','',6),(343,33,'NUMERIC','',6),(340,34,'NUMERIC','',6),(341,34,'NUMERIC','',6),(342,34,'NUMERIC','',6),(343,34,'NUMERIC','',6),(340,15,'NUMERIC','',6),(341,15,'NUMERIC','',6),(342,15,'NUMERIC','',6),(343,15,'NUMERIC','',6),(344,1,'NUMERIC','1',6),(344,40,'NUMERIC','',6),(344,15,'NUMERIC','',6),(345,1,'NUMERIC','1',6),(345,15,'NUMERIC','',6),(345,40,'NUMERIC','',6),(346,1,'NUMERIC','1',6),(346,15,'NUMERIC','',6),(346,40,'NUMERIC','',6),(347,1,'NUMERIC','1',6),(347,15,'NUMERIC','',6),(347,40,'NUMERIC','',6),(348,1,'NUMERIC','1',6),(348,15,'NUMERIC','',6),(348,40,'NUMERIC','',6),(349,1,'NUMERIC','1',6),(349,15,'NUMERIC','',6),(349,40,'NUMERIC','',6),(350,1,'NUMERIC','1',6),(350,40,'NUMERIC','',6),(350,15,'NUMERIC','',6),(351,1,'NUMERIC','1',6),(352,1,'NUMERIC','1',6),(353,1,'NUMERIC','1',6),(354,1,'NUMERIC','1',6),(355,1,'NUMERIC','1',6),(356,1,'NUMERIC','1',6),(357,1,'NUMERIC','1',6),(358,1,'NUMERIC','1',6),(359,1,'NUMERIC','1',6),(360,1,'NUMERIC','1',6),(361,1,'NUMERIC','1',6),(362,1,'NUMERIC','1',6),(363,1,'NUMERIC','1',6),(364,1,'NUMERIC','1',6),(365,1,'NUMERIC','1',6),(351,5,'NUMERIC','',6),(352,5,'NUMERIC','',6),(353,5,'NUMERIC','',6),(351,6,'NUMERIC','',6),(352,6,'NUMERIC','',6),(353,6,'NUMERIC','',6),(351,7,'NUMERIC','',6),(352,7,'NUMERIC','',6),(353,7,'NUMERIC','',6),(351,8,'NUMERIC','',6),(352,8,'NUMERIC','',6),(353,8,'NUMERIC','',6),(351,14,'NUMERIC','',6),(352,14,'NUMERIC','',6),(353,14,'NUMERIC','',6),(351,27,'NUMERIC','',6),(352,27,'NUMERIC','',6),(353,27,'NUMERIC','',6),(351,28,'NUMERIC','',6),(352,28,'NUMERIC','',6),(353,28,'NUMERIC','',6),(351,32,'NUMERIC','',6),(352,32,'NUMERIC','',6),(353,32,'NUMERIC','',6),(351,34,'NUMERIC','',6),(352,34,'NUMERIC','',6),(353,34,'NUMERIC','',6),(351,33,'NUMERIC','',6),(352,33,'NUMERIC','',6),(353,33,'NUMERIC','',6),(351,9,'NUMERIC_ARRAY','',6),(352,9,'NUMERIC_ARRAY','',6),(353,9,'NUMERIC_ARRAY','',6),(351,54,'NUMERIC','',6),(352,54,'NUMERIC','',6),(353,54,'NUMERIC','',6),(351,15,'NUMERIC','',6),(352,15,'NUMERIC','',6),(353,15,'NUMERIC','',6),(354,40,'NUMERIC','',6),(359,40,'NUMERIC','',6),(329,54,'NUMERIC','',6),(330,54,'NUMERIC','',6),(331,54,'NUMERIC','',6),(333,9,'NUMERIC_ARRAY','',6),(356,9,'NUMERIC_ARRAY','',6),(357,9,'NUMERIC_ARRAY','',6),(333,5,'NUMERIC','',6),(356,5,'NUMERIC','',6),(357,5,'NUMERIC','',6),(333,6,'NUMERIC','',6),(356,6,'NUMERIC','',6),(357,6,'NUMERIC','',6),(333,7,'NUMERIC','',6),(356,7,'NUMERIC','',6),(357,7,'NUMERIC','',6),(333,8,'NUMERIC','',6),(356,8,'NUMERIC','',6),(357,8,'NUMERIC','',6),(333,14,'NUMERIC','',6),(356,14,'NUMERIC','1',6),(357,14,'NUMERIC','',6),(333,27,'NUMERIC','',6),(356,27,'NUMERIC','',6),(357,27,'NUMERIC','',6),(333,28,'NUMERIC','',6),(356,28,'NUMERIC','',6),(357,28,'NUMERIC','',6),(333,32,'NUMERIC','',6),(356,32,'NUMERIC','',6),(357,32,'NUMERIC','',6),(333,34,'NUMERIC','',6),(356,34,'NUMERIC','',6),(357,34,'NUMERIC','',6),(333,33,'NUMERIC','',6),(356,33,'NUMERIC','',6),(357,33,'NUMERIC','',6),(333,54,'NUMERIC','',6),(356,54,'NUMERIC','',6),(357,54,'NUMERIC','',6),(333,15,'NUMERIC','',6),(356,15,'NUMERIC','',6),(357,15,'NUMERIC','',6),(362,16,'NUMERIC','',6),(326,9,'NUMERIC_ARRAY','',6),(355,9,'NUMERIC_ARRAY','',6),(355,5,'NUMERIC','',6),(355,6,'NUMERIC','',6),(355,7,'NUMERIC','',6),(355,8,'NUMERIC','',6),(355,14,'NUMERIC','',6),(355,27,'NUMERIC','',6),(355,28,'NUMERIC','',6),(355,33,'NUMERIC','',6),(355,32,'NUMERIC','',6),(355,34,'NUMERIC','',6),(355,54,'NUMERIC','',6),(355,15,'NUMERIC','',6),(358,9,'NUMERIC_ARRAY','',6),(358,54,'NUMERIC','',6),(358,15,'NUMERIC','',6),(358,5,'NUMERIC','',6),(358,6,'NUMERIC','',6),(358,7,'NUMERIC','',6),(358,8,'NUMERIC','',6),(358,14,'NUMERIC','',6),(358,27,'NUMERIC','',6),(358,28,'NUMERIC','',6),(358,33,'NUMERIC','',6),(358,32,'NUMERIC','',6),(358,34,'NUMERIC','',6),(334,55,'NUMERIC','',6),(344,55,'NUMERIC','',6),(350,55,'NUMERIC','',6),(334,5,'NUMERIC','',6),(344,5,'NUMERIC','',6),(350,5,'NUMERIC','',6),(334,6,'NUMERIC','',6),(344,6,'NUMERIC','',6),(350,6,'NUMERIC','',6),(334,7,'NUMERIC','',6),(344,7,'NUMERIC','',6),(350,7,'NUMERIC','',6),(334,8,'NUMERIC','',6),(344,8,'NUMERIC','',6),(350,8,'NUMERIC','',6),(334,14,'NUMERIC','',6),(344,14,'NUMERIC','',6),(350,14,'NUMERIC','',6),(334,27,'NUMERIC','',6),(344,27,'NUMERIC','',6),(350,27,'NUMERIC','',6),(334,28,'NUMERIC','',6),(344,28,'NUMERIC','',6),(350,28,'NUMERIC','',6),(334,32,'NUMERIC','',6),(344,32,'NUMERIC','',6),(350,32,'NUMERIC','',6),(334,33,'NUMERIC','',6),(344,33,'NUMERIC','',6),(350,33,'NUMERIC','',6),(334,34,'NUMERIC','',6),(344,34,'NUMERIC','',6),(350,34,'NUMERIC','',6),(334,9,'NUMERIC_ARRAY','',6),(344,9,'NUMERIC_ARRAY','',6),(350,9,'NUMERIC_ARRAY','',6),(365,9,'NUMERIC_ARRAY','',6),(365,40,'NUMERIC','',6),(365,5,'NUMERIC','',6),(365,6,'NUMERIC','',6),(365,7,'NUMERIC','',6),(365,8,'NUMERIC','',6),(365,14,'NUMERIC','',6),(365,27,'NUMERIC','',6),(365,28,'NUMERIC','',6),(365,33,'NUMERIC','',6),(365,32,'NUMERIC','',6),(365,34,'NUMERIC','',6),(365,54,'NUMERIC','',6),(363,9,'NUMERIC_ARRAY','',6),(363,40,'NUMERIC','',6),(363,14,'NUMERIC','',6),(363,27,'NUMERIC','',6),(363,33,'NUMERIC','',6),(363,28,'NUMERIC','',6),(363,5,'NUMERIC','',6),(363,6,'NUMERIC','',6),(363,8,'NUMERIC','',6),(363,32,'NUMERIC','',6),(363,34,'NUMERIC','',6),(363,7,'NUMERIC','',6),(363,15,'NUMERIC','',6),(365,15,'NUMERIC','',6),(360,9,'NUMERIC_ARRAY','',6),(361,9,'NUMERIC_ARRAY','',6),(366,1,'NUMERIC','1',6),(366,15,'NUMERIC','',6),(367,1,'NUMERIC','1',6),(367,45,'NUMERIC','0.5',6);
/*!40000 ALTER TABLE `status` ENABLE KEYS */;
UNLOCK TABLES;

--
-- Table structure for table `status_copy`
--

DROP TABLE IF EXISTS `status_copy`;
/*!40101 SET @saved_cs_client     = @@character_set_client */;
/*!50503 SET character_set_client = utf8mb4 */;
CREATE TABLE `status_copy` (
  `id_entity` int NOT NULL,
  `id_var` int NOT NULL,
  `val_type` varchar(30) CHARACTER SET latin1 COLLATE latin1_swedish_ci NOT NULL DEFAULT 'NUMERIC',
  `val_status` varchar(30) CHARACTER SET latin1 COLLATE latin1_swedish_ci NOT NULL,
  `id_project` int DEFAULT NULL,
  KEY `FK_status_entity` (`id_entity`),
  KEY `FK_status_variables` (`id_var`)
) ENGINE=InnoDB DEFAULT CHARSET=latin1 COLLATE=latin1_general_ci ROW_FORMAT=DYNAMIC;
/*!40101 SET character_set_client = @saved_cs_client */;

--
-- Dumping data for table `status_copy`
--

LOCK TABLES `status_copy` WRITE;
/*!40000 ALTER TABLE `status_copy` DISABLE KEYS */;
INSERT INTO `status_copy` VALUES (1,1,'NUMERIC','1',6),(2,1,'NUMERIC','1',6),(3,1,'NUMERIC','1',6),(4,1,'NUMERIC','1',6),(5,1,'NUMERIC','1',6),(6,1,'NUMERIC','1',6),(7,1,'NUMERIC','1',6),(8,1,'NUMERIC','1',6),(9,1,'NUMERIC','1',6),(10,1,'NUMERIC','1',6),(11,1,'NUMERIC','1',6),(12,1,'NUMERIC','1',6),(13,1,'NUMERIC','1',6),(14,1,'NUMERIC','1',6),(15,1,'NUMERIC','1',6),(16,1,'NUMERIC','1',6),(17,1,'NUMERIC','1',6),(18,1,'NUMERIC','1',6),(19,1,'NUMERIC','1',6),(20,1,'NUMERIC','1',6),(21,1,'NUMERIC','1',6),(22,1,'NUMERIC','1',6),(23,1,'NUMERIC','1',6),(24,1,'NUMERIC','1',6),(25,1,'NUMERIC','1',6),(26,1,'NUMERIC','1',6),(27,1,'NUMERIC','1',6),(28,1,'NUMERIC','1',6),(29,1,'NUMERIC','1',6),(30,1,'NUMERIC','1',6),(31,1,'NUMERIC','1',6),(32,1,'NUMERIC','1',6),(33,1,'NUMERIC','1',6),(34,1,'NUMERIC','1',6),(35,1,'NUMERIC','1',6),(26,2,'NUMERIC_ARRAY','',6),(27,2,'NUMERIC_ARRAY','',6),(26,3,'STRING','',6),(27,3,'STRING','',6),(34,2,'NUMERIC_ARRAY','',6),(35,2,'NUMERIC_ARRAY','',6),(34,3,'STRING','Firewall service',6),(35,3,'STRING','Firewall service',6),(36,1,'NUMERIC','1',6),(37,1,'NUMERIC','1',6),(38,1,'NUMERIC','1',6),(39,1,'NUMERIC','1',6),(40,1,'NUMERIC','1',6),(41,1,'NUMERIC','1',6),(42,1,'NUMERIC','1',6),(43,1,'NUMERIC','1',6),(44,1,'NUMERIC','1',6),(45,1,'NUMERIC','1',6),(27,4,'NUMERIC_ARRAY','',6),(32,4,'NUMERIC_ARRAY','',6),(34,4,'NUMERIC_ARRAY','',6),(5,4,'NUMERIC_ARRAY','',6),(6,4,'NUMERIC_ARRAY','',6),(7,4,'NUMERIC_ARRAY','',6),(3,4,'NUMERIC_ARRAY','',6),(24,4,'NUMERIC_ARRAY','',6),(23,4,'NUMERIC_ARRAY','',6),(22,4,'NUMERIC_ARRAY','',6),(21,4,'NUMERIC_ARRAY','',6),(20,4,'NUMERIC_ARRAY','',6),(19,4,'NUMERIC_ARRAY','',6),(17,4,'NUMERIC_ARRAY','',6),(16,4,'NUMERIC_ARRAY','',6),(15,4,'NUMERIC_ARRAY','',6),(14,4,'NUMERIC_ARRAY','',6),(13,4,'NUMERIC_ARRAY','',6),(12,4,'NUMERIC_ARRAY','',6),(11,4,'NUMERIC_ARRAY','',6),(2,4,'NUMERIC_ARRAY','',6),(1,4,'NUMERIC_ARRAY','',6),(26,5,'NUMERIC','',6),(27,5,'NUMERIC','',6),(26,6,'NUMERIC','',6),(27,6,'NUMERIC','',6),(26,8,'NUMERIC','',6),(27,8,'NUMERIC','',6),(26,7,'NUMERIC','',6),(27,7,'NUMERIC','',6),(5,5,'NUMERIC','',6),(6,5,'NUMERIC','',6),(7,5,'NUMERIC','',6),(8,5,'NUMERIC','',6),(9,5,'NUMERIC','',6),(10,5,'NUMERIC','',6),(5,6,'NUMERIC','',6),(6,6,'NUMERIC','',6),(7,6,'NUMERIC','',6),(8,6,'NUMERIC','',6),(9,6,'NUMERIC','',6),(10,6,'NUMERIC','',6),(5,7,'NUMERIC','',6),(6,7,'NUMERIC','',6),(7,7,'NUMERIC','',6),(8,7,'NUMERIC','',6),(9,7,'NUMERIC','',6),(10,7,'NUMERIC','',6),(34,5,'NUMERIC','',6),(35,5,'NUMERIC','',6),(34,6,'NUMERIC','',6),(35,6,'NUMERIC','',6),(34,8,'NUMERIC','',6),(35,8,'NUMERIC','',6),(34,7,'NUMERIC','',6),(35,7,'NUMERIC','',6),(32,5,'NUMERIC','0.6',6),(33,5,'NUMERIC','',6),(32,6,'NUMERIC','',6),(33,6,'NUMERIC','',6),(32,8,'NUMERIC','',6),(33,8,'NUMERIC','',6),(32,7,'NUMERIC','',6),(33,7,'NUMERIC','',6),(3,5,'NUMERIC','',6),(4,5,'NUMERIC','',6),(3,6,'NUMERIC','',6),(4,6,'NUMERIC','',6),(3,8,'NUMERIC','',6),(4,8,'NUMERIC','',6),(3,7,'NUMERIC','',6),(4,7,'NUMERIC','',6),(47,16,'NUMERIC','',6),(47,1,'NUMERIC','1',6),(1,5,'NUMERIC','',6),(2,5,'NUMERIC','',6),(11,5,'NUMERIC','',6),(12,5,'NUMERIC','',6),(13,5,'NUMERIC','',6),(14,5,'NUMERIC','',6),(15,5,'NUMERIC','',6),(16,5,'NUMERIC','',6),(17,5,'NUMERIC','',6),(18,5,'NUMERIC','',6),(19,5,'NUMERIC','',6),(20,5,'NUMERIC','',6),(21,5,'NUMERIC','',6),(22,5,'NUMERIC','',6),(23,5,'NUMERIC','',6),(24,5,'NUMERIC','',6),(28,5,'NUMERIC','',6),(29,5,'NUMERIC','',6),(30,5,'NUMERIC','',6),(31,5,'NUMERIC','',6),(36,5,'NUMERIC','',6),(37,5,'NUMERIC','',6),(38,5,'NUMERIC','',6),(39,5,'NUMERIC','',6),(40,5,'NUMERIC','',6),(41,5,'NUMERIC','',6),(42,5,'NUMERIC','',6),(43,5,'NUMERIC','',6),(44,5,'NUMERIC','',6),(45,5,'NUMERIC','',6),(1,6,'NUMERIC','',6),(2,6,'NUMERIC','',6),(11,6,'NUMERIC','',6),(12,6,'NUMERIC','',6),(13,6,'NUMERIC','',6),(14,6,'NUMERIC','',6),(15,6,'NUMERIC','',6),(16,6,'NUMERIC','',6),(17,6,'NUMERIC','',6),(18,6,'NUMERIC','',6),(19,6,'NUMERIC','',6),(20,6,'NUMERIC','',6),(21,6,'NUMERIC','',6),(22,6,'NUMERIC','',6),(23,6,'NUMERIC','',6),(24,6,'NUMERIC','',6),(28,6,'NUMERIC','',6),(29,6,'NUMERIC','',6),(30,6,'NUMERIC','',6),(31,6,'NUMERIC','',6),(36,6,'NUMERIC','',6),(37,6,'NUMERIC','',6),(38,6,'NUMERIC','',6),(39,6,'NUMERIC','',6),(40,6,'NUMERIC','',6),(41,6,'NUMERIC','',6),(42,6,'NUMERIC','',6),(43,6,'NUMERIC','',6),(44,6,'NUMERIC','',6),(45,6,'NUMERIC','',6),(1,8,'NUMERIC','',6),(2,8,'NUMERIC','',6),(11,8,'NUMERIC','',6),(12,8,'NUMERIC','',6),(13,8,'NUMERIC','',6),(14,8,'NUMERIC','',6),(15,8,'NUMERIC','',6),(16,8,'NUMERIC','',6),(17,8,'NUMERIC','',6),(18,8,'NUMERIC','',6),(19,8,'NUMERIC','',6),(20,8,'NUMERIC','',6),(21,8,'NUMERIC','',6),(22,8,'NUMERIC','',6),(23,8,'NUMERIC','',6),(24,8,'NUMERIC','',6),(28,8,'NUMERIC','',6),(29,8,'NUMERIC','',6),(30,8,'NUMERIC','',6),(31,8,'NUMERIC','',6),(36,8,'NUMERIC','',6),(37,8,'NUMERIC','',6),(38,8,'NUMERIC','',6),(39,8,'NUMERIC','',6),(40,8,'NUMERIC','',6),(41,8,'NUMERIC','',6),(42,8,'NUMERIC','',6),(43,8,'NUMERIC','',6),(44,8,'NUMERIC','',6),(45,8,'NUMERIC','',6),(1,7,'NUMERIC','',6),(2,7,'NUMERIC','',6),(11,7,'NUMERIC','',6),(12,7,'NUMERIC','',6),(13,7,'NUMERIC','',6),(14,7,'NUMERIC','',6),(15,7,'NUMERIC','',6),(16,7,'NUMERIC','',6),(17,7,'NUMERIC','',6),(18,7,'NUMERIC','',6),(19,7,'NUMERIC','',6),(20,7,'NUMERIC','',6),(21,7,'NUMERIC','',6),(22,7,'NUMERIC','',6),(23,7,'NUMERIC','',6),(24,7,'NUMERIC','',6),(28,7,'NUMERIC','',6),(29,7,'NUMERIC','',6),(30,7,'NUMERIC','',6),(31,7,'NUMERIC','',6),(36,7,'NUMERIC','',6),(37,7,'NUMERIC','',6),(38,7,'NUMERIC','',6),(39,7,'NUMERIC','',6),(40,7,'NUMERIC','',6),(41,7,'NUMERIC','',6),(42,7,'NUMERIC','',6),(43,7,'NUMERIC','',6),(44,7,'NUMERIC','',6),(45,7,'NUMERIC','',6),(5,2,'NUMERIC_ARRAY','',6),(6,2,'NUMERIC_ARRAY','',6),(7,2,'NUMERIC_ARRAY','',6),(8,2,'NUMERIC_ARRAY','',6),(9,2,'NUMERIC_ARRAY','',6),(10,2,'NUMERIC_ARRAY','',6),(32,2,'NUMERIC_ARRAY','',6),(33,2,'NUMERIC_ARRAY','',6),(3,2,'NUMERIC_ARRAY','',6),(4,2,'NUMERIC_ARRAY','',6),(25,2,'NUMERIC_ARRAY','',6),(1,2,'NUMERIC_ARRAY','',6),(2,2,'NUMERIC_ARRAY','',6),(11,2,'NUMERIC_ARRAY','',6),(12,2,'NUMERIC_ARRAY','',6),(13,2,'NUMERIC_ARRAY','',6),(14,2,'NUMERIC_ARRAY','',6),(15,2,'NUMERIC_ARRAY','',6),(16,2,'NUMERIC_ARRAY','',6),(17,2,'NUMERIC_ARRAY','',6),(18,2,'NUMERIC_ARRAY','',6),(19,2,'NUMERIC_ARRAY','',6),(20,2,'NUMERIC_ARRAY','',6),(21,2,'NUMERIC_ARRAY','',6),(22,2,'NUMERIC_ARRAY','',6),(23,2,'NUMERIC_ARRAY','',6),(24,2,'NUMERIC_ARRAY','',6),(28,2,'NUMERIC_ARRAY','',6),(29,2,'NUMERIC_ARRAY','',6),(30,2,'NUMERIC_ARRAY','',6),(31,2,'NUMERIC_ARRAY','',6),(36,2,'NUMERIC_ARRAY','',6),(37,2,'NUMERIC_ARRAY','',6),(38,2,'NUMERIC_ARRAY','',6),(39,2,'NUMERIC_ARRAY','',6),(40,2,'NUMERIC_ARRAY','',6),(41,2,'NUMERIC_ARRAY','',6),(42,2,'NUMERIC_ARRAY','',6),(43,2,'NUMERIC_ARRAY','',6),(44,2,'NUMERIC_ARRAY','',6),(45,2,'NUMERIC_ARRAY','',6),(1,9,'NUMERIC_ARRAY','',6),(2,9,'NUMERIC_ARRAY','',6),(11,9,'NUMERIC_ARRAY','',6),(12,9,'NUMERIC_ARRAY','',6),(13,9,'NUMERIC_ARRAY','',6),(14,9,'NUMERIC_ARRAY','',6),(15,9,'NUMERIC_ARRAY','',6),(16,9,'NUMERIC_ARRAY','',6),(17,9,'NUMERIC_ARRAY','',6),(18,9,'NUMERIC_ARRAY','',6),(19,9,'NUMERIC_ARRAY','',6),(20,9,'NUMERIC_ARRAY','',6),(21,9,'NUMERIC_ARRAY','',6),(22,9,'NUMERIC_ARRAY','',6),(23,9,'NUMERIC_ARRAY','',6),(24,9,'NUMERIC_ARRAY','',6),(28,9,'NUMERIC_ARRAY','',6),(29,9,'NUMERIC_ARRAY','',6),(30,9,'NUMERIC_ARRAY','',6),(31,9,'NUMERIC_ARRAY','',6),(36,9,'NUMERIC_ARRAY','',6),(37,9,'NUMERIC_ARRAY','',6),(38,9,'NUMERIC_ARRAY','',6),(39,9,'NUMERIC_ARRAY','',6),(40,9,'NUMERIC_ARRAY','',6),(41,9,'NUMERIC_ARRAY','',6),(42,9,'NUMERIC_ARRAY','',6),(43,9,'NUMERIC_ARRAY','',6),(44,9,'NUMERIC_ARRAY','',6),(45,9,'NUMERIC_ARRAY','',6),(18,4,'NUMERIC_ARRAY','',6),(28,4,'NUMERIC_ARRAY','',6),(29,4,'NUMERIC_ARRAY','',6),(30,4,'NUMERIC_ARRAY','',6),(31,4,'NUMERIC_ARRAY','',6),(36,4,'NUMERIC_ARRAY','',6),(37,4,'NUMERIC_ARRAY','',6),(38,4,'NUMERIC_ARRAY','',6),(39,4,'NUMERIC_ARRAY','',6),(40,4,'NUMERIC_ARRAY','',6),(41,4,'NUMERIC_ARRAY','',6),(42,4,'NUMERIC_ARRAY','',6),(43,4,'NUMERIC_ARRAY','',6),(44,4,'NUMERIC_ARRAY','',6),(45,4,'NUMERIC_ARRAY','',6),(26,4,'NUMERIC_ARRAY','',6),(33,4,'NUMERIC_ARRAY','',6),(35,4,'NUMERIC_ARRAY','',6),(4,4,'NUMERIC_ARRAY','',6),(3,9,'NUMERIC_ARRAY','',6),(4,9,'NUMERIC_ARRAY','',6),(26,9,'NUMERIC_ARRAY','',6),(27,9,'NUMERIC_ARRAY','',6),(8,4,'NUMERIC_ARRAY','',6),(9,4,'NUMERIC_ARRAY','',6),(10,4,'NUMERIC_ARRAY','',6),(5,9,'NUMERIC_ARRAY','',6),(6,9,'NUMERIC_ARRAY','',6),(7,9,'NUMERIC_ARRAY','',6),(8,9,'NUMERIC_ARRAY','',6),(9,9,'NUMERIC_ARRAY','',6),(10,9,'NUMERIC_ARRAY','',6),(26,14,'NUMERIC','',6),(25,4,'NUMERIC_ARRAY','',6),(27,15,'NUMERIC','',6),(34,15,'NUMERIC','',6),(35,14,'NUMERIC','',6),(46,1,'NUMERIC','1',6),(34,14,'NUMERIC','',6),(46,16,'NUMERIC','',6),(7,15,'NUMERIC','',6),(6,15,'NUMERIC','',6),(5,15,'NUMERIC','',6),(10,14,'NUMERIC','',6),(9,14,'NUMERIC','',6),(8,14,'NUMERIC','',6),(7,14,'NUMERIC','',6),(6,14,'NUMERIC','',6),(5,14,'NUMERIC','',6),(4,15,'NUMERIC','',6),(3,15,'NUMERIC','',6),(4,14,'NUMERIC','',6),(3,14,'NUMERIC','',6),(33,15,'NUMERIC','',6),(32,15,'NUMERIC','',6),(33,14,'NUMERIC','',6),(32,14,'NUMERIC','',6),(35,15,'NUMERIC','',6),(25,9,'NUMERIC_ARRAY','',6),(27,14,'NUMERIC','',6),(33,9,'NUMERIC_ARRAY','',6),(32,9,'NUMERIC_ARRAY','',6),(26,15,'NUMERIC','',6),(35,9,'NUMERIC_ARRAY','',6),(34,9,'NUMERIC_ARRAY','',6),(50,4,'NUMERIC_ARRAY','',6),(49,9,'NUMERIC_ARRAY','',6),(49,2,'NUMERIC_ARRAY','',6),(49,7,'NUMERIC','',6),(49,8,'NUMERIC','',6),(49,6,'NUMERIC','',6),(49,5,'NUMERIC','',6),(49,4,'NUMERIC_ARRAY','',6),(49,1,'NUMERIC','1',6),(48,14,'NUMERIC','',6),(48,5,'NUMERIC','',6),(48,6,'NUMERIC','',6),(48,8,'NUMERIC','',6),(48,7,'NUMERIC','',6),(48,15,'NUMERIC','',6),(48,9,'NUMERIC_ARRAY','',6),(48,4,'NUMERIC_ARRAY','',6),(48,2,'NUMERIC_ARRAY','',6),(50,1,'NUMERIC','1',6),(48,1,'NUMERIC','1',6),(25,15,'NUMERIC','',6),(25,7,'NUMERIC','',6),(25,8,'NUMERIC','',6),(25,6,'NUMERIC','',6),(25,5,'NUMERIC','',6),(25,14,'NUMERIC','',6),(10,15,'NUMERIC','',6),(9,15,'NUMERIC','',6),(8,15,'NUMERIC','',6),(18,15,'NUMERIC','',6),(17,15,'NUMERIC','',6),(16,15,'NUMERIC','',6),(15,15,'NUMERIC','',6),(14,15,'NUMERIC','',6),(13,15,'NUMERIC','',6),(12,15,'NUMERIC','',6),(11,15,'NUMERIC','',6),(2,15,'NUMERIC','',6),(1,15,'NUMERIC','',6),(53,1,'NUMERIC','1',6),(52,20,'NUMERIC','',6),(51,20,'NUMERIC','',6),(52,16,'NUMERIC','',6),(51,16,'NUMERIC','',6),(52,18,'NUMERIC','',6),(51,18,'NUMERIC','',6),(52,19,'NUMERIC','',6),(51,19,'NUMERIC','',6),(52,17,'NUMERIC','',6),(51,17,'NUMERIC','',6),(52,1,'NUMERIC','1',6),(51,1,'NUMERIC','1',6),(50,9,'NUMERIC_ARRAY','',6),(50,2,'NUMERIC_ARRAY','',6),(50,7,'NUMERIC','',6),(50,8,'NUMERIC','',6),(50,6,'NUMERIC','',6),(50,5,'NUMERIC','',6),(19,15,'NUMERIC','',6),(20,15,'NUMERIC','',6),(21,15,'NUMERIC','',6),(22,15,'NUMERIC','',6),(23,15,'NUMERIC','',6),(24,15,'NUMERIC','',6),(28,15,'NUMERIC','',6),(29,15,'NUMERIC','',6),(30,15,'NUMERIC','',6),(31,15,'NUMERIC','',6),(36,15,'NUMERIC','',6),(37,15,'NUMERIC','',6),(38,15,'NUMERIC','',6),(39,15,'NUMERIC','',6),(40,15,'NUMERIC','',6),(41,15,'NUMERIC','',6),(42,15,'NUMERIC','',6),(43,15,'NUMERIC','',6),(44,15,'NUMERIC','',6),(45,15,'NUMERIC','0.7',6),(50,15,'NUMERIC','',6),(49,15,'NUMERIC','',6),(5,21,'NUMERIC','',6),(6,21,'NUMERIC','',6),(7,21,'NUMERIC','',6),(8,21,'NUMERIC','',6),(9,21,'NUMERIC','',6),(10,21,'NUMERIC','',6),(3,22,'NUMERIC','',6),(4,22,'NUMERIC','',6),(5,22,'NUMERIC','',6),(6,22,'NUMERIC','',6),(7,22,'NUMERIC','',6),(8,22,'NUMERIC','',6),(9,22,'NUMERIC','',6),(10,22,'NUMERIC','',6),(26,22,'NUMERIC','',6),(27,22,'NUMERIC','',6),(32,22,'NUMERIC','',6),(33,22,'NUMERIC','',6),(34,22,'NUMERIC','',6),(35,22,'NUMERIC','',6),(25,22,'NUMERIC','',6),(5,3,'STRING','',6),(6,3,'STRING','',6),(7,3,'STRING','',6),(8,3,'STRING','',6),(9,3,'STRING','',6),(10,3,'STRING','',6),(54,1,'NUMERIC','1',6),(55,1,'NUMERIC','1',6),(56,1,'NUMERIC','1',6),(32,23,'NUMERIC_ARRAY','',6),(33,23,'NUMERIC_ARRAY','',6),(32,25,'NUMERIC','',6),(33,25,'NUMERIC','',6),(32,24,'NUMERIC','',6),(33,24,'NUMERIC','',6),(25,23,'NUMERIC_ARRAY','',6),(25,24,'NUMERIC','',6),(25,25,'NUMERIC','',6),(57,1,'NUMERIC','1',6),(57,2,'NUMERIC_ARRAY','',6),(57,4,'NUMERIC_ARRAY','',6),(57,9,'NUMERIC_ARRAY','',6),(57,15,'NUMERIC','',6),(57,7,'NUMERIC','',6),(57,8,'NUMERIC','',6),(57,6,'NUMERIC','',6),(57,5,'NUMERIC','',6),(57,14,'NUMERIC','',6),(57,22,'NUMERIC','',6),(57,23,'NUMERIC_ARRAY','',6),(57,24,'NUMERIC','',6),(57,25,'NUMERIC','',6),(58,1,'NUMERIC','1',6),(59,1,'NUMERIC','1',6),(60,1,'NUMERIC','1',6),(61,1,'NUMERIC','1',6),(62,1,'NUMERIC','1',6),(62,4,'NUMERIC_ARRAY','',6),(62,5,'NUMERIC','',6),(62,6,'NUMERIC','',6),(62,7,'NUMERIC','',6),(62,2,'NUMERIC_ARRAY','',6),(62,9,'NUMERIC_ARRAY','',6),(62,15,'NUMERIC','',6),(62,14,'NUMERIC','',6),(62,21,'NUMERIC','',6),(62,22,'NUMERIC','',6),(62,3,'STRING','',6),(63,1,'NUMERIC','1',6),(64,1,'NUMERIC','1',6),(65,1,'NUMERIC','1',6),(66,1,'NUMERIC','1',6),(67,1,'NUMERIC','1',6),(68,1,'NUMERIC','1',6),(69,1,'NUMERIC','1',6),(70,1,'NUMERIC','1',6),(71,1,'NUMERIC','1',6),(72,1,'NUMERIC','1',6),(73,1,'NUMERIC','1',6),(74,1,'NUMERIC','1',6),(75,1,'NUMERIC','1',6),(76,1,'NUMERIC','1',6),(77,1,'NUMERIC','1',6),(78,1,'NUMERIC','1',6),(79,1,'NUMERIC','1',6),(80,1,'NUMERIC','1',6),(82,1,'NUMERIC','1',6),(81,1,'NUMERIC','1',6),(83,1,'NUMERIC','1',6),(83,2,'NUMERIC_ARRAY','',6),(83,3,'STRING','',6),(83,5,'NUMERIC','',6),(83,6,'NUMERIC','',6),(83,8,'NUMERIC','',6),(83,7,'NUMERIC','',6),(83,4,'NUMERIC_ARRAY','',6),(83,9,'NUMERIC_ARRAY','',6),(83,14,'NUMERIC','',6),(83,15,'NUMERIC','',6),(83,22,'NUMERIC','',6),(84,1,'NUMERIC','1',6),(84,2,'NUMERIC_ARRAY','',6),(84,3,'STRING','',6),(84,5,'NUMERIC','',6),(84,6,'NUMERIC','',6),(84,8,'NUMERIC','',6),(84,7,'NUMERIC','',6),(84,4,'NUMERIC_ARRAY','',6),(84,9,'NUMERIC_ARRAY','',6),(84,14,'NUMERIC','',6),(84,15,'NUMERIC','',6),(84,22,'NUMERIC','',6),(85,1,'NUMERIC','1',6),(85,4,'NUMERIC_ARRAY','',6),(85,5,'NUMERIC','',6),(85,6,'NUMERIC','',6),(85,7,'NUMERIC','',6),(85,2,'NUMERIC_ARRAY','',6),(85,9,'NUMERIC_ARRAY','',6),(85,15,'NUMERIC','',6),(85,14,'NUMERIC','',6),(85,21,'NUMERIC','',6),(85,22,'NUMERIC','',6),(85,3,'STRING','',6),(86,1,'NUMERIC','1',6),(86,4,'NUMERIC_ARRAY','',6),(86,5,'NUMERIC','',6),(86,6,'NUMERIC','',6),(86,7,'NUMERIC','',6),(86,2,'NUMERIC_ARRAY','',6),(86,9,'NUMERIC_ARRAY','',6),(86,15,'NUMERIC','',6),(86,14,'NUMERIC','',6),(86,21,'NUMERIC','',6),(86,22,'NUMERIC','',6),(86,3,'STRING','',6),(87,1,'NUMERIC','1',6),(87,4,'NUMERIC_ARRAY','',6),(87,5,'NUMERIC','',6),(87,6,'NUMERIC','',6),(87,7,'NUMERIC','',6),(87,2,'NUMERIC_ARRAY','',6),(87,9,'NUMERIC_ARRAY','',6),(87,15,'NUMERIC','',6),(87,14,'NUMERIC','',6),(87,21,'NUMERIC','',6),(87,22,'NUMERIC','',6),(87,3,'STRING','',6),(88,1,'NUMERIC','1',6),(88,4,'NUMERIC_ARRAY','',6),(88,5,'NUMERIC','',6),(88,6,'NUMERIC','',6),(88,7,'NUMERIC','',6),(88,2,'NUMERIC_ARRAY','',6),(88,9,'NUMERIC_ARRAY','',6),(88,15,'NUMERIC','',6),(88,14,'NUMERIC','',6),(88,21,'NUMERIC','',6),(88,22,'NUMERIC','',6),(88,3,'STRING','',6),(89,1,'NUMERIC','1',6),(89,4,'NUMERIC_ARRAY','',6),(89,5,'NUMERIC','',6),(89,6,'NUMERIC','',6),(89,7,'NUMERIC','',6),(89,2,'NUMERIC_ARRAY','',6),(89,9,'NUMERIC_ARRAY','',6),(89,15,'NUMERIC','',6),(89,14,'NUMERIC','',6),(89,21,'NUMERIC','',6),(89,22,'NUMERIC','',6),(89,3,'STRING','',6),(90,1,'NUMERIC','1',6),(90,4,'NUMERIC_ARRAY','',6),(90,5,'NUMERIC','',6),(90,6,'NUMERIC','',6),(90,7,'NUMERIC','',6),(90,2,'NUMERIC_ARRAY','',6),(90,9,'NUMERIC_ARRAY','',6),(90,15,'NUMERIC','',6),(90,14,'NUMERIC','',6),(90,21,'NUMERIC','',6),(90,22,'NUMERIC','',6),(90,3,'STRING','',6),(91,1,'NUMERIC','1',6),(91,2,'NUMERIC_ARRAY','',6),(91,4,'NUMERIC_ARRAY','',6),(91,9,'NUMERIC_ARRAY','',6),(91,15,'NUMERIC','',6),(91,7,'NUMERIC','',6),(91,8,'NUMERIC','',6),(91,6,'NUMERIC','',6),(91,5,'NUMERIC','',6),(91,14,'NUMERIC','',6),(91,22,'NUMERIC','',6),(91,23,'NUMERIC_ARRAY','',6),(91,24,'NUMERIC','',6),(91,25,'NUMERIC','',6),(92,1,'NUMERIC','1',6),(92,4,'NUMERIC_ARRAY','',6),(92,5,'NUMERIC','',6),(92,6,'NUMERIC','',6),(92,8,'NUMERIC','',6),(92,7,'NUMERIC','',6),(92,2,'NUMERIC_ARRAY','',6),(92,9,'NUMERIC_ARRAY','',6),(92,15,'NUMERIC','',6),(92,14,'NUMERIC','',6),(92,22,'NUMERIC','',6),(93,1,'NUMERIC','1',6),(93,4,'NUMERIC_ARRAY','',6),(93,5,'NUMERIC','',6),(93,6,'NUMERIC','',6),(93,8,'NUMERIC','',6),(93,7,'NUMERIC','',6),(93,2,'NUMERIC_ARRAY','',6),(93,9,'NUMERIC_ARRAY','',6),(93,15,'NUMERIC','',6),(93,14,'NUMERIC','',6),(93,22,'NUMERIC','',6),(94,1,'NUMERIC','1',6),(94,4,'NUMERIC_ARRAY','',6),(94,5,'NUMERIC','',6),(94,6,'NUMERIC','',6),(94,7,'NUMERIC','',6),(94,2,'NUMERIC_ARRAY','',6),(94,9,'NUMERIC_ARRAY','',6),(94,15,'NUMERIC','',6),(94,14,'NUMERIC','',6),(94,21,'NUMERIC','',6),(94,22,'NUMERIC','',6),(94,3,'STRING','',6),(95,1,'NUMERIC','1',6),(96,1,'NUMERIC','1',6),(96,4,'NUMERIC_ARRAY','',6),(96,5,'NUMERIC','',6),(96,6,'NUMERIC','',6),(96,8,'NUMERIC','',6),(96,7,'NUMERIC','',6),(96,2,'NUMERIC_ARRAY','',6),(96,9,'NUMERIC_ARRAY','',6),(96,15,'NUMERIC','',6),(97,1,'NUMERIC','1',6),(97,4,'NUMERIC_ARRAY','',6),(97,5,'NUMERIC','',6),(97,6,'NUMERIC','',6),(97,8,'NUMERIC','',6),(97,7,'NUMERIC','',6),(97,2,'NUMERIC_ARRAY','',6),(97,9,'NUMERIC_ARRAY','',6),(97,15,'NUMERIC','',6),(98,1,'NUMERIC','1',6),(99,1,'NUMERIC','1',6),(98,9,'NUMERIC_ARRAY','',6),(99,9,'NUMERIC_ARRAY','',6),(98,2,'NUMERIC_ARRAY','',6),(99,2,'NUMERIC_ARRAY','',6),(98,4,'NUMERIC_ARRAY','',6),(99,4,'NUMERIC_ARRAY','',6),(98,15,'NUMERIC','',6),(99,15,'NUMERIC','',6),(100,1,'NUMERIC','1',6),(100,9,'NUMERIC_ARRAY','',6),(100,2,'NUMERIC_ARRAY','',6),(100,4,'NUMERIC_ARRAY','',6),(100,15,'NUMERIC','',6),(101,1,'NUMERIC','1',6),(101,9,'NUMERIC_ARRAY','',6),(101,2,'NUMERIC_ARRAY','',6),(101,4,'NUMERIC_ARRAY','',6),(101,15,'NUMERIC','',6),(102,1,'NUMERIC','1',6),(102,9,'NUMERIC_ARRAY','',6),(102,2,'NUMERIC_ARRAY','',6),(102,4,'NUMERIC_ARRAY','',6),(102,15,'NUMERIC','',6),(103,1,'NUMERIC','1',6),(103,9,'NUMERIC_ARRAY','',6),(103,2,'NUMERIC_ARRAY','',6),(103,4,'NUMERIC_ARRAY','',6),(103,15,'NUMERIC','',6),(104,1,'NUMERIC','1',6),(104,9,'NUMERIC_ARRAY','',6),(104,2,'NUMERIC_ARRAY','',6),(104,4,'NUMERIC_ARRAY','',6),(104,15,'NUMERIC','',6),(105,1,'NUMERIC','1',6),(105,9,'NUMERIC_ARRAY','',6),(105,2,'NUMERIC_ARRAY','',6),(105,4,'NUMERIC_ARRAY','',6),(105,15,'NUMERIC','',6),(106,1,'NUMERIC','1',6),(106,4,'NUMERIC_ARRAY','',6),(106,5,'NUMERIC','',6),(106,6,'NUMERIC','',6),(106,8,'NUMERIC','',6),(106,7,'NUMERIC','',6),(106,2,'NUMERIC_ARRAY','',6),(106,9,'NUMERIC_ARRAY','',6),(106,15,'NUMERIC','',6),(107,1,'NUMERIC','1',6),(107,4,'NUMERIC_ARRAY','',6),(107,14,'NUMERIC','',6),(107,27,'NUMERIC','',6),(107,9,'NUMERIC_ARRAY','',6),(107,5,'NUMERIC','',6),(107,15,'NUMERIC','',6),(107,6,'NUMERIC','',6),(107,22,'NUMERIC','',6),(108,1,'NUMERIC','1',6),(108,4,'NUMERIC_ARRAY','',6),(108,5,'NUMERIC','',6),(108,6,'NUMERIC','',6),(108,7,'NUMERIC','',6),(108,2,'NUMERIC_ARRAY','',6),(108,9,'NUMERIC_ARRAY','',6),(108,15,'NUMERIC','',6),(108,14,'NUMERIC','',6),(108,21,'NUMERIC','',6),(108,22,'NUMERIC','',6),(108,3,'STRING','',6),(109,1,'NUMERIC','1',6),(109,4,'NUMERIC_ARRAY','',6),(109,5,'NUMERIC','',6),(109,6,'NUMERIC','',6),(109,7,'NUMERIC','',6),(109,2,'NUMERIC_ARRAY','',6),(109,9,'NUMERIC_ARRAY','',6),(109,15,'NUMERIC','',6),(109,14,'NUMERIC','',6),(109,21,'NUMERIC','',6),(109,22,'NUMERIC','',6),(109,3,'STRING','',6),(110,1,'NUMERIC','1',6),(110,4,'NUMERIC_ARRAY','',6),(110,14,'NUMERIC','',6),(110,27,'NUMERIC','',6),(110,9,'NUMERIC_ARRAY','',6),(110,5,'NUMERIC','',6),(110,15,'NUMERIC','',6),(110,6,'NUMERIC','',6),(110,22,'NUMERIC','',6),(111,1,'NUMERIC','1',6),(111,4,'NUMERIC_ARRAY','',6),(111,14,'NUMERIC','',6),(111,27,'NUMERIC','',6),(111,9,'NUMERIC_ARRAY','',6),(111,5,'NUMERIC','',6),(111,15,'NUMERIC','',6),(111,6,'NUMERIC','',6),(111,22,'NUMERIC','',6),(112,1,'NUMERIC','1',6),(113,1,'NUMERIC','1',6),(113,4,'NUMERIC_ARRAY','',6),(113,14,'NUMERIC','',6),(113,27,'NUMERIC','',6),(113,9,'NUMERIC_ARRAY','',6),(113,5,'NUMERIC','',6),(113,15,'NUMERIC','',6),(113,6,'NUMERIC','',6),(113,22,'NUMERIC','',6),(114,1,'NUMERIC','1',6),(114,19,'NUMERIC','',6),(114,16,'NUMERIC','',6),(115,16,'NUMERIC','',6),(115,1,'NUMERIC','1',6),(115,19,'NUMERIC','',6),(116,1,'NUMERIC','1',6),(116,15,'NUMERIC','',6),(117,15,'NUMERIC','',6),(117,1,'NUMERIC','1',6),(118,1,'NUMERIC','1',6),(118,15,'NUMERIC','',6),(118,16,'NUMERIC','',6),(114,40,'NUMERIC','',6),(114,41,'NUMERIC','',6),(119,1,'NUMERIC','1',6),(119,15,'NUMERIC','',6),(120,40,'NUMERIC','',6),(120,1,'NUMERIC','1',6),(115,41,'NUMERIC','',6),(120,15,'NUMERIC','',6),(121,40,'NUMERIC','',6),(121,1,'NUMERIC','1',6),(121,16,'NUMERIC','',6),(121,15,'NUMERIC','',6),(122,15,'NUMERIC','',6),(122,1,'NUMERIC','1',6),(122,16,'NUMERIC','',6),(123,16,'NUMERIC','',6),(123,41,'NUMERIC','',6),(123,15,'NUMERIC','',6),(123,1,'NUMERIC','1',6),(124,16,'NUMERIC','',6),(124,41,'NUMERIC','',6),(124,15,'NUMERIC','',6),(124,1,'NUMERIC','1',6),(125,16,'NUMERIC','',6),(125,41,'NUMERIC','',6),(125,15,'NUMERIC','',6),(125,1,'NUMERIC','1',6),(126,41,'NUMERIC','',6),(126,15,'NUMERIC','',6),(126,1,'NUMERIC','1',6),(127,40,'NUMERIC','',6),(127,1,'NUMERIC','1',6),(127,15,'NUMERIC','',6),(128,40,'NUMERIC','',6),(128,1,'NUMERIC','1',6),(128,15,'NUMERIC','',6),(129,40,'NUMERIC','',6),(129,1,'NUMERIC','1',6),(129,15,'NUMERIC','',6),(130,40,'NUMERIC','',6),(130,1,'NUMERIC','1',6),(130,15,'NUMERIC','',6),(131,40,'NUMERIC','',6),(131,1,'NUMERIC','1',6),(131,15,'NUMERIC','',6),(132,40,'NUMERIC','',6),(132,1,'NUMERIC','1',6),(132,15,'NUMERIC','',6),(133,40,'NUMERIC','',6),(133,1,'NUMERIC','1',6),(133,15,'NUMERIC','',6),(134,40,'NUMERIC','',6),(134,1,'NUMERIC','1',6),(134,15,'NUMERIC','',6),(135,40,'NUMERIC','',6),(135,1,'NUMERIC','1',6),(135,15,'NUMERIC','',6),(136,1,'NUMERIC','1',6),(136,15,'NUMERIC','',6),(136,16,'NUMERIC','',6),(137,1,'NUMERIC','1',6),(137,15,'NUMERIC','',6),(137,16,'NUMERIC','',6),(138,1,'NUMERIC','1',6),(138,15,'NUMERIC','',6),(138,16,'NUMERIC','',6),(139,1,'NUMERIC','1',6),(139,15,'NUMERIC','',6),(139,16,'NUMERIC','',6),(140,1,'NUMERIC','1',6),(140,15,'NUMERIC','',6),(140,16,'NUMERIC','',6),(141,1,'NUMERIC','1',6),(141,4,'NUMERIC_ARRAY','',6),(141,14,'NUMERIC','',6),(141,27,'NUMERIC','',6),(141,9,'NUMERIC_ARRAY','',6),(141,5,'NUMERIC','',6),(141,15,'NUMERIC','',6),(141,6,'NUMERIC','',6),(141,22,'NUMERIC','',6),(142,1,'NUMERIC','1',6),(142,4,'NUMERIC_ARRAY','',6),(142,14,'NUMERIC','',6),(142,27,'NUMERIC','',6),(142,9,'NUMERIC_ARRAY','',6),(142,5,'NUMERIC','',6),(142,15,'NUMERIC','',6),(142,6,'NUMERIC','',6),(142,22,'NUMERIC','',6),(143,1,'NUMERIC','1',6),(143,4,'NUMERIC_ARRAY','',6),(143,14,'NUMERIC','',6),(143,27,'NUMERIC','',6),(143,9,'NUMERIC_ARRAY','',6),(143,5,'NUMERIC','',6),(143,15,'NUMERIC','',6),(143,6,'NUMERIC','',6),(143,22,'NUMERIC','',6),(144,1,'NUMERIC','1',6),(144,2,'NUMERIC_ARRAY','',6),(144,4,'NUMERIC_ARRAY','',6),(144,9,'NUMERIC_ARRAY','',6),(144,15,'NUMERIC','',6),(144,7,'NUMERIC','',6),(144,8,'NUMERIC','',6),(144,6,'NUMERIC','',6),(144,5,'NUMERIC','',6),(144,14,'NUMERIC','',6),(144,22,'NUMERIC','',6),(144,23,'NUMERIC_ARRAY','',6),(144,24,'NUMERIC','',6),(144,25,'NUMERIC','',6),(144,1,'NUMERIC','1',6),(145,1,'NUMERIC','1',6),(145,18,'NUMERIC','',6),(145,38,'NUMERIC','',6),(145,39,'NUMERIC','',6),(145,35,'NUMERIC','',6),(145,20,'NUMERIC','',6),(145,40,'NUMERIC','',6),(146,1,'NUMERIC','1',6),(146,2,'NUMERIC_ARRAY','',6),(146,14,'NUMERIC','',6),(146,27,'NUMERIC','',6),(146,33,'NUMERIC','',6),(146,9,'NUMERIC_ARRAY','',6),(146,28,'NUMERIC','',6),(146,5,'NUMERIC','',6),(146,15,'NUMERIC','',6),(146,6,'NUMERIC','',6),(146,32,'NUMERIC','',6),(146,34,'NUMERIC','',6),(146,31,'NUMERIC','',6),(146,7,'NUMERIC','',6),(148,18,'NUMERIC','',6),(148,38,'NUMERIC','',6),(148,39,'NUMERIC','',6),(148,35,'NUMERIC','',6),(148,20,'NUMERIC','',6),(148,40,'NUMERIC','',6),(149,1,'NUMERIC','1',6),(149,4,'NUMERIC_ARRAY','',6),(149,5,'NUMERIC','',6),(149,6,'NUMERIC','',6),(149,7,'NUMERIC','',6),(149,2,'NUMERIC_ARRAY','',6),(149,9,'NUMERIC_ARRAY','',6),(149,15,'NUMERIC','',6),(149,14,'NUMERIC','',6),(149,21,'NUMERIC','',6),(149,22,'NUMERIC','',6),(149,3,'STRING','',6),(150,1,'NUMERIC','1',6),(150,4,'NUMERIC_ARRAY','',6),(150,5,'NUMERIC','',6),(150,6,'NUMERIC','',6),(150,7,'NUMERIC','',6),(150,2,'NUMERIC_ARRAY','',6),(150,9,'NUMERIC_ARRAY','',6),(150,15,'NUMERIC','',6),(150,14,'NUMERIC','',6),(150,21,'NUMERIC','',6),(150,22,'NUMERIC','',6),(150,3,'STRING','',6),(151,1,'NUMERIC','1',6),(151,4,'NUMERIC_ARRAY','',6),(151,5,'NUMERIC','',6),(151,6,'NUMERIC','',6),(151,7,'NUMERIC','',6),(151,2,'NUMERIC_ARRAY','',6),(151,9,'NUMERIC_ARRAY','',6),(151,15,'NUMERIC','',6),(151,14,'NUMERIC','',6),(151,21,'NUMERIC','',6),(151,22,'NUMERIC','',6),(151,3,'STRING','',6),(152,1,'NUMERIC','1',6),(152,4,'NUMERIC_ARRAY','',6),(152,5,'NUMERIC','',6),(152,6,'NUMERIC','',6),(152,7,'NUMERIC','',6),(152,2,'NUMERIC_ARRAY','',6),(152,9,'NUMERIC_ARRAY','',6),(152,15,'NUMERIC','',6),(152,14,'NUMERIC','',6),(152,21,'NUMERIC','',6),(152,22,'NUMERIC','',6),(152,3,'STRING','',6),(153,1,'NUMERIC','1',6),(153,4,'NUMERIC_ARRAY','',6),(153,5,'NUMERIC','',6),(153,6,'NUMERIC','',6),(153,7,'NUMERIC','',6),(153,2,'NUMERIC_ARRAY','',6),(153,9,'NUMERIC_ARRAY','',6),(153,15,'NUMERIC','',6),(153,14,'NUMERIC','',6),(153,21,'NUMERIC','',6),(153,22,'NUMERIC','',6),(153,3,'STRING','',6),(154,1,'NUMERIC','1',6),(154,4,'NUMERIC_ARRAY','',6),(154,5,'NUMERIC','',6),(154,6,'NUMERIC','',6),(154,7,'NUMERIC','',6),(154,2,'NUMERIC_ARRAY','',6),(154,9,'NUMERIC_ARRAY','',6),(154,15,'NUMERIC','',6),(154,14,'NUMERIC','',6),(154,21,'NUMERIC','',6),(154,22,'NUMERIC','',6),(154,3,'STRING','',6),(155,1,'NUMERIC','1',6),(156,1,'NUMERIC','1',6),(157,1,'NUMERIC','1',6),(157,16,'NUMERIC','',6),(51,42,'NUMERIC','',6),(52,42,'NUMERIC','',6),(158,1,'NUMERIC','1',6),(159,1,'NUMERIC','1',6),(160,1,'NUMERIC','1',6),(53,38,'NUMERIC','',6),(53,39,'NUMERIC','',6),(53,20,'NUMERIC','',6),(53,22,'NUMERIC','',6),(53,42,'NUMERIC','',6),(158,14,'NUMERIC','',6),(159,14,'NUMERIC','',6),(160,14,'NUMERIC','',6),(158,27,'NUMERIC','',6),(159,27,'NUMERIC','',6),(160,27,'NUMERIC','',6),(158,33,'NUMERIC','',6),(159,33,'NUMERIC','',6),(160,33,'NUMERIC','',6),(158,22,'NUMERIC','',6),(159,22,'NUMERIC','',6),(160,22,'NUMERIC','',6),(158,17,'NUMERIC','',6),(159,17,'NUMERIC','',6),(160,17,'NUMERIC','',6),(158,9,'NUMERIC_ARRAY','',6),(159,9,'NUMERIC_ARRAY','',6),(160,9,'NUMERIC_ARRAY','',6),(158,37,'NUMERIC','',6),(159,37,'NUMERIC','',6),(160,37,'NUMERIC','',6),(158,15,'NUMERIC','',6),(159,15,'NUMERIC','',6),(160,15,'NUMERIC','',6),(158,8,'NUMERIC','',6),(159,8,'NUMERIC','',6),(160,8,'NUMERIC','',6),(158,32,'NUMERIC','',6),(159,32,'NUMERIC','',6),(160,32,'NUMERIC','',6),(158,34,'NUMERIC','',6),(159,34,'NUMERIC','',6),(160,34,'NUMERIC','',6),(158,31,'NUMERIC','',6),(159,31,'NUMERIC','',6),(160,31,'NUMERIC','',6),(161,1,'NUMERIC','1',6),(161,15,'NUMERIC','',6),(161,16,'NUMERIC','',6),(162,1,'NUMERIC','1',6),(162,15,'NUMERIC','',6),(162,16,'NUMERIC','',6),(163,1,'NUMERIC','1',6),(163,15,'NUMERIC','',6),(163,16,'NUMERIC','',6),(164,1,'NUMERIC','1',6),(164,15,'NUMERIC','',6),(164,16,'NUMERIC','',6),(165,1,'NUMERIC','1',6),(165,15,'NUMERIC','',6),(165,16,'NUMERIC','',6),(166,1,'NUMERIC','1',6),(166,15,'NUMERIC','',6),(166,16,'NUMERIC','',6),(167,1,'NUMERIC','1',6),(167,15,'NUMERIC','',6),(167,16,'NUMERIC','',6),(168,41,'NUMERIC','',6),(168,15,'NUMERIC','',6),(168,1,'NUMERIC','1',6),(169,41,'NUMERIC','',6),(169,15,'NUMERIC','',6),(169,1,'NUMERIC','1',6),(170,41,'NUMERIC','',6),(170,15,'NUMERIC','',6),(170,1,'NUMERIC','1',6),(171,1,'NUMERIC','1',6),(171,19,'NUMERIC','',6),(171,16,'NUMERIC','',6),(171,40,'NUMERIC','',6),(171,41,'NUMERIC','',6),(172,1,'NUMERIC','1',6),(172,19,'NUMERIC','',6),(172,16,'NUMERIC','',6),(172,40,'NUMERIC','',6),(172,41,'NUMERIC','',6),(173,1,'NUMERIC','1',6),(173,19,'NUMERIC','',6),(173,16,'NUMERIC','',6),(173,40,'NUMERIC','',6),(173,41,'NUMERIC','',6),(174,1,'NUMERIC','1',6),(174,19,'NUMERIC','',6),(174,16,'NUMERIC','',6),(174,40,'NUMERIC','',6),(174,41,'NUMERIC','',6),(175,1,'NUMERIC','1',6),(175,19,'NUMERIC','',6),(175,16,'NUMERIC','',6),(175,40,'NUMERIC','',6),(175,41,'NUMERIC','',6),(176,1,'NUMERIC','1',6),(176,19,'NUMERIC','',6),(176,16,'NUMERIC','',6),(176,40,'NUMERIC','',6),(176,41,'NUMERIC','',6),(177,1,'NUMERIC','1',6),(177,19,'NUMERIC','',6),(177,16,'NUMERIC','',6),(177,40,'NUMERIC','',6),(177,41,'NUMERIC','',6),(178,1,'NUMERIC','1',6),(178,19,'NUMERIC','',6),(178,16,'NUMERIC','',6),(178,40,'NUMERIC','',6),(178,41,'NUMERIC','',6),(179,16,'NUMERIC','',6),(179,1,'NUMERIC','1',6),(179,19,'NUMERIC','',6),(179,41,'NUMERIC','',6),(180,16,'NUMERIC','',6),(180,1,'NUMERIC','1',6),(180,19,'NUMERIC','',6),(180,41,'NUMERIC','',6),(181,16,'NUMERIC','',6),(181,1,'NUMERIC','1',6),(181,19,'NUMERIC','',6),(181,41,'NUMERIC','',6),(182,16,'NUMERIC','',6),(182,1,'NUMERIC','1',6),(182,19,'NUMERIC','',6),(182,41,'NUMERIC','',6),(183,16,'NUMERIC','',6),(183,1,'NUMERIC','1',6),(183,19,'NUMERIC','',6),(183,41,'NUMERIC','',6),(184,16,'NUMERIC','',6),(184,1,'NUMERIC','1',6),(184,19,'NUMERIC','',6),(184,41,'NUMERIC','',6),(185,16,'NUMERIC','',6),(185,1,'NUMERIC','1',6),(185,19,'NUMERIC','',6),(185,41,'NUMERIC','',6),(186,16,'NUMERIC','',6),(186,1,'NUMERIC','1',6),(186,19,'NUMERIC','',6),(186,41,'NUMERIC','',6),(187,1,'NUMERIC','1',6),(187,4,'NUMERIC_ARRAY','',6),(187,5,'NUMERIC','',6),(187,6,'NUMERIC','',6),(187,8,'NUMERIC','',6),(187,7,'NUMERIC','',6),(187,2,'NUMERIC_ARRAY','',6),(187,9,'NUMERIC_ARRAY','',6),(187,15,'NUMERIC','',6),(188,1,'NUMERIC','1',6),(188,4,'NUMERIC_ARRAY','',6),(188,5,'NUMERIC','',6),(188,6,'NUMERIC','',6),(188,8,'NUMERIC','',6),(188,7,'NUMERIC','',6),(188,2,'NUMERIC_ARRAY','',6),(188,9,'NUMERIC_ARRAY','',6),(188,15,'NUMERIC','',6),(189,1,'NUMERIC','1',6),(189,4,'NUMERIC_ARRAY','',6),(189,5,'NUMERIC','',6),(189,6,'NUMERIC','',6),(189,8,'NUMERIC','',6),(189,7,'NUMERIC','',6),(189,2,'NUMERIC_ARRAY','',6),(189,9,'NUMERIC_ARRAY','',6),(189,15,'NUMERIC','',6),(190,1,'NUMERIC','1',6),(190,4,'NUMERIC_ARRAY','',6),(190,5,'NUMERIC','',6),(190,6,'NUMERIC','',6),(190,8,'NUMERIC','',6),(190,7,'NUMERIC','',6),(190,2,'NUMERIC_ARRAY','',6),(190,9,'NUMERIC_ARRAY','',6),(190,15,'NUMERIC','',6),(5,37,'NUMERIC','',6),(6,37,'NUMERIC','',6),(7,37,'NUMERIC','',6),(8,37,'NUMERIC','',6),(9,37,'NUMERIC','',6),(10,37,'NUMERIC','',6),(62,37,'NUMERIC','',6),(85,37,'NUMERIC','',6),(86,37,'NUMERIC','',6),(87,37,'NUMERIC','',6),(88,37,'NUMERIC','',6),(89,37,'NUMERIC','',6),(90,37,'NUMERIC','',6),(94,37,'NUMERIC','',6),(108,37,'NUMERIC','',6),(109,37,'NUMERIC','',6),(149,37,'NUMERIC','',6),(150,37,'NUMERIC','',6),(151,37,'NUMERIC','',6),(152,37,'NUMERIC','',6),(153,37,'NUMERIC','',6),(154,37,'NUMERIC','',6),(192,1,'NUMERIC','1',6),(193,1,'NUMERIC','1',6),(193,14,'NUMERIC','',6),(193,27,'NUMERIC','',6),(193,33,'NUMERIC','',6),(193,22,'NUMERIC','',6),(193,17,'NUMERIC','',6),(193,9,'NUMERIC_ARRAY','',6),(193,37,'NUMERIC','',6),(193,15,'NUMERIC','',6),(193,8,'NUMERIC','',6),(193,32,'NUMERIC','',6),(193,34,'NUMERIC','',6),(193,31,'NUMERIC','',6),(194,1,'NUMERIC','1',6),(194,14,'NUMERIC','',6),(194,27,'NUMERIC','',6),(194,33,'NUMERIC','',6),(194,22,'NUMERIC','',6),(194,17,'NUMERIC','',6),(194,9,'NUMERIC_ARRAY','',6),(194,37,'NUMERIC','',6),(194,15,'NUMERIC','',6),(194,8,'NUMERIC','',6),(194,32,'NUMERIC','',6),(194,34,'NUMERIC','',6),(194,31,'NUMERIC','',6),(195,1,'NUMERIC','1',6),(196,1,'NUMERIC','1',6),(197,1,'NUMERIC','1',6),(197,14,'NUMERIC','',6),(197,27,'NUMERIC','',6),(197,33,'NUMERIC','',6),(197,22,'NUMERIC','',6),(197,17,'NUMERIC','',6),(197,9,'NUMERIC_ARRAY','',6),(197,37,'NUMERIC','',6),(197,15,'NUMERIC','',6),(197,8,'NUMERIC','',6),(197,32,'NUMERIC','',6),(197,34,'NUMERIC','',6),(197,31,'NUMERIC','',6),(198,1,'NUMERIC','1',6),(198,2,'NUMERIC_ARRAY','',6),(198,14,'NUMERIC','',6),(198,27,'NUMERIC','',6),(198,33,'NUMERIC','',6),(198,9,'NUMERIC_ARRAY','',6),(198,28,'NUMERIC','',6),(198,5,'NUMERIC','',6),(198,15,'NUMERIC','',6),(198,6,'NUMERIC','',6),(198,32,'NUMERIC','',6),(198,34,'NUMERIC','',6),(198,31,'NUMERIC','',6),(198,7,'NUMERIC','',6),(199,1,'NUMERIC','1',6),(200,20,'NUMERIC','',6),(200,16,'NUMERIC','',6),(200,18,'NUMERIC','',6),(200,19,'NUMERIC','',6),(200,17,'NUMERIC','',6),(200,1,'NUMERIC','1',6),(200,42,'NUMERIC','',6),(201,1,'NUMERIC','1',6),(201,38,'NUMERIC','',6),(201,39,'NUMERIC','',6),(201,20,'NUMERIC','',6),(201,22,'NUMERIC','',6),(201,42,'NUMERIC','',6),(202,1,'NUMERIC','1',6),(203,1,'NUMERIC','1',6),(191,1,'NUMERIC','1',6),(204,1,'NUMERIC','1',6),(191,16,'NUMERIC','',6),(204,16,'NUMERIC','',6),(191,37,'NUMERIC','',6),(204,37,'NUMERIC','',6),(205,1,'NUMERIC','1',6),(203,15,'NUMERIC','',6),(205,15,'NUMERIC','',6),(206,1,'NUMERIC','1',6),(207,1,'NUMERIC','1',6),(207,16,'NUMERIC','',6),(207,37,'NUMERIC','',6),(208,1,'NUMERIC','1',6),(208,16,'NUMERIC','',6),(208,37,'NUMERIC','',6),(209,1,'NUMERIC','1',6),(209,16,'NUMERIC','',6),(209,37,'NUMERIC','',6),(210,1,'NUMERIC','1',6),(211,1,'NUMERIC','1',6),(212,1,'NUMERIC','1',6),(61,39,'NUMERIC','',6),(61,38,'NUMERIC','',6),(61,20,'NUMERIC','',6),(213,1,'NUMERIC','1',6),(213,39,'NUMERIC','',6),(213,38,'NUMERIC','',6),(213,20,'NUMERIC','',6),(214,1,'NUMERIC','1',6),(214,16,'NUMERIC','',6),(215,1,'NUMERIC','1',6),(215,38,'NUMERIC','',6),(215,39,'NUMERIC','',6),(215,20,'NUMERIC','',6),(215,22,'NUMERIC','',6),(215,42,'NUMERIC','',6),(216,1,'NUMERIC','1',6),(216,38,'NUMERIC','',6),(216,39,'NUMERIC','',6),(216,20,'NUMERIC','',6),(216,22,'NUMERIC','',6),(216,42,'NUMERIC','',6),(217,1,'NUMERIC','1',6),(218,1,'NUMERIC','1',6),(219,1,'NUMERIC','1',6),(220,1,'NUMERIC','1',6),(221,1,'NUMERIC','1',6),(222,1,'NUMERIC','1',6),(223,1,'NUMERIC','1',6),(224,1,'NUMERIC','1',6),(224,2,'NUMERIC_ARRAY','',6),(224,3,'STRING','',6),(224,5,'NUMERIC','',6),(224,6,'NUMERIC','',6),(224,8,'NUMERIC','',6),(224,7,'NUMERIC','',6),(224,4,'NUMERIC_ARRAY','',6),(224,9,'NUMERIC_ARRAY','',6),(224,14,'NUMERIC','',6),(224,15,'NUMERIC','',6),(224,22,'NUMERIC','',6),(225,1,'NUMERIC','1',6),(225,2,'NUMERIC_ARRAY','',6),(225,3,'STRING','',6),(225,5,'NUMERIC','',6),(225,6,'NUMERIC','',6),(225,8,'NUMERIC','',6),(225,7,'NUMERIC','',6),(225,4,'NUMERIC_ARRAY','',6),(225,9,'NUMERIC_ARRAY','',6),(225,14,'NUMERIC','',6),(225,15,'NUMERIC','',6),(225,22,'NUMERIC','',6),(226,1,'NUMERIC','1',6),(227,1,'NUMERIC','1',6),(228,1,'NUMERIC','1',6),(229,1,'NUMERIC','1',6),(230,1,'NUMERIC','1',6),(230,4,'NUMERIC_ARRAY','',6),(230,5,'NUMERIC','',6),(230,6,'NUMERIC','',6),(230,7,'NUMERIC','',6),(230,2,'NUMERIC_ARRAY','',6),(230,9,'NUMERIC_ARRAY','',6),(230,15,'NUMERIC','',6),(230,14,'NUMERIC','',6),(230,21,'NUMERIC','',6),(230,22,'NUMERIC','',6),(230,3,'STRING','',6),(230,37,'NUMERIC','',6),(231,1,'NUMERIC','1',6),(231,4,'NUMERIC_ARRAY','',6),(231,5,'NUMERIC','',6),(231,6,'NUMERIC','',6),(231,7,'NUMERIC','',6),(231,2,'NUMERIC_ARRAY','',6),(231,9,'NUMERIC_ARRAY','',6),(231,15,'NUMERIC','',6),(231,14,'NUMERIC','',6),(231,21,'NUMERIC','',6),(231,22,'NUMERIC','',6),(231,3,'STRING','',6),(231,37,'NUMERIC','',6),(232,1,'NUMERIC','1',6),(232,4,'NUMERIC_ARRAY','',6),(232,5,'NUMERIC','',6),(232,6,'NUMERIC','',6),(232,7,'NUMERIC','',6),(232,2,'NUMERIC_ARRAY','',6),(232,9,'NUMERIC_ARRAY','',6),(232,15,'NUMERIC','',6),(232,14,'NUMERIC','',6),(232,21,'NUMERIC','',6),(232,22,'NUMERIC','',6),(232,3,'STRING','',6),(232,37,'NUMERIC','',6),(233,1,'NUMERIC','1',6),(233,4,'NUMERIC_ARRAY','',6),(233,5,'NUMERIC','',6),(233,6,'NUMERIC','',6),(233,7,'NUMERIC','',6),(233,2,'NUMERIC_ARRAY','',6),(233,9,'NUMERIC_ARRAY','',6),(233,15,'NUMERIC','',6),(233,14,'NUMERIC','',6),(233,21,'NUMERIC','',6),(233,22,'NUMERIC','',6),(233,3,'STRING','',6),(233,37,'NUMERIC','',6),(234,1,'NUMERIC','1',6),(235,1,'NUMERIC','1',6),(236,1,'NUMERIC','1',6),(236,16,'NUMERIC','',6),(237,20,'NUMERIC','',6),(237,16,'NUMERIC','',6),(237,18,'NUMERIC','',6),(237,19,'NUMERIC','',6),(237,17,'NUMERIC','',6),(237,1,'NUMERIC','1',6),(237,42,'NUMERIC','',6),(238,1,'NUMERIC','1',6),(239,1,'NUMERIC','1',6),(240,20,'NUMERIC','',6),(240,16,'NUMERIC','',6),(240,18,'NUMERIC','',6),(240,19,'NUMERIC','',6),(240,17,'NUMERIC','',6),(240,1,'NUMERIC','1',6),(240,42,'NUMERIC','',6),(241,20,'NUMERIC','',6),(241,16,'NUMERIC','',6),(241,18,'NUMERIC','',6),(241,19,'NUMERIC','',6),(241,17,'NUMERIC','',6),(241,1,'NUMERIC','1',6),(241,42,'NUMERIC','',6),(242,1,'NUMERIC','1',6),(242,38,'NUMERIC','',6),(242,39,'NUMERIC','',6),(242,20,'NUMERIC','',6),(242,22,'NUMERIC','',6),(242,42,'NUMERIC','',6),(243,1,'NUMERIC','1',6),(243,38,'NUMERIC','',6),(243,39,'NUMERIC','',6),(243,20,'NUMERIC','',6),(243,22,'NUMERIC','',6),(243,42,'NUMERIC','',6),(244,1,'NUMERIC','1',6),(244,38,'NUMERIC','',6),(244,39,'NUMERIC','',6),(244,20,'NUMERIC','',6),(244,22,'NUMERIC','',6),(244,42,'NUMERIC','',6),(245,1,'NUMERIC','1',6),(245,16,'NUMERIC','',6),(246,1,'NUMERIC','1',6),(247,1,'NUMERIC','1',6),(248,1,'NUMERIC','1',6),(248,16,'NUMERIC','',6),(248,37,'NUMERIC','',6),(249,1,'NUMERIC','1',6),(249,16,'NUMERIC','',6),(249,37,'NUMERIC','',6),(250,1,'NUMERIC','1',6),(251,1,'NUMERIC','1',6),(252,20,'NUMERIC','',6),(252,16,'NUMERIC','',6),(252,18,'NUMERIC','',6),(252,19,'NUMERIC','',6),(252,17,'NUMERIC','',6),(252,1,'NUMERIC','1',6),(252,42,'NUMERIC','',6),(253,1,'NUMERIC','1',6),(253,4,'NUMERIC_ARRAY','',6),(253,5,'NUMERIC','',6),(253,6,'NUMERIC','',6),(253,8,'NUMERIC','',6),(253,7,'NUMERIC','',6),(253,2,'NUMERIC_ARRAY','',6),(253,9,'NUMERIC_ARRAY','',6),(253,15,'NUMERIC','',6),(253,14,'NUMERIC','',6),(253,21,'NUMERIC','',6),(253,22,'NUMERIC','',6),(253,3,'STRING','',6),(253,37,'NUMERIC','',6),(253,20,'NUMERIC','',6),(253,16,'NUMERIC','',6),(253,18,'NUMERIC','',6),(253,19,'NUMERIC','',6),(253,17,'NUMERIC','',6),(253,1,'NUMERIC','1',6),(253,42,'NUMERIC','',6),(254,1,'NUMERIC','1',6),(254,14,'NUMERIC','',6),(254,27,'NUMERIC','',6),(254,33,'NUMERIC','',6),(254,22,'NUMERIC','',6),(254,17,'NUMERIC','',6),(254,9,'NUMERIC_ARRAY','',6),(254,37,'NUMERIC','',6),(254,15,'NUMERIC','',6),(254,8,'NUMERIC','',6),(254,32,'NUMERIC','',6),(254,34,'NUMERIC','',6),(254,31,'NUMERIC','',6),(255,20,'NUMERIC','',6),(255,16,'NUMERIC','',6),(255,18,'NUMERIC','',6),(255,19,'NUMERIC','',6),(255,17,'NUMERIC','',6),(255,1,'NUMERIC','1',6),(255,42,'NUMERIC','',6),(256,1,'NUMERIC','1',6),(256,14,'NUMERIC','',6),(256,27,'NUMERIC','',6),(256,33,'NUMERIC','',6),(256,22,'NUMERIC','',6),(256,17,'NUMERIC','',6),(256,9,'NUMERIC_ARRAY','',6),(256,37,'NUMERIC','',6),(256,15,'NUMERIC','',6),(256,8,'NUMERIC','',6),(256,32,'NUMERIC','',6),(256,34,'NUMERIC','',6),(256,31,'NUMERIC','',6),(257,20,'NUMERIC','',6),(257,16,'NUMERIC','',6),(257,18,'NUMERIC','',6),(257,19,'NUMERIC','',6),(257,17,'NUMERIC','',6),(257,1,'NUMERIC','1',6),(257,42,'NUMERIC','',6),(258,20,'NUMERIC','',6),(258,16,'NUMERIC','',6),(258,18,'NUMERIC','',6),(258,19,'NUMERIC','',6),(258,17,'NUMERIC','',6),(258,1,'NUMERIC','1',6),(258,42,'NUMERIC','',6),(259,20,'NUMERIC','',6),(259,16,'NUMERIC','',6),(259,18,'NUMERIC','',6),(259,19,'NUMERIC','',6),(259,17,'NUMERIC','',6),(259,1,'NUMERIC','1',6),(259,42,'NUMERIC','',6),(260,1,'NUMERIC','1',6),(260,16,'NUMERIC','',6),(261,1,'NUMERIC','1',6),(262,20,'NUMERIC','',6),(262,16,'NUMERIC','',6),(262,18,'NUMERIC','',6),(262,19,'NUMERIC','',6),(262,17,'NUMERIC','',6),(262,1,'NUMERIC','1',6),(262,42,'NUMERIC','',6),(263,15,'NUMERIC','',6),(263,1,'NUMERIC','1',6),(264,15,'NUMERIC','',6),(264,1,'NUMERIC','1',6),(265,15,'NUMERIC','',6),(265,1,'NUMERIC','1',6),(266,15,'NUMERIC','',6),(266,1,'NUMERIC','1',6),(267,15,'NUMERIC','',6),(267,1,'NUMERIC','1',6),(268,15,'NUMERIC','',6),(268,1,'NUMERIC','1',6),(269,15,'NUMERIC','',6),(269,1,'NUMERIC','1',6),(270,15,'NUMERIC','',6),(270,1,'NUMERIC','1',6),(271,1,'NUMERIC','1',6),(272,1,'NUMERIC','1',6),(273,1,'NUMERIC','1',6),(274,1,'NUMERIC','1',6),(275,1,'NUMERIC','1',6),(276,1,'NUMERIC','1',6),(277,1,'NUMERIC','1',6),(278,1,'NUMERIC','1',6),(279,1,'NUMERIC','1',6),(280,1,'NUMERIC','1',6),(54,4,'NUMERIC_ARRAY','',6),(59,4,'NUMERIC_ARRAY','',6),(54,5,'NUMERIC','',6),(59,5,'NUMERIC','',6),(54,6,'NUMERIC','',6),(59,6,'NUMERIC','',6),(54,8,'NUMERIC','',6),(59,8,'NUMERIC','',6),(54,7,'NUMERIC','',6),(59,7,'NUMERIC','',6),(54,14,'NUMERIC','',6),(59,14,'NUMERIC','',6),(54,15,'NUMERIC','',6),(59,15,'NUMERIC','',6),(54,13,'NUMERIC_ARRAY','',6),(59,13,'NUMERIC_ARRAY','',6),(55,13,'NUMERIC_ARRAY','',6),(58,13,'NUMERIC_ARRAY','',6),(144,13,'NUMERIC_ARRAY','',6),(25,13,'NUMERIC_ARRAY','',6),(57,13,'NUMERIC_ARRAY','',6),(91,13,'NUMERIC_ARRAY','',6),(55,6,'NUMERIC','',6),(58,6,'NUMERIC','',6),(144,6,'NUMERIC','',6),(55,5,'NUMERIC','',6),(58,5,'NUMERIC','',6),(144,5,'NUMERIC','',6),(55,8,'NUMERIC','',6),(58,8,'NUMERIC','',6),(144,8,'NUMERIC','',6),(55,7,'NUMERIC','',6),(58,7,'NUMERIC','',6),(144,7,'NUMERIC','',6),(55,14,'NUMERIC','',6),(58,14,'NUMERIC','',6),(144,14,'NUMERIC','',6),(55,15,'NUMERIC','',6),(58,15,'NUMERIC','',6),(144,15,'NUMERIC','',6),(55,23,'NUMERIC_ARRAY','',6),(58,23,'NUMERIC_ARRAY','',6),(144,23,'NUMERIC_ARRAY','',6),(55,25,'NUMERIC','',6),(58,25,'NUMERIC','',6),(144,25,'NUMERIC','',6),(55,24,'NUMERIC','',6),(58,24,'NUMERIC','',6),(144,24,'NUMERIC','',6),(55,43,'NUMERIC','',6),(58,43,'NUMERIC','',6),(144,43,'NUMERIC','',6),(56,5,'NUMERIC','',6),(60,5,'NUMERIC','',6),(56,6,'NUMERIC','',6),(60,6,'NUMERIC','',6),(56,8,'NUMERIC','',6),(60,8,'NUMERIC','',6),(56,7,'NUMERIC','',6),(60,7,'NUMERIC','',6),(56,14,'NUMERIC','',6),(60,14,'NUMERIC','',6),(56,15,'NUMERIC','',6),(60,15,'NUMERIC','',6),(56,23,'NUMERIC_ARRAY','',6),(60,23,'NUMERIC_ARRAY','',6),(56,43,'NUMERIC','',6),(60,43,'NUMERIC','',6),(56,13,'NUMERIC_ARRAY','',6),(60,13,'NUMERIC_ARRAY','',6),(56,22,'NUMERIC','',6),(60,22,'NUMERIC','',6),(55,22,'NUMERIC','',6),(58,22,'NUMERIC','',6),(144,22,'NUMERIC','',6),(54,22,'NUMERIC','',6),(59,22,'NUMERIC','',6),(56,2,'NUMERIC_ARRAY','',6),(60,2,'NUMERIC_ARRAY','',6),(56,9,'NUMERIC_ARRAY','',6),(60,9,'NUMERIC_ARRAY','',6),(54,2,'NUMERIC_ARRAY','',6),(59,2,'NUMERIC_ARRAY','',6),(54,9,'NUMERIC_ARRAY','',6),(59,9,'NUMERIC_ARRAY','',6),(55,2,'NUMERIC_ARRAY','',6),(58,2,'NUMERIC_ARRAY','',6),(144,2,'NUMERIC_ARRAY','',6),(55,9,'NUMERIC_ARRAY','',6),(58,9,'NUMERIC_ARRAY','',6),(144,9,'NUMERIC_ARRAY','',6),(56,4,'NUMERIC_ARRAY','',6),(60,4,'NUMERIC_ARRAY','',6),(5,32,'NUMERIC','',6),(6,32,'NUMERIC','',6),(7,32,'NUMERIC','',6),(8,32,'NUMERIC','',6),(9,32,'NUMERIC','',6),(10,32,'NUMERIC','',6),(62,32,'NUMERIC','',6),(85,32,'NUMERIC','',6),(86,32,'NUMERIC','',6),(87,32,'NUMERIC','',6),(88,32,'NUMERIC','',6),(89,32,'NUMERIC','',6),(90,32,'NUMERIC','',6),(94,32,'NUMERIC','',6),(108,32,'NUMERIC','',6),(109,32,'NUMERIC','',6),(149,32,'NUMERIC','',6),(150,32,'NUMERIC','',6),(151,32,'NUMERIC','',6),(152,32,'NUMERIC','',6),(153,32,'NUMERIC','',6),(154,32,'NUMERIC','',6),(230,32,'NUMERIC','',6),(231,32,'NUMERIC','',6),(232,32,'NUMERIC','',6),(233,32,'NUMERIC','',6),(5,34,'NUMERIC','',6),(6,34,'NUMERIC','',6),(7,34,'NUMERIC','',6),(8,34,'NUMERIC','',6),(9,34,'NUMERIC','',6),(10,34,'NUMERIC','',6),(62,34,'NUMERIC','',6),(85,34,'NUMERIC','',6),(86,34,'NUMERIC','',6),(87,34,'NUMERIC','',6),(88,34,'NUMERIC','',6),(89,34,'NUMERIC','',6),(90,34,'NUMERIC','',6),(94,34,'NUMERIC','',6),(108,34,'NUMERIC','',6),(109,34,'NUMERIC','',6),(149,34,'NUMERIC','',6),(150,34,'NUMERIC','',6),(151,34,'NUMERIC','',6),(152,34,'NUMERIC','',6),(153,34,'NUMERIC','',6),(154,34,'NUMERIC','',6),(230,34,'NUMERIC','',6),(231,34,'NUMERIC','',6),(232,34,'NUMERIC','',6),(233,34,'NUMERIC','',6),(5,8,'NUMERIC','',6),(6,8,'NUMERIC','',6),(7,8,'NUMERIC','',6),(8,8,'NUMERIC','',6),(9,8,'NUMERIC','',6),(10,8,'NUMERIC','',6),(62,8,'NUMERIC','',6),(85,8,'NUMERIC','',6),(86,8,'NUMERIC','',6),(87,8,'NUMERIC','',6),(88,8,'NUMERIC','',6),(89,8,'NUMERIC','',6),(90,8,'NUMERIC','',6),(94,8,'NUMERIC','',6),(108,8,'NUMERIC','',6),(109,8,'NUMERIC','',6),(149,8,'NUMERIC','',6),(150,8,'NUMERIC','',6),(151,8,'NUMERIC','',6),(152,8,'NUMERIC','',6),(153,8,'NUMERIC','',6),(154,8,'NUMERIC','',6),(230,8,'NUMERIC','',6),(231,8,'NUMERIC','',6),(232,8,'NUMERIC','',6),(233,8,'NUMERIC','',6),(5,27,'NUMERIC','',6),(6,27,'NUMERIC','',6),(7,27,'NUMERIC','',6),(8,27,'NUMERIC','',6),(9,27,'NUMERIC','',6),(10,27,'NUMERIC','',6),(62,27,'NUMERIC','',6),(85,27,'NUMERIC','',6),(86,27,'NUMERIC','',6),(87,27,'NUMERIC','',6),(88,27,'NUMERIC','',6),(89,27,'NUMERIC','',6),(90,27,'NUMERIC','',6),(94,27,'NUMERIC','',6),(108,27,'NUMERIC','',6),(109,27,'NUMERIC','',6),(149,27,'NUMERIC','',6),(150,27,'NUMERIC','',6),(151,27,'NUMERIC','',6),(152,27,'NUMERIC','',6),(153,27,'NUMERIC','',6),(154,27,'NUMERIC','',6),(230,27,'NUMERIC','',6),(231,27,'NUMERIC','',6),(232,27,'NUMERIC','',6),(233,27,'NUMERIC','',6),(5,28,'NUMERIC','',6),(6,28,'NUMERIC','',6),(7,28,'NUMERIC','',6),(8,28,'NUMERIC','',6),(9,28,'NUMERIC','',6),(10,28,'NUMERIC','',6),(62,28,'NUMERIC','',6),(85,28,'NUMERIC','',6),(86,28,'NUMERIC','',6),(87,28,'NUMERIC','',6),(88,28,'NUMERIC','',6),(89,28,'NUMERIC','',6),(90,28,'NUMERIC','',6),(94,28,'NUMERIC','',6),(108,28,'NUMERIC','',6),(109,28,'NUMERIC','',6),(149,28,'NUMERIC','',6),(150,28,'NUMERIC','',6),(151,28,'NUMERIC','',6),(152,28,'NUMERIC','',6),(153,28,'NUMERIC','',6),(154,28,'NUMERIC','',6),(230,28,'NUMERIC','',6),(231,28,'NUMERIC','',6),(232,28,'NUMERIC','',6),(233,28,'NUMERIC','',6),(5,33,'NUMERIC','',6),(6,33,'NUMERIC','',6),(7,33,'NUMERIC','',6),(8,33,'NUMERIC','',6),(9,33,'NUMERIC','',6),(10,33,'NUMERIC','',6),(62,33,'NUMERIC','',6),(85,33,'NUMERIC','',6),(86,33,'NUMERIC','',6),(87,33,'NUMERIC','',6),(88,33,'NUMERIC','',6),(89,33,'NUMERIC','',6),(90,33,'NUMERIC','',6),(94,33,'NUMERIC','',6),(108,33,'NUMERIC','',6),(109,33,'NUMERIC','',6),(149,33,'NUMERIC','',6),(150,33,'NUMERIC','',6),(151,33,'NUMERIC','',6),(152,33,'NUMERIC','',6),(153,33,'NUMERIC','',6),(154,33,'NUMERIC','',6),(230,33,'NUMERIC','',6),(231,33,'NUMERIC','',6),(232,33,'NUMERIC','',6),(233,33,'NUMERIC','',6),(26,27,'NUMERIC','',6),(27,27,'NUMERIC','',6),(83,27,'NUMERIC','',6),(84,27,'NUMERIC','',6),(224,27,'NUMERIC','',6),(225,27,'NUMERIC','',6),(26,33,'NUMERIC','',6),(27,33,'NUMERIC','',6),(83,33,'NUMERIC','',6),(84,33,'NUMERIC','',6),(224,33,'NUMERIC','',6),(225,33,'NUMERIC','',6),(26,28,'NUMERIC','',6),(27,28,'NUMERIC','',6),(83,28,'NUMERIC','',6),(84,28,'NUMERIC','',6),(224,28,'NUMERIC','',6),(225,28,'NUMERIC','',6),(26,32,'NUMERIC','',6),(27,32,'NUMERIC','',6),(83,32,'NUMERIC','',6),(84,32,'NUMERIC','',6),(224,32,'NUMERIC','',6),(225,32,'NUMERIC','',6),(26,34,'NUMERIC','',6),(27,34,'NUMERIC','',6),(83,34,'NUMERIC','',6),(84,34,'NUMERIC','',6),(224,34,'NUMERIC','',6),(225,34,'NUMERIC','',6),(34,27,'NUMERIC','',6),(35,27,'NUMERIC','',6),(34,28,'NUMERIC','',6),(35,28,'NUMERIC','',6),(34,32,'NUMERIC','',6),(35,32,'NUMERIC','',6),(34,34,'NUMERIC','',6),(35,34,'NUMERIC','',6),(34,33,'NUMERIC','',6),(35,33,'NUMERIC','',6),(32,27,'NUMERIC','',6),(33,27,'NUMERIC','',6),(32,28,'NUMERIC','',6),(33,28,'NUMERIC','',6),(32,32,'NUMERIC','',6),(33,32,'NUMERIC','',6),(32,34,'NUMERIC','',6),(33,34,'NUMERIC','',6),(32,33,'NUMERIC','',6),(33,33,'NUMERIC','',6),(107,27,'NUMERIC','',6),(110,27,'NUMERIC','',6),(111,27,'NUMERIC','',6),(113,27,'NUMERIC','',6),(141,27,'NUMERIC','',6),(142,27,'NUMERIC','',6),(143,27,'NUMERIC','',6),(107,33,'NUMERIC','',6),(110,33,'NUMERIC','',6),(111,33,'NUMERIC','',6),(113,33,'NUMERIC','',6),(141,33,'NUMERIC','',6),(142,33,'NUMERIC','',6),(143,33,'NUMERIC','',6),(107,28,'NUMERIC','',6),(110,28,'NUMERIC','',6),(111,28,'NUMERIC','',6),(113,28,'NUMERIC','',6),(141,28,'NUMERIC','',6),(142,28,'NUMERIC','',6),(143,28,'NUMERIC','',6),(107,32,'NUMERIC','',6),(110,32,'NUMERIC','',6),(111,32,'NUMERIC','',6),(113,32,'NUMERIC','',6),(141,32,'NUMERIC','',6),(142,32,'NUMERIC','',6),(143,32,'NUMERIC','',6),(107,34,'NUMERIC','',6),(110,34,'NUMERIC','',6),(111,34,'NUMERIC','',6),(113,34,'NUMERIC','',6),(141,34,'NUMERIC','',6),(142,34,'NUMERIC','',6),(143,34,'NUMERIC','',6),(226,14,'NUMERIC','',6),(250,14,'NUMERIC','',6),(226,27,'NUMERIC','',6),(250,27,'NUMERIC','',6),(226,33,'NUMERIC','',6),(250,33,'NUMERIC','',6),(226,5,'NUMERIC','',6),(250,5,'NUMERIC','',6),(226,6,'NUMERIC','',6),(250,6,'NUMERIC','',6),(226,8,'NUMERIC','',6),(250,8,'NUMERIC','',6),(226,32,'NUMERIC','',6),(250,32,'NUMERIC','',6),(226,34,'NUMERIC','',6),(250,34,'NUMERIC','',6),(226,7,'NUMERIC','',6),(250,7,'NUMERIC','',6),(226,28,'NUMERIC','',6),(250,28,'NUMERIC','',6),(3,27,'NUMERIC','',6),(4,27,'NUMERIC','',6),(92,27,'NUMERIC','',6),(93,27,'NUMERIC','',6),(3,33,'NUMERIC','',6),(4,33,'NUMERIC','',6),(92,33,'NUMERIC','',6),(93,33,'NUMERIC','',6),(3,28,'NUMERIC','',6),(4,28,'NUMERIC','',6),(92,28,'NUMERIC','',6),(93,28,'NUMERIC','',6),(3,32,'NUMERIC','',6),(4,32,'NUMERIC','',6),(92,32,'NUMERIC','',6),(93,32,'NUMERIC','',6),(3,34,'NUMERIC','',6),(4,34,'NUMERIC','',6),(92,34,'NUMERIC','',6),(93,34,'NUMERIC','',6),(25,27,'NUMERIC','',6),(57,27,'NUMERIC','',6),(91,27,'NUMERIC','',6),(25,28,'NUMERIC','',6),(57,28,'NUMERIC','',6),(91,28,'NUMERIC','',6),(25,33,'NUMERIC','',6),(57,33,'NUMERIC','',6),(91,33,'NUMERIC','',6),(25,32,'NUMERIC','',6),(57,32,'NUMERIC','',6),(91,32,'NUMERIC','',6),(25,34,'NUMERIC','',6),(57,34,'NUMERIC','',6),(91,34,'NUMERIC','',6),(55,27,'NUMERIC','',6),(58,27,'NUMERIC','',6),(144,27,'NUMERIC','',6),(55,28,'NUMERIC','',6),(58,28,'NUMERIC','',6),(144,28,'NUMERIC','',6),(55,33,'NUMERIC','',6),(58,33,'NUMERIC','',6),(144,33,'NUMERIC','',6),(55,32,'NUMERIC','',6),(58,32,'NUMERIC','',6),(144,32,'NUMERIC','',6),(25,43,'NUMERIC','',6),(57,43,'NUMERIC','',6),(91,43,'NUMERIC','',6),(55,34,'NUMERIC','',6),(58,34,'NUMERIC','',6),(144,34,'NUMERIC','',6),(55,4,'NUMERIC_ARRAY','',6),(58,4,'NUMERIC_ARRAY','',6),(144,4,'NUMERIC_ARRAY','',6),(54,27,'NUMERIC','',6),(59,27,'NUMERIC','',6),(54,28,'NUMERIC','',6),(59,28,'NUMERIC','',6),(54,33,'NUMERIC','',6),(59,33,'NUMERIC','',6),(54,32,'NUMERIC','',6),(59,32,'NUMERIC','',6),(54,34,'NUMERIC','',6),(59,34,'NUMERIC','',6),(56,34,'NUMERIC','',6),(60,34,'NUMERIC','',6),(56,32,'NUMERIC','',6),(60,32,'NUMERIC','',6),(56,27,'NUMERIC','',6),(60,27,'NUMERIC','',6),(56,28,'NUMERIC','',6),(60,28,'NUMERIC','',6),(56,33,'NUMERIC','',6),(60,33,'NUMERIC','',6),(281,1,'NUMERIC','1',6),(281,16,'NUMERIC','',6),(147,1,'NUMERIC','1',6),(148,1,'NUMERIC','1',6),(147,5,'NUMERIC','',6),(148,5,'NUMERIC','',6),(147,6,'NUMERIC','',6),(148,6,'NUMERIC','',6),(147,8,'NUMERIC','',6),(148,8,'NUMERIC','',6),(147,32,'NUMERIC','',6),(148,32,'NUMERIC','',6),(147,34,'NUMERIC','',6),(148,34,'NUMERIC','',6),(147,7,'NUMERIC','',6),(148,7,'NUMERIC','',6),(147,14,'NUMERIC','',6),(148,14,'NUMERIC','',6),(147,27,'NUMERIC','',6),(148,27,'NUMERIC','',6),(147,33,'NUMERIC','',6),(148,33,'NUMERIC','',6),(147,28,'NUMERIC','',6),(148,28,'NUMERIC','',6),(147,4,'NUMERIC_ARRAY','',6),(148,4,'NUMERIC_ARRAY','',6),(147,15,'NUMERIC','',6),(148,15,'NUMERIC','',6),(147,24,'NUMERIC','',6),(148,24,'NUMERIC','',6),(147,25,'NUMERIC','',6),(148,25,'NUMERIC','',6),(147,43,'NUMERIC','',6),(148,43,'NUMERIC','',6),(282,1,'NUMERIC','1',6),(282,13,'NUMERIC_ARRAY','',6),(282,6,'NUMERIC','',6),(282,5,'NUMERIC','',6),(282,8,'NUMERIC','',6),(282,7,'NUMERIC','',6),(282,14,'NUMERIC','',6),(282,15,'NUMERIC','',6),(282,23,'NUMERIC_ARRAY','',6),(282,25,'NUMERIC','',6),(282,24,'NUMERIC','',6),(282,43,'NUMERIC','',6),(282,22,'NUMERIC','',6),(282,2,'NUMERIC_ARRAY','',6),(282,9,'NUMERIC_ARRAY','',6),(282,27,'NUMERIC','',6),(282,28,'NUMERIC','',6),(282,33,'NUMERIC','',6),(282,32,'NUMERIC','',6),(282,34,'NUMERIC','',6),(282,4,'NUMERIC_ARRAY','',6),(283,20,'NUMERIC','',6),(283,16,'NUMERIC','',6),(283,18,'NUMERIC','',6),(283,19,'NUMERIC','',6),(283,17,'NUMERIC','',6),(283,1,'NUMERIC','1',6),(283,42,'NUMERIC','',6),(146,4,'NUMERIC_ARRAY','',6),(198,4,'NUMERIC_ARRAY','',6),(192,14,'NUMERIC','',6),(192,27,'NUMERIC','',6),(192,33,'NUMERIC','',6),(192,28,'NUMERIC','',6),(192,5,'NUMERIC','',6),(192,6,'NUMERIC','',6),(192,8,'NUMERIC','',6),(192,32,'NUMERIC','',6),(192,34,'NUMERIC','',6),(192,7,'NUMERIC','',6),(192,2,'NUMERIC_ARRAY','',6),(192,22,'NUMERIC','',6),(146,22,'NUMERIC','',6),(198,22,'NUMERIC','',6),(284,20,'NUMERIC','',6),(284,16,'NUMERIC','',6),(284,18,'NUMERIC','',6),(284,19,'NUMERIC','',6),(284,17,'NUMERIC','',6),(284,1,'NUMERIC','1',6),(284,42,'NUMERIC','',6),(147,23,'NUMERIC_ARRAY','',6),(148,23,'NUMERIC_ARRAY','',6),(146,8,'NUMERIC','',6),(198,8,'NUMERIC','',6);
/*!40000 ALTER TABLE `status_copy` ENABLE KEYS */;
UNLOCK TABLES;

--
-- Table structure for table `status_copy2`
--

DROP TABLE IF EXISTS `status_copy2`;
/*!40101 SET @saved_cs_client     = @@character_set_client */;
/*!50503 SET character_set_client = utf8mb4 */;
CREATE TABLE `status_copy2` (
  `id_entity` int NOT NULL,
  `id_var` int NOT NULL,
  `val_type` varchar(30) CHARACTER SET latin1 COLLATE latin1_swedish_ci NOT NULL DEFAULT 'NUMERIC',
  `val_status` varchar(30) CHARACTER SET latin1 COLLATE latin1_swedish_ci NOT NULL,
  `id_project` int DEFAULT NULL,
  KEY `FK_status_entity` (`id_entity`),
  KEY `FK_status_variables` (`id_var`)
) ENGINE=InnoDB DEFAULT CHARSET=latin1 COLLATE=latin1_general_ci ROW_FORMAT=DYNAMIC;
/*!40101 SET character_set_client = @saved_cs_client */;

--
-- Dumping data for table `status_copy2`
--

LOCK TABLES `status_copy2` WRITE;
/*!40000 ALTER TABLE `status_copy2` DISABLE KEYS */;
INSERT INTO `status_copy2` VALUES (1,1,'NUMERIC','1',6),(2,1,'NUMERIC','1',6),(3,1,'NUMERIC','1',6),(4,1,'NUMERIC','1',6),(5,1,'NUMERIC','1',6),(6,1,'NUMERIC','1',6),(7,1,'NUMERIC','1',6),(8,1,'NUMERIC','1',6),(9,1,'NUMERIC','1',6),(10,1,'NUMERIC','1',6),(11,1,'NUMERIC','1',6),(12,1,'NUMERIC','1',6),(13,1,'NUMERIC','1',6),(14,1,'NUMERIC','1',6),(15,1,'NUMERIC','1',6),(16,1,'NUMERIC','1',6),(17,1,'NUMERIC','1',6),(18,1,'NUMERIC','1',6),(19,1,'NUMERIC','1',6),(20,1,'NUMERIC','1',6),(21,1,'NUMERIC','1',6),(22,1,'NUMERIC','1',6),(23,1,'NUMERIC','1',6),(24,1,'NUMERIC','1',6),(25,1,'NUMERIC','1',6),(26,1,'NUMERIC','1',6),(27,1,'NUMERIC','1',6),(28,1,'NUMERIC','1',6),(29,1,'NUMERIC','1',6),(30,1,'NUMERIC','1',6),(31,1,'NUMERIC','1',6),(32,1,'NUMERIC','1',6),(33,1,'NUMERIC','1',6),(34,1,'NUMERIC','1',6),(35,1,'NUMERIC','1',6),(26,2,'NUMERIC_ARRAY','',6),(27,2,'NUMERIC_ARRAY','',6),(26,3,'STRING','',6),(27,3,'STRING','',6),(34,2,'NUMERIC_ARRAY','',6),(35,2,'NUMERIC_ARRAY','',6),(34,3,'STRING','Firewall service',6),(35,3,'STRING','Firewall service',6),(36,1,'NUMERIC','1',6),(37,1,'NUMERIC','1',6),(38,1,'NUMERIC','1',6),(39,1,'NUMERIC','1',6),(40,1,'NUMERIC','1',6),(41,1,'NUMERIC','1',6),(42,1,'NUMERIC','1',6),(43,1,'NUMERIC','1',6),(44,1,'NUMERIC','1',6),(45,1,'NUMERIC','1',6),(27,4,'NUMERIC_ARRAY','',6),(32,4,'NUMERIC_ARRAY','',6),(34,4,'NUMERIC_ARRAY','',6),(5,4,'NUMERIC_ARRAY','',6),(6,4,'NUMERIC_ARRAY','',6),(7,4,'NUMERIC_ARRAY','',6),(3,4,'NUMERIC_ARRAY','',6),(24,4,'NUMERIC_ARRAY','',6),(23,4,'NUMERIC_ARRAY','',6),(22,4,'NUMERIC_ARRAY','',6),(21,4,'NUMERIC_ARRAY','',6),(20,4,'NUMERIC_ARRAY','',6),(19,4,'NUMERIC_ARRAY','',6),(17,4,'NUMERIC_ARRAY','',6),(16,4,'NUMERIC_ARRAY','',6),(15,4,'NUMERIC_ARRAY','',6),(14,4,'NUMERIC_ARRAY','',6),(13,4,'NUMERIC_ARRAY','',6),(12,4,'NUMERIC_ARRAY','',6),(11,4,'NUMERIC_ARRAY','',6),(2,4,'NUMERIC_ARRAY','',6),(1,4,'NUMERIC_ARRAY','',6),(26,5,'NUMERIC','',6),(27,5,'NUMERIC','',6),(26,6,'NUMERIC','',6),(27,6,'NUMERIC','',6),(26,8,'NUMERIC','',6),(27,8,'NUMERIC','',6),(26,7,'NUMERIC','',6),(27,7,'NUMERIC','',6),(5,5,'NUMERIC','',6),(6,5,'NUMERIC','',6),(7,5,'NUMERIC','',6),(8,5,'NUMERIC','',6),(9,5,'NUMERIC','',6),(10,5,'NUMERIC','',6),(5,6,'NUMERIC','',6),(6,6,'NUMERIC','',6),(7,6,'NUMERIC','',6),(8,6,'NUMERIC','',6),(9,6,'NUMERIC','',6),(10,6,'NUMERIC','',6),(5,7,'NUMERIC','',6),(6,7,'NUMERIC','',6),(7,7,'NUMERIC','',6),(8,7,'NUMERIC','',6),(9,7,'NUMERIC','',6),(10,7,'NUMERIC','',6),(34,5,'NUMERIC','',6),(35,5,'NUMERIC','',6),(34,6,'NUMERIC','',6),(35,6,'NUMERIC','',6),(34,8,'NUMERIC','',6),(35,8,'NUMERIC','',6),(34,7,'NUMERIC','',6),(35,7,'NUMERIC','',6),(32,5,'NUMERIC','0.6',6),(33,5,'NUMERIC','',6),(32,6,'NUMERIC','',6),(33,6,'NUMERIC','',6),(32,8,'NUMERIC','',6),(33,8,'NUMERIC','',6),(32,7,'NUMERIC','',6),(33,7,'NUMERIC','',6),(3,5,'NUMERIC','',6),(4,5,'NUMERIC','',6),(3,6,'NUMERIC','',6),(4,6,'NUMERIC','',6),(3,8,'NUMERIC','',6),(4,8,'NUMERIC','',6),(3,7,'NUMERIC','',6),(4,7,'NUMERIC','',6),(47,16,'NUMERIC','',6),(47,1,'NUMERIC','1',6),(1,5,'NUMERIC','',6),(2,5,'NUMERIC','',6),(11,5,'NUMERIC','',6),(12,5,'NUMERIC','',6),(13,5,'NUMERIC','',6),(14,5,'NUMERIC','',6),(15,5,'NUMERIC','',6),(16,5,'NUMERIC','',6),(17,5,'NUMERIC','',6),(18,5,'NUMERIC','',6),(19,5,'NUMERIC','',6),(20,5,'NUMERIC','',6),(21,5,'NUMERIC','',6),(22,5,'NUMERIC','',6),(23,5,'NUMERIC','',6),(24,5,'NUMERIC','',6),(28,5,'NUMERIC','',6),(29,5,'NUMERIC','',6),(30,5,'NUMERIC','',6),(31,5,'NUMERIC','',6),(36,5,'NUMERIC','',6),(37,5,'NUMERIC','',6),(38,5,'NUMERIC','',6),(39,5,'NUMERIC','',6),(40,5,'NUMERIC','',6),(41,5,'NUMERIC','',6),(42,5,'NUMERIC','',6),(43,5,'NUMERIC','',6),(44,5,'NUMERIC','',6),(45,5,'NUMERIC','',6),(1,6,'NUMERIC','',6),(2,6,'NUMERIC','',6),(11,6,'NUMERIC','',6),(12,6,'NUMERIC','',6),(13,6,'NUMERIC','',6),(14,6,'NUMERIC','',6),(15,6,'NUMERIC','',6),(16,6,'NUMERIC','',6),(17,6,'NUMERIC','',6),(18,6,'NUMERIC','',6),(19,6,'NUMERIC','',6),(20,6,'NUMERIC','',6),(21,6,'NUMERIC','',6),(22,6,'NUMERIC','',6),(23,6,'NUMERIC','',6),(24,6,'NUMERIC','',6),(28,6,'NUMERIC','',6),(29,6,'NUMERIC','',6),(30,6,'NUMERIC','',6),(31,6,'NUMERIC','',6),(36,6,'NUMERIC','',6),(37,6,'NUMERIC','',6),(38,6,'NUMERIC','',6),(39,6,'NUMERIC','',6),(40,6,'NUMERIC','',6),(41,6,'NUMERIC','',6),(42,6,'NUMERIC','',6),(43,6,'NUMERIC','',6),(44,6,'NUMERIC','',6),(45,6,'NUMERIC','',6),(1,8,'NUMERIC','',6),(2,8,'NUMERIC','',6),(11,8,'NUMERIC','',6),(12,8,'NUMERIC','',6),(13,8,'NUMERIC','',6),(14,8,'NUMERIC','',6),(15,8,'NUMERIC','',6),(16,8,'NUMERIC','',6),(17,8,'NUMERIC','',6),(18,8,'NUMERIC','',6),(19,8,'NUMERIC','',6),(20,8,'NUMERIC','',6),(21,8,'NUMERIC','',6),(22,8,'NUMERIC','',6),(23,8,'NUMERIC','',6),(24,8,'NUMERIC','',6),(28,8,'NUMERIC','',6),(29,8,'NUMERIC','',6),(30,8,'NUMERIC','',6),(31,8,'NUMERIC','',6),(36,8,'NUMERIC','',6),(37,8,'NUMERIC','',6),(38,8,'NUMERIC','',6),(39,8,'NUMERIC','',6),(40,8,'NUMERIC','',6),(41,8,'NUMERIC','',6),(42,8,'NUMERIC','',6),(43,8,'NUMERIC','',6),(44,8,'NUMERIC','',6),(45,8,'NUMERIC','',6),(1,7,'NUMERIC','',6),(2,7,'NUMERIC','',6),(11,7,'NUMERIC','',6),(12,7,'NUMERIC','',6),(13,7,'NUMERIC','',6),(14,7,'NUMERIC','',6),(15,7,'NUMERIC','',6),(16,7,'NUMERIC','',6),(17,7,'NUMERIC','',6),(18,7,'NUMERIC','',6),(19,7,'NUMERIC','',6),(20,7,'NUMERIC','',6),(21,7,'NUMERIC','',6),(22,7,'NUMERIC','',6),(23,7,'NUMERIC','',6),(24,7,'NUMERIC','',6),(28,7,'NUMERIC','',6),(29,7,'NUMERIC','',6),(30,7,'NUMERIC','',6),(31,7,'NUMERIC','',6),(36,7,'NUMERIC','',6),(37,7,'NUMERIC','',6),(38,7,'NUMERIC','',6),(39,7,'NUMERIC','',6),(40,7,'NUMERIC','',6),(41,7,'NUMERIC','',6),(42,7,'NUMERIC','',6),(43,7,'NUMERIC','',6),(44,7,'NUMERIC','',6),(45,7,'NUMERIC','',6),(5,2,'NUMERIC_ARRAY','',6),(6,2,'NUMERIC_ARRAY','',6),(7,2,'NUMERIC_ARRAY','',6),(8,2,'NUMERIC_ARRAY','',6),(9,2,'NUMERIC_ARRAY','',6),(10,2,'NUMERIC_ARRAY','',6),(32,2,'NUMERIC_ARRAY','',6),(33,2,'NUMERIC_ARRAY','',6),(3,2,'NUMERIC_ARRAY','',6),(4,2,'NUMERIC_ARRAY','',6),(25,2,'NUMERIC_ARRAY','',6),(1,2,'NUMERIC_ARRAY','',6),(2,2,'NUMERIC_ARRAY','',6),(11,2,'NUMERIC_ARRAY','',6),(12,2,'NUMERIC_ARRAY','',6),(13,2,'NUMERIC_ARRAY','',6),(14,2,'NUMERIC_ARRAY','',6),(15,2,'NUMERIC_ARRAY','',6),(16,2,'NUMERIC_ARRAY','',6),(17,2,'NUMERIC_ARRAY','',6),(18,2,'NUMERIC_ARRAY','',6),(19,2,'NUMERIC_ARRAY','',6),(20,2,'NUMERIC_ARRAY','',6),(21,2,'NUMERIC_ARRAY','',6),(22,2,'NUMERIC_ARRAY','',6),(23,2,'NUMERIC_ARRAY','',6),(24,2,'NUMERIC_ARRAY','',6),(28,2,'NUMERIC_ARRAY','',6),(29,2,'NUMERIC_ARRAY','',6),(30,2,'NUMERIC_ARRAY','',6),(31,2,'NUMERIC_ARRAY','',6),(36,2,'NUMERIC_ARRAY','',6),(37,2,'NUMERIC_ARRAY','',6),(38,2,'NUMERIC_ARRAY','',6),(39,2,'NUMERIC_ARRAY','',6),(40,2,'NUMERIC_ARRAY','',6),(41,2,'NUMERIC_ARRAY','',6),(42,2,'NUMERIC_ARRAY','',6),(43,2,'NUMERIC_ARRAY','',6),(44,2,'NUMERIC_ARRAY','',6),(45,2,'NUMERIC_ARRAY','',6),(1,9,'NUMERIC_ARRAY','',6),(2,9,'NUMERIC_ARRAY','',6),(11,9,'NUMERIC_ARRAY','',6),(12,9,'NUMERIC_ARRAY','',6),(13,9,'NUMERIC_ARRAY','',6),(14,9,'NUMERIC_ARRAY','',6),(15,9,'NUMERIC_ARRAY','',6),(16,9,'NUMERIC_ARRAY','',6),(17,9,'NUMERIC_ARRAY','',6),(18,9,'NUMERIC_ARRAY','',6),(19,9,'NUMERIC_ARRAY','',6),(20,9,'NUMERIC_ARRAY','',6),(21,9,'NUMERIC_ARRAY','',6),(22,9,'NUMERIC_ARRAY','',6),(23,9,'NUMERIC_ARRAY','',6),(24,9,'NUMERIC_ARRAY','',6),(28,9,'NUMERIC_ARRAY','',6),(29,9,'NUMERIC_ARRAY','',6),(30,9,'NUMERIC_ARRAY','',6),(31,9,'NUMERIC_ARRAY','',6),(36,9,'NUMERIC_ARRAY','',6),(37,9,'NUMERIC_ARRAY','',6),(38,9,'NUMERIC_ARRAY','',6),(39,9,'NUMERIC_ARRAY','',6),(40,9,'NUMERIC_ARRAY','',6),(41,9,'NUMERIC_ARRAY','',6),(42,9,'NUMERIC_ARRAY','',6),(43,9,'NUMERIC_ARRAY','',6),(44,9,'NUMERIC_ARRAY','',6),(45,9,'NUMERIC_ARRAY','',6),(18,4,'NUMERIC_ARRAY','',6),(28,4,'NUMERIC_ARRAY','',6),(29,4,'NUMERIC_ARRAY','',6),(30,4,'NUMERIC_ARRAY','',6),(31,4,'NUMERIC_ARRAY','',6),(36,4,'NUMERIC_ARRAY','',6),(37,4,'NUMERIC_ARRAY','',6),(38,4,'NUMERIC_ARRAY','',6),(39,4,'NUMERIC_ARRAY','',6),(40,4,'NUMERIC_ARRAY','',6),(41,4,'NUMERIC_ARRAY','',6),(42,4,'NUMERIC_ARRAY','',6),(43,4,'NUMERIC_ARRAY','',6),(44,4,'NUMERIC_ARRAY','',6),(45,4,'NUMERIC_ARRAY','',6),(26,4,'NUMERIC_ARRAY','',6),(33,4,'NUMERIC_ARRAY','',6),(35,4,'NUMERIC_ARRAY','',6),(4,4,'NUMERIC_ARRAY','',6),(3,9,'NUMERIC_ARRAY','',6),(4,9,'NUMERIC_ARRAY','',6),(26,9,'NUMERIC_ARRAY','',6),(27,9,'NUMERIC_ARRAY','',6),(8,4,'NUMERIC_ARRAY','',6),(9,4,'NUMERIC_ARRAY','',6),(10,4,'NUMERIC_ARRAY','',6),(5,9,'NUMERIC_ARRAY','',6),(6,9,'NUMERIC_ARRAY','',6),(7,9,'NUMERIC_ARRAY','',6),(8,9,'NUMERIC_ARRAY','',6),(9,9,'NUMERIC_ARRAY','',6),(10,9,'NUMERIC_ARRAY','',6),(26,14,'NUMERIC','',6),(25,4,'NUMERIC_ARRAY','',6),(27,15,'NUMERIC','',6),(34,15,'NUMERIC','',6),(35,14,'NUMERIC','',6),(46,1,'NUMERIC','1',6),(34,14,'NUMERIC','',6),(46,16,'NUMERIC','',6),(7,15,'NUMERIC','',6),(6,15,'NUMERIC','',6),(5,15,'NUMERIC','',6),(10,14,'NUMERIC','',6),(9,14,'NUMERIC','',6),(8,14,'NUMERIC','',6),(7,14,'NUMERIC','',6),(6,14,'NUMERIC','',6),(5,14,'NUMERIC','',6),(4,15,'NUMERIC','',6),(3,15,'NUMERIC','',6),(4,14,'NUMERIC','',6),(3,14,'NUMERIC','',6),(33,15,'NUMERIC','',6),(32,15,'NUMERIC','',6),(33,14,'NUMERIC','',6),(32,14,'NUMERIC','',6),(35,15,'NUMERIC','',6),(25,9,'NUMERIC_ARRAY','',6),(27,14,'NUMERIC','',6),(33,9,'NUMERIC_ARRAY','',6),(32,9,'NUMERIC_ARRAY','',6),(26,15,'NUMERIC','',6),(35,9,'NUMERIC_ARRAY','',6),(34,9,'NUMERIC_ARRAY','',6),(50,4,'NUMERIC_ARRAY','',6),(49,9,'NUMERIC_ARRAY','',6),(49,2,'NUMERIC_ARRAY','',6),(49,7,'NUMERIC','',6),(49,8,'NUMERIC','',6),(49,6,'NUMERIC','',6),(49,5,'NUMERIC','',6),(49,4,'NUMERIC_ARRAY','',6),(49,1,'NUMERIC','1',6),(48,14,'NUMERIC','',6),(48,5,'NUMERIC','',6),(48,6,'NUMERIC','',6),(48,8,'NUMERIC','',6),(48,7,'NUMERIC','',6),(48,15,'NUMERIC','',6),(48,9,'NUMERIC_ARRAY','',6),(48,4,'NUMERIC_ARRAY','',6),(48,2,'NUMERIC_ARRAY','',6),(50,1,'NUMERIC','1',6),(48,1,'NUMERIC','1',6),(25,15,'NUMERIC','',6),(25,7,'NUMERIC','',6),(25,8,'NUMERIC','',6),(25,6,'NUMERIC','',6),(25,5,'NUMERIC','',6),(25,14,'NUMERIC','',6),(10,15,'NUMERIC','',6),(9,15,'NUMERIC','',6),(8,15,'NUMERIC','',6),(18,15,'NUMERIC','',6),(17,15,'NUMERIC','',6),(16,15,'NUMERIC','',6),(15,15,'NUMERIC','',6),(14,15,'NUMERIC','',6),(13,15,'NUMERIC','',6),(12,15,'NUMERIC','',6),(11,15,'NUMERIC','',6),(2,15,'NUMERIC','',6),(1,15,'NUMERIC','',6),(53,1,'NUMERIC','1',6),(52,20,'NUMERIC','',6),(51,20,'NUMERIC','',6),(52,16,'NUMERIC','',6),(51,16,'NUMERIC','',6),(52,18,'NUMERIC','',6),(51,18,'NUMERIC','',6),(52,19,'NUMERIC','',6),(51,19,'NUMERIC','',6),(52,17,'NUMERIC','',6),(51,17,'NUMERIC','',6),(52,1,'NUMERIC','1',6),(51,1,'NUMERIC','1',6),(50,9,'NUMERIC_ARRAY','',6),(50,2,'NUMERIC_ARRAY','',6),(50,7,'NUMERIC','',6),(50,8,'NUMERIC','',6),(50,6,'NUMERIC','',6),(50,5,'NUMERIC','',6),(19,15,'NUMERIC','',6),(20,15,'NUMERIC','',6),(21,15,'NUMERIC','',6),(22,15,'NUMERIC','',6),(23,15,'NUMERIC','',6),(24,15,'NUMERIC','',6),(28,15,'NUMERIC','',6),(29,15,'NUMERIC','',6),(30,15,'NUMERIC','',6),(31,15,'NUMERIC','',6),(36,15,'NUMERIC','',6),(37,15,'NUMERIC','',6),(38,15,'NUMERIC','',6),(39,15,'NUMERIC','',6),(40,15,'NUMERIC','',6),(41,15,'NUMERIC','',6),(42,15,'NUMERIC','',6),(43,15,'NUMERIC','',6),(44,15,'NUMERIC','',6),(45,15,'NUMERIC','0.7',6),(50,15,'NUMERIC','',6),(49,15,'NUMERIC','',6),(5,21,'NUMERIC','',6),(6,21,'NUMERIC','',6),(7,21,'NUMERIC','',6),(8,21,'NUMERIC','',6),(9,21,'NUMERIC','',6),(10,21,'NUMERIC','',6),(3,22,'NUMERIC','',6),(4,22,'NUMERIC','',6),(5,22,'NUMERIC','',6),(6,22,'NUMERIC','',6),(7,22,'NUMERIC','',6),(8,22,'NUMERIC','',6),(9,22,'NUMERIC','',6),(10,22,'NUMERIC','',6),(26,22,'NUMERIC','',6),(27,22,'NUMERIC','',6),(32,22,'NUMERIC','',6),(33,22,'NUMERIC','',6),(34,22,'NUMERIC','',6),(35,22,'NUMERIC','',6),(25,22,'NUMERIC','',6),(5,3,'STRING','',6),(6,3,'STRING','',6),(7,3,'STRING','',6),(8,3,'STRING','',6),(9,3,'STRING','',6),(10,3,'STRING','',6),(54,1,'NUMERIC','1',6),(55,1,'NUMERIC','1',6),(56,1,'NUMERIC','1',6),(32,23,'NUMERIC_ARRAY','',6),(33,23,'NUMERIC_ARRAY','',6),(32,25,'NUMERIC','',6),(33,25,'NUMERIC','',6),(32,24,'NUMERIC','',6),(33,24,'NUMERIC','',6),(25,23,'NUMERIC_ARRAY','',6),(25,24,'NUMERIC','',6),(25,25,'NUMERIC','',6),(57,1,'NUMERIC','1',6),(57,2,'NUMERIC_ARRAY','',6),(57,4,'NUMERIC_ARRAY','',6),(57,9,'NUMERIC_ARRAY','',6),(57,15,'NUMERIC','',6),(57,7,'NUMERIC','',6),(57,8,'NUMERIC','',6),(57,6,'NUMERIC','',6),(57,5,'NUMERIC','',6),(57,14,'NUMERIC','',6),(57,22,'NUMERIC','',6),(57,23,'NUMERIC_ARRAY','',6),(57,24,'NUMERIC','',6),(57,25,'NUMERIC','',6),(58,1,'NUMERIC','1',6),(59,1,'NUMERIC','1',6),(60,1,'NUMERIC','1',6),(61,1,'NUMERIC','1',6),(62,1,'NUMERIC','1',6),(62,4,'NUMERIC_ARRAY','',6),(62,5,'NUMERIC','',6),(62,6,'NUMERIC','',6),(62,7,'NUMERIC','',6),(62,2,'NUMERIC_ARRAY','',6),(62,9,'NUMERIC_ARRAY','',6),(62,15,'NUMERIC','',6),(62,14,'NUMERIC','',6),(62,21,'NUMERIC','',6),(62,22,'NUMERIC','',6),(62,3,'STRING','',6),(63,1,'NUMERIC','1',6),(64,1,'NUMERIC','1',6),(65,1,'NUMERIC','1',6),(66,1,'NUMERIC','1',6),(67,1,'NUMERIC','1',6),(68,1,'NUMERIC','1',6),(69,1,'NUMERIC','1',6),(70,1,'NUMERIC','1',6),(71,1,'NUMERIC','1',6),(72,1,'NUMERIC','1',6),(73,1,'NUMERIC','1',6),(74,1,'NUMERIC','1',6),(75,1,'NUMERIC','1',6),(76,1,'NUMERIC','1',6),(77,1,'NUMERIC','1',6),(78,1,'NUMERIC','1',6),(79,1,'NUMERIC','1',6),(80,1,'NUMERIC','1',6),(82,1,'NUMERIC','1',6),(81,1,'NUMERIC','1',6),(83,1,'NUMERIC','1',6),(83,2,'NUMERIC_ARRAY','',6),(83,3,'STRING','',6),(83,5,'NUMERIC','',6),(83,6,'NUMERIC','',6),(83,8,'NUMERIC','',6),(83,7,'NUMERIC','',6),(83,4,'NUMERIC_ARRAY','',6),(83,9,'NUMERIC_ARRAY','',6),(83,14,'NUMERIC','',6),(83,15,'NUMERIC','',6),(83,22,'NUMERIC','',6),(84,1,'NUMERIC','1',6),(84,2,'NUMERIC_ARRAY','',6),(84,3,'STRING','',6),(84,5,'NUMERIC','',6),(84,6,'NUMERIC','',6),(84,8,'NUMERIC','',6),(84,7,'NUMERIC','',6),(84,4,'NUMERIC_ARRAY','',6),(84,9,'NUMERIC_ARRAY','',6),(84,14,'NUMERIC','',6),(84,15,'NUMERIC','',6),(84,22,'NUMERIC','',6),(85,1,'NUMERIC','1',6),(85,4,'NUMERIC_ARRAY','',6),(85,5,'NUMERIC','',6),(85,6,'NUMERIC','',6),(85,7,'NUMERIC','',6),(85,2,'NUMERIC_ARRAY','',6),(85,9,'NUMERIC_ARRAY','',6),(85,15,'NUMERIC','',6),(85,14,'NUMERIC','',6),(85,21,'NUMERIC','',6),(85,22,'NUMERIC','',6),(85,3,'STRING','',6),(86,1,'NUMERIC','1',6),(86,4,'NUMERIC_ARRAY','',6),(86,5,'NUMERIC','',6),(86,6,'NUMERIC','',6),(86,7,'NUMERIC','',6),(86,2,'NUMERIC_ARRAY','',6),(86,9,'NUMERIC_ARRAY','',6),(86,15,'NUMERIC','',6),(86,14,'NUMERIC','',6),(86,21,'NUMERIC','',6),(86,22,'NUMERIC','',6),(86,3,'STRING','',6),(87,1,'NUMERIC','1',6),(87,4,'NUMERIC_ARRAY','',6),(87,5,'NUMERIC','',6),(87,6,'NUMERIC','',6),(87,7,'NUMERIC','',6),(87,2,'NUMERIC_ARRAY','',6),(87,9,'NUMERIC_ARRAY','',6),(87,15,'NUMERIC','',6),(87,14,'NUMERIC','',6),(87,21,'NUMERIC','',6),(87,22,'NUMERIC','',6),(87,3,'STRING','',6),(88,1,'NUMERIC','1',6),(88,4,'NUMERIC_ARRAY','',6),(88,5,'NUMERIC','',6),(88,6,'NUMERIC','',6),(88,7,'NUMERIC','',6),(88,2,'NUMERIC_ARRAY','',6),(88,9,'NUMERIC_ARRAY','',6),(88,15,'NUMERIC','',6),(88,14,'NUMERIC','',6),(88,21,'NUMERIC','',6),(88,22,'NUMERIC','',6),(88,3,'STRING','',6),(89,1,'NUMERIC','1',6),(89,4,'NUMERIC_ARRAY','',6),(89,5,'NUMERIC','',6),(89,6,'NUMERIC','',6),(89,7,'NUMERIC','',6),(89,2,'NUMERIC_ARRAY','',6),(89,9,'NUMERIC_ARRAY','',6),(89,15,'NUMERIC','',6),(89,14,'NUMERIC','',6),(89,21,'NUMERIC','',6),(89,22,'NUMERIC','',6),(89,3,'STRING','',6),(90,1,'NUMERIC','1',6),(90,4,'NUMERIC_ARRAY','',6),(90,5,'NUMERIC','',6),(90,6,'NUMERIC','',6),(90,7,'NUMERIC','',6),(90,2,'NUMERIC_ARRAY','',6),(90,9,'NUMERIC_ARRAY','',6),(90,15,'NUMERIC','',6),(90,14,'NUMERIC','',6),(90,21,'NUMERIC','',6),(90,22,'NUMERIC','',6),(90,3,'STRING','',6),(91,1,'NUMERIC','1',6),(91,2,'NUMERIC_ARRAY','',6),(91,4,'NUMERIC_ARRAY','',6),(91,9,'NUMERIC_ARRAY','',6),(91,15,'NUMERIC','',6),(91,7,'NUMERIC','',6),(91,8,'NUMERIC','',6),(91,6,'NUMERIC','',6),(91,5,'NUMERIC','',6),(91,14,'NUMERIC','',6),(91,22,'NUMERIC','',6),(91,23,'NUMERIC_ARRAY','',6),(91,24,'NUMERIC','',6),(91,25,'NUMERIC','',6),(92,1,'NUMERIC','1',6),(92,4,'NUMERIC_ARRAY','',6),(92,5,'NUMERIC','',6),(92,6,'NUMERIC','',6),(92,8,'NUMERIC','',6),(92,7,'NUMERIC','',6),(92,2,'NUMERIC_ARRAY','',6),(92,9,'NUMERIC_ARRAY','',6),(92,15,'NUMERIC','',6),(92,14,'NUMERIC','',6),(92,22,'NUMERIC','',6),(93,1,'NUMERIC','1',6),(93,4,'NUMERIC_ARRAY','',6),(93,5,'NUMERIC','',6),(93,6,'NUMERIC','',6),(93,8,'NUMERIC','',6),(93,7,'NUMERIC','',6),(93,2,'NUMERIC_ARRAY','',6),(93,9,'NUMERIC_ARRAY','',6),(93,15,'NUMERIC','',6),(93,14,'NUMERIC','',6),(93,22,'NUMERIC','',6),(94,1,'NUMERIC','1',6),(94,4,'NUMERIC_ARRAY','',6),(94,5,'NUMERIC','',6),(94,6,'NUMERIC','',6),(94,7,'NUMERIC','',6),(94,2,'NUMERIC_ARRAY','',6),(94,9,'NUMERIC_ARRAY','',6),(94,15,'NUMERIC','',6),(94,14,'NUMERIC','',6),(94,21,'NUMERIC','',6),(94,22,'NUMERIC','',6),(94,3,'STRING','',6),(95,1,'NUMERIC','1',6),(96,1,'NUMERIC','1',6),(96,4,'NUMERIC_ARRAY','',6),(96,5,'NUMERIC','',6),(96,6,'NUMERIC','',6),(96,8,'NUMERIC','',6),(96,7,'NUMERIC','',6),(96,2,'NUMERIC_ARRAY','',6),(96,9,'NUMERIC_ARRAY','',6),(96,15,'NUMERIC','',6),(97,1,'NUMERIC','1',6),(97,4,'NUMERIC_ARRAY','',6),(97,5,'NUMERIC','',6),(97,6,'NUMERIC','',6),(97,8,'NUMERIC','',6),(97,7,'NUMERIC','',6),(97,2,'NUMERIC_ARRAY','',6),(97,9,'NUMERIC_ARRAY','',6),(97,15,'NUMERIC','',6),(98,1,'NUMERIC','1',6),(99,1,'NUMERIC','1',6),(98,9,'NUMERIC_ARRAY','',6),(99,9,'NUMERIC_ARRAY','',6),(98,2,'NUMERIC_ARRAY','',6),(99,2,'NUMERIC_ARRAY','',6),(98,4,'NUMERIC_ARRAY','',6),(99,4,'NUMERIC_ARRAY','',6),(98,15,'NUMERIC','',6),(99,15,'NUMERIC','',6),(100,1,'NUMERIC','1',6),(100,9,'NUMERIC_ARRAY','',6),(100,2,'NUMERIC_ARRAY','',6),(100,4,'NUMERIC_ARRAY','',6),(100,15,'NUMERIC','',6),(101,1,'NUMERIC','1',6),(101,9,'NUMERIC_ARRAY','',6),(101,2,'NUMERIC_ARRAY','',6),(101,4,'NUMERIC_ARRAY','',6),(101,15,'NUMERIC','',6),(102,1,'NUMERIC','1',6),(102,9,'NUMERIC_ARRAY','',6),(102,2,'NUMERIC_ARRAY','',6),(102,4,'NUMERIC_ARRAY','',6),(102,15,'NUMERIC','',6),(103,1,'NUMERIC','1',6),(103,9,'NUMERIC_ARRAY','',6),(103,2,'NUMERIC_ARRAY','',6),(103,4,'NUMERIC_ARRAY','',6),(103,15,'NUMERIC','',6),(104,1,'NUMERIC','1',6),(104,9,'NUMERIC_ARRAY','',6),(104,2,'NUMERIC_ARRAY','',6),(104,4,'NUMERIC_ARRAY','',6),(104,15,'NUMERIC','',6),(105,1,'NUMERIC','1',6),(105,9,'NUMERIC_ARRAY','',6),(105,2,'NUMERIC_ARRAY','',6),(105,4,'NUMERIC_ARRAY','',6),(105,15,'NUMERIC','',6),(106,1,'NUMERIC','1',6),(106,4,'NUMERIC_ARRAY','',6),(106,5,'NUMERIC','',6),(106,6,'NUMERIC','',6),(106,8,'NUMERIC','',6),(106,7,'NUMERIC','',6),(106,2,'NUMERIC_ARRAY','',6),(106,9,'NUMERIC_ARRAY','',6),(106,15,'NUMERIC','',6),(107,1,'NUMERIC','1',6),(107,4,'NUMERIC_ARRAY','',6),(107,14,'NUMERIC','',6),(107,27,'NUMERIC','',6),(107,9,'NUMERIC_ARRAY','',6),(107,5,'NUMERIC','',6),(107,15,'NUMERIC','',6),(107,6,'NUMERIC','',6),(107,22,'NUMERIC','',6),(108,1,'NUMERIC','1',6),(108,4,'NUMERIC_ARRAY','',6),(108,5,'NUMERIC','',6),(108,6,'NUMERIC','',6),(108,7,'NUMERIC','',6),(108,2,'NUMERIC_ARRAY','',6),(108,9,'NUMERIC_ARRAY','',6),(108,15,'NUMERIC','',6),(108,14,'NUMERIC','',6),(108,21,'NUMERIC','',6),(108,22,'NUMERIC','',6),(108,3,'STRING','',6),(109,1,'NUMERIC','1',6),(109,4,'NUMERIC_ARRAY','',6),(109,5,'NUMERIC','',6),(109,6,'NUMERIC','',6),(109,7,'NUMERIC','',6),(109,2,'NUMERIC_ARRAY','',6),(109,9,'NUMERIC_ARRAY','',6),(109,15,'NUMERIC','',6),(109,14,'NUMERIC','',6),(109,21,'NUMERIC','',6),(109,22,'NUMERIC','',6),(109,3,'STRING','',6),(110,1,'NUMERIC','1',6),(110,4,'NUMERIC_ARRAY','',6),(110,14,'NUMERIC','',6),(110,27,'NUMERIC','',6),(110,9,'NUMERIC_ARRAY','',6),(110,5,'NUMERIC','',6),(110,15,'NUMERIC','',6),(110,6,'NUMERIC','',6),(110,22,'NUMERIC','',6),(111,1,'NUMERIC','1',6),(111,4,'NUMERIC_ARRAY','',6),(111,14,'NUMERIC','',6),(111,27,'NUMERIC','',6),(111,9,'NUMERIC_ARRAY','',6),(111,5,'NUMERIC','',6),(111,15,'NUMERIC','',6),(111,6,'NUMERIC','',6),(111,22,'NUMERIC','',6),(112,1,'NUMERIC','1',6),(113,1,'NUMERIC','1',6),(113,4,'NUMERIC_ARRAY','',6),(113,14,'NUMERIC','',6),(113,27,'NUMERIC','',6),(113,9,'NUMERIC_ARRAY','',6),(113,5,'NUMERIC','',6),(113,15,'NUMERIC','',6),(113,6,'NUMERIC','',6),(113,22,'NUMERIC','',6),(114,1,'NUMERIC','1',6),(114,19,'NUMERIC','',6),(114,16,'NUMERIC','',6),(115,16,'NUMERIC','',6),(115,1,'NUMERIC','1',6),(115,19,'NUMERIC','',6),(116,1,'NUMERIC','1',6),(116,15,'NUMERIC','',6),(117,15,'NUMERIC','',6),(117,1,'NUMERIC','1',6),(118,1,'NUMERIC','1',6),(118,15,'NUMERIC','',6),(118,16,'NUMERIC','',6),(114,40,'NUMERIC','',6),(114,41,'NUMERIC','',6),(119,1,'NUMERIC','1',6),(119,15,'NUMERIC','',6),(120,40,'NUMERIC','',6),(120,1,'NUMERIC','1',6),(115,41,'NUMERIC','',6),(120,15,'NUMERIC','',6),(121,40,'NUMERIC','',6),(121,1,'NUMERIC','1',6),(121,16,'NUMERIC','',6),(121,15,'NUMERIC','',6),(122,15,'NUMERIC','',6),(122,1,'NUMERIC','1',6),(122,16,'NUMERIC','',6),(123,16,'NUMERIC','',6),(123,41,'NUMERIC','',6),(123,15,'NUMERIC','',6),(123,1,'NUMERIC','1',6),(124,16,'NUMERIC','',6),(124,41,'NUMERIC','',6),(124,15,'NUMERIC','',6),(124,1,'NUMERIC','1',6),(125,16,'NUMERIC','',6),(125,41,'NUMERIC','',6),(125,15,'NUMERIC','',6),(125,1,'NUMERIC','1',6),(126,41,'NUMERIC','',6),(126,15,'NUMERIC','',6),(126,1,'NUMERIC','1',6),(127,40,'NUMERIC','',6),(127,1,'NUMERIC','1',6),(127,15,'NUMERIC','',6),(128,40,'NUMERIC','',6),(128,1,'NUMERIC','1',6),(128,15,'NUMERIC','',6),(129,40,'NUMERIC','',6),(129,1,'NUMERIC','1',6),(129,15,'NUMERIC','',6),(130,40,'NUMERIC','',6),(130,1,'NUMERIC','1',6),(130,15,'NUMERIC','',6),(131,40,'NUMERIC','',6),(131,1,'NUMERIC','1',6),(131,15,'NUMERIC','',6),(132,40,'NUMERIC','',6),(132,1,'NUMERIC','1',6),(132,15,'NUMERIC','',6),(133,40,'NUMERIC','',6),(133,1,'NUMERIC','1',6),(133,15,'NUMERIC','',6),(134,40,'NUMERIC','',6),(134,1,'NUMERIC','1',6),(134,15,'NUMERIC','',6),(135,40,'NUMERIC','',6),(135,1,'NUMERIC','1',6),(135,15,'NUMERIC','',6),(136,1,'NUMERIC','1',6),(136,15,'NUMERIC','',6),(136,16,'NUMERIC','',6),(137,1,'NUMERIC','1',6),(137,15,'NUMERIC','',6),(137,16,'NUMERIC','',6),(138,1,'NUMERIC','1',6),(138,15,'NUMERIC','',6),(138,16,'NUMERIC','',6),(139,1,'NUMERIC','1',6),(139,15,'NUMERIC','',6),(139,16,'NUMERIC','',6),(140,1,'NUMERIC','1',6),(140,15,'NUMERIC','',6),(140,16,'NUMERIC','',6),(141,1,'NUMERIC','1',6),(141,4,'NUMERIC_ARRAY','',6),(141,14,'NUMERIC','',6),(141,27,'NUMERIC','',6),(141,9,'NUMERIC_ARRAY','',6),(141,5,'NUMERIC','',6),(141,15,'NUMERIC','',6),(141,6,'NUMERIC','',6),(141,22,'NUMERIC','',6),(142,1,'NUMERIC','1',6),(142,4,'NUMERIC_ARRAY','',6),(142,14,'NUMERIC','',6),(142,27,'NUMERIC','',6),(142,9,'NUMERIC_ARRAY','',6),(142,5,'NUMERIC','',6),(142,15,'NUMERIC','',6),(142,6,'NUMERIC','',6),(142,22,'NUMERIC','',6),(143,1,'NUMERIC','1',6),(143,4,'NUMERIC_ARRAY','',6),(143,14,'NUMERIC','',6),(143,27,'NUMERIC','',6),(143,9,'NUMERIC_ARRAY','',6),(143,5,'NUMERIC','',6),(143,15,'NUMERIC','',6),(143,6,'NUMERIC','',6),(143,22,'NUMERIC','',6),(144,1,'NUMERIC','1',6),(144,2,'NUMERIC_ARRAY','',6),(144,4,'NUMERIC_ARRAY','',6),(144,9,'NUMERIC_ARRAY','',6),(144,15,'NUMERIC','',6),(144,7,'NUMERIC','',6),(144,8,'NUMERIC','',6),(144,6,'NUMERIC','',6),(144,5,'NUMERIC','',6),(144,14,'NUMERIC','',6),(144,22,'NUMERIC','',6),(144,23,'NUMERIC_ARRAY','',6),(144,24,'NUMERIC','',6),(144,25,'NUMERIC','',6),(144,1,'NUMERIC','1',6),(145,1,'NUMERIC','1',6),(145,18,'NUMERIC','',6),(145,38,'NUMERIC','',6),(145,39,'NUMERIC','',6),(145,35,'NUMERIC','',6),(145,20,'NUMERIC','',6),(145,40,'NUMERIC','',6),(146,1,'NUMERIC','1',6),(146,2,'NUMERIC_ARRAY','',6),(146,14,'NUMERIC','',6),(146,27,'NUMERIC','',6),(146,33,'NUMERIC','',6),(146,9,'NUMERIC_ARRAY','',6),(146,28,'NUMERIC','',6),(146,5,'NUMERIC','',6),(146,15,'NUMERIC','',6),(146,6,'NUMERIC','',6),(146,32,'NUMERIC','',6),(146,34,'NUMERIC','',6),(146,31,'NUMERIC','',6),(146,7,'NUMERIC','',6),(148,18,'NUMERIC','',6),(148,38,'NUMERIC','',6),(148,39,'NUMERIC','',6),(148,35,'NUMERIC','',6),(148,20,'NUMERIC','',6),(148,40,'NUMERIC','',6),(149,1,'NUMERIC','1',6),(149,4,'NUMERIC_ARRAY','',6),(149,5,'NUMERIC','',6),(149,6,'NUMERIC','',6),(149,7,'NUMERIC','',6),(149,2,'NUMERIC_ARRAY','',6),(149,9,'NUMERIC_ARRAY','',6),(149,15,'NUMERIC','',6),(149,14,'NUMERIC','',6),(149,21,'NUMERIC','',6),(149,22,'NUMERIC','',6),(149,3,'STRING','',6),(150,1,'NUMERIC','1',6),(150,4,'NUMERIC_ARRAY','',6),(150,5,'NUMERIC','',6),(150,6,'NUMERIC','',6),(150,7,'NUMERIC','',6),(150,2,'NUMERIC_ARRAY','',6),(150,9,'NUMERIC_ARRAY','',6),(150,15,'NUMERIC','',6),(150,14,'NUMERIC','',6),(150,21,'NUMERIC','',6),(150,22,'NUMERIC','',6),(150,3,'STRING','',6),(151,1,'NUMERIC','1',6),(151,4,'NUMERIC_ARRAY','',6),(151,5,'NUMERIC','',6),(151,6,'NUMERIC','',6),(151,7,'NUMERIC','',6),(151,2,'NUMERIC_ARRAY','',6),(151,9,'NUMERIC_ARRAY','',6),(151,15,'NUMERIC','',6),(151,14,'NUMERIC','',6),(151,21,'NUMERIC','',6),(151,22,'NUMERIC','',6),(151,3,'STRING','',6),(152,1,'NUMERIC','1',6),(152,4,'NUMERIC_ARRAY','',6),(152,5,'NUMERIC','',6),(152,6,'NUMERIC','',6),(152,7,'NUMERIC','',6),(152,2,'NUMERIC_ARRAY','',6),(152,9,'NUMERIC_ARRAY','',6),(152,15,'NUMERIC','',6),(152,14,'NUMERIC','',6),(152,21,'NUMERIC','',6),(152,22,'NUMERIC','',6),(152,3,'STRING','',6),(153,1,'NUMERIC','1',6),(153,4,'NUMERIC_ARRAY','',6),(153,5,'NUMERIC','',6),(153,6,'NUMERIC','',6),(153,7,'NUMERIC','',6),(153,2,'NUMERIC_ARRAY','',6),(153,9,'NUMERIC_ARRAY','',6),(153,15,'NUMERIC','',6),(153,14,'NUMERIC','',6),(153,21,'NUMERIC','',6),(153,22,'NUMERIC','',6),(153,3,'STRING','',6),(154,1,'NUMERIC','1',6),(154,4,'NUMERIC_ARRAY','',6),(154,5,'NUMERIC','',6),(154,6,'NUMERIC','',6),(154,7,'NUMERIC','',6),(154,2,'NUMERIC_ARRAY','',6),(154,9,'NUMERIC_ARRAY','',6),(154,15,'NUMERIC','',6),(154,14,'NUMERIC','',6),(154,21,'NUMERIC','',6),(154,22,'NUMERIC','',6),(154,3,'STRING','',6),(155,1,'NUMERIC','1',6),(156,1,'NUMERIC','1',6),(157,1,'NUMERIC','1',6),(157,16,'NUMERIC','',6),(51,42,'NUMERIC','',6),(52,42,'NUMERIC','',6),(158,1,'NUMERIC','1',6),(159,1,'NUMERIC','1',6),(160,1,'NUMERIC','1',6),(53,38,'NUMERIC','',6),(53,39,'NUMERIC','',6),(53,20,'NUMERIC','',6),(53,22,'NUMERIC','',6),(53,42,'NUMERIC','',6),(158,14,'NUMERIC','',6),(159,14,'NUMERIC','',6),(160,14,'NUMERIC','',6),(158,27,'NUMERIC','',6),(159,27,'NUMERIC','',6),(160,27,'NUMERIC','',6),(158,33,'NUMERIC','',6),(159,33,'NUMERIC','',6),(160,33,'NUMERIC','',6),(158,22,'NUMERIC','',6),(159,22,'NUMERIC','',6),(160,22,'NUMERIC','',6),(158,17,'NUMERIC','',6),(159,17,'NUMERIC','',6),(160,17,'NUMERIC','',6),(158,9,'NUMERIC_ARRAY','',6),(159,9,'NUMERIC_ARRAY','',6),(160,9,'NUMERIC_ARRAY','',6),(158,37,'NUMERIC','',6),(159,37,'NUMERIC','',6),(160,37,'NUMERIC','',6),(158,15,'NUMERIC','',6),(159,15,'NUMERIC','',6),(160,15,'NUMERIC','',6),(158,8,'NUMERIC','',6),(159,8,'NUMERIC','',6),(160,8,'NUMERIC','',6),(158,32,'NUMERIC','',6),(159,32,'NUMERIC','',6),(160,32,'NUMERIC','',6),(158,34,'NUMERIC','',6),(159,34,'NUMERIC','',6),(160,34,'NUMERIC','',6),(158,31,'NUMERIC','',6),(159,31,'NUMERIC','',6),(160,31,'NUMERIC','',6),(161,1,'NUMERIC','1',6),(161,15,'NUMERIC','',6),(161,16,'NUMERIC','',6),(162,1,'NUMERIC','1',6),(162,15,'NUMERIC','',6),(162,16,'NUMERIC','',6),(163,1,'NUMERIC','1',6),(163,15,'NUMERIC','',6),(163,16,'NUMERIC','',6),(164,1,'NUMERIC','1',6),(164,15,'NUMERIC','',6),(164,16,'NUMERIC','',6),(165,1,'NUMERIC','1',6),(165,15,'NUMERIC','',6),(165,16,'NUMERIC','',6),(166,1,'NUMERIC','1',6),(166,15,'NUMERIC','',6),(166,16,'NUMERIC','',6),(167,1,'NUMERIC','1',6),(167,15,'NUMERIC','',6),(167,16,'NUMERIC','',6),(168,41,'NUMERIC','',6),(168,15,'NUMERIC','',6),(168,1,'NUMERIC','1',6),(169,41,'NUMERIC','',6),(169,15,'NUMERIC','',6),(169,1,'NUMERIC','1',6),(170,41,'NUMERIC','',6),(170,15,'NUMERIC','',6),(170,1,'NUMERIC','1',6),(171,1,'NUMERIC','1',6),(171,19,'NUMERIC','',6),(171,16,'NUMERIC','',6),(171,40,'NUMERIC','',6),(171,41,'NUMERIC','',6),(172,1,'NUMERIC','1',6),(172,19,'NUMERIC','',6),(172,16,'NUMERIC','',6),(172,40,'NUMERIC','',6),(172,41,'NUMERIC','',6),(173,1,'NUMERIC','1',6),(173,19,'NUMERIC','',6),(173,16,'NUMERIC','',6),(173,40,'NUMERIC','',6),(173,41,'NUMERIC','',6),(174,1,'NUMERIC','1',6),(174,19,'NUMERIC','',6),(174,16,'NUMERIC','',6),(174,40,'NUMERIC','',6),(174,41,'NUMERIC','',6),(175,1,'NUMERIC','1',6),(175,19,'NUMERIC','',6),(175,16,'NUMERIC','',6),(175,40,'NUMERIC','',6),(175,41,'NUMERIC','',6),(176,1,'NUMERIC','1',6),(176,19,'NUMERIC','',6),(176,16,'NUMERIC','',6),(176,40,'NUMERIC','',6),(176,41,'NUMERIC','',6),(177,1,'NUMERIC','1',6),(177,19,'NUMERIC','',6),(177,16,'NUMERIC','',6),(177,40,'NUMERIC','',6),(177,41,'NUMERIC','',6),(178,1,'NUMERIC','1',6),(178,19,'NUMERIC','',6),(178,16,'NUMERIC','',6),(178,40,'NUMERIC','',6),(178,41,'NUMERIC','',6),(179,16,'NUMERIC','',6),(179,1,'NUMERIC','1',6),(179,19,'NUMERIC','',6),(179,41,'NUMERIC','',6),(180,16,'NUMERIC','',6),(180,1,'NUMERIC','1',6),(180,19,'NUMERIC','',6),(180,41,'NUMERIC','',6),(181,16,'NUMERIC','',6),(181,1,'NUMERIC','1',6),(181,19,'NUMERIC','',6),(181,41,'NUMERIC','',6),(182,16,'NUMERIC','',6),(182,1,'NUMERIC','1',6),(182,19,'NUMERIC','',6),(182,41,'NUMERIC','',6),(183,16,'NUMERIC','',6),(183,1,'NUMERIC','1',6),(183,19,'NUMERIC','',6),(183,41,'NUMERIC','',6),(184,16,'NUMERIC','',6),(184,1,'NUMERIC','1',6),(184,19,'NUMERIC','',6),(184,41,'NUMERIC','',6),(185,16,'NUMERIC','',6),(185,1,'NUMERIC','1',6),(185,19,'NUMERIC','',6),(185,41,'NUMERIC','',6),(186,16,'NUMERIC','',6),(186,1,'NUMERIC','1',6),(186,19,'NUMERIC','',6),(186,41,'NUMERIC','',6),(187,1,'NUMERIC','1',6),(187,4,'NUMERIC_ARRAY','',6),(187,5,'NUMERIC','',6),(187,6,'NUMERIC','',6),(187,8,'NUMERIC','',6),(187,7,'NUMERIC','',6),(187,2,'NUMERIC_ARRAY','',6),(187,9,'NUMERIC_ARRAY','',6),(187,15,'NUMERIC','',6),(188,1,'NUMERIC','1',6),(188,4,'NUMERIC_ARRAY','',6),(188,5,'NUMERIC','',6),(188,6,'NUMERIC','',6),(188,8,'NUMERIC','',6),(188,7,'NUMERIC','',6),(188,2,'NUMERIC_ARRAY','',6),(188,9,'NUMERIC_ARRAY','',6),(188,15,'NUMERIC','',6),(189,1,'NUMERIC','1',6),(189,4,'NUMERIC_ARRAY','',6),(189,5,'NUMERIC','',6),(189,6,'NUMERIC','',6),(189,8,'NUMERIC','',6),(189,7,'NUMERIC','',6),(189,2,'NUMERIC_ARRAY','',6),(189,9,'NUMERIC_ARRAY','',6),(189,15,'NUMERIC','',6),(190,1,'NUMERIC','1',6),(190,4,'NUMERIC_ARRAY','',6),(190,5,'NUMERIC','',6),(190,6,'NUMERIC','',6),(190,8,'NUMERIC','',6),(190,7,'NUMERIC','',6),(190,2,'NUMERIC_ARRAY','',6),(190,9,'NUMERIC_ARRAY','',6),(190,15,'NUMERIC','',6),(5,37,'NUMERIC','',6),(6,37,'NUMERIC','',6),(7,37,'NUMERIC','',6),(8,37,'NUMERIC','',6),(9,37,'NUMERIC','',6),(10,37,'NUMERIC','',6),(62,37,'NUMERIC','',6),(85,37,'NUMERIC','',6),(86,37,'NUMERIC','',6),(87,37,'NUMERIC','',6),(88,37,'NUMERIC','',6),(89,37,'NUMERIC','',6),(90,37,'NUMERIC','',6),(94,37,'NUMERIC','',6),(108,37,'NUMERIC','',6),(109,37,'NUMERIC','',6),(149,37,'NUMERIC','',6),(150,37,'NUMERIC','',6),(151,37,'NUMERIC','',6),(152,37,'NUMERIC','',6),(153,37,'NUMERIC','',6),(154,37,'NUMERIC','',6),(192,1,'NUMERIC','1',6),(193,1,'NUMERIC','1',6),(193,14,'NUMERIC','',6),(193,27,'NUMERIC','',6),(193,33,'NUMERIC','',6),(193,22,'NUMERIC','',6),(193,17,'NUMERIC','',6),(193,9,'NUMERIC_ARRAY','',6),(193,37,'NUMERIC','',6),(193,15,'NUMERIC','',6),(193,8,'NUMERIC','',6),(193,32,'NUMERIC','',6),(193,34,'NUMERIC','',6),(193,31,'NUMERIC','',6),(194,1,'NUMERIC','1',6),(194,14,'NUMERIC','',6),(194,27,'NUMERIC','',6),(194,33,'NUMERIC','',6),(194,22,'NUMERIC','',6),(194,17,'NUMERIC','',6),(194,9,'NUMERIC_ARRAY','',6),(194,37,'NUMERIC','',6),(194,15,'NUMERIC','',6),(194,8,'NUMERIC','',6),(194,32,'NUMERIC','',6),(194,34,'NUMERIC','',6),(194,31,'NUMERIC','',6),(195,1,'NUMERIC','1',6),(196,1,'NUMERIC','1',6),(197,1,'NUMERIC','1',6),(197,14,'NUMERIC','',6),(197,27,'NUMERIC','',6),(197,33,'NUMERIC','',6),(197,22,'NUMERIC','',6),(197,17,'NUMERIC','',6),(197,9,'NUMERIC_ARRAY','',6),(197,37,'NUMERIC','',6),(197,15,'NUMERIC','',6),(197,8,'NUMERIC','',6),(197,32,'NUMERIC','',6),(197,34,'NUMERIC','',6),(197,31,'NUMERIC','',6),(198,1,'NUMERIC','1',6),(198,2,'NUMERIC_ARRAY','',6),(198,14,'NUMERIC','',6),(198,27,'NUMERIC','',6),(198,33,'NUMERIC','',6),(198,9,'NUMERIC_ARRAY','',6),(198,28,'NUMERIC','',6),(198,5,'NUMERIC','',6),(198,15,'NUMERIC','',6),(198,6,'NUMERIC','',6),(198,32,'NUMERIC','',6),(198,34,'NUMERIC','',6),(198,31,'NUMERIC','',6),(198,7,'NUMERIC','',6),(199,1,'NUMERIC','1',6),(200,20,'NUMERIC','',6),(200,16,'NUMERIC','',6),(200,18,'NUMERIC','',6),(200,19,'NUMERIC','',6),(200,17,'NUMERIC','',6),(200,1,'NUMERIC','1',6),(200,42,'NUMERIC','',6),(201,1,'NUMERIC','1',6),(201,38,'NUMERIC','',6),(201,39,'NUMERIC','',6),(201,20,'NUMERIC','',6),(201,22,'NUMERIC','',6),(201,42,'NUMERIC','',6),(202,1,'NUMERIC','1',6),(203,1,'NUMERIC','1',6),(191,1,'NUMERIC','1',6),(204,1,'NUMERIC','1',6),(191,16,'NUMERIC','',6),(204,16,'NUMERIC','',6),(191,37,'NUMERIC','',6),(204,37,'NUMERIC','',6),(205,1,'NUMERIC','1',6),(203,15,'NUMERIC','',6),(205,15,'NUMERIC','',6),(206,1,'NUMERIC','1',6),(207,1,'NUMERIC','1',6),(207,16,'NUMERIC','',6),(207,37,'NUMERIC','',6),(208,1,'NUMERIC','1',6),(208,16,'NUMERIC','',6),(208,37,'NUMERIC','',6),(209,1,'NUMERIC','1',6),(209,16,'NUMERIC','',6),(209,37,'NUMERIC','',6),(210,1,'NUMERIC','1',6),(211,1,'NUMERIC','1',6),(212,1,'NUMERIC','1',6),(61,39,'NUMERIC','',6),(61,38,'NUMERIC','',6),(61,20,'NUMERIC','',6),(213,1,'NUMERIC','1',6),(213,39,'NUMERIC','',6),(213,38,'NUMERIC','',6),(213,20,'NUMERIC','',6),(214,1,'NUMERIC','1',6),(214,16,'NUMERIC','',6),(215,1,'NUMERIC','1',6),(215,38,'NUMERIC','',6),(215,39,'NUMERIC','',6),(215,20,'NUMERIC','',6),(215,22,'NUMERIC','',6),(215,42,'NUMERIC','',6),(216,1,'NUMERIC','1',6),(216,38,'NUMERIC','',6),(216,39,'NUMERIC','',6),(216,20,'NUMERIC','',6),(216,22,'NUMERIC','',6),(216,42,'NUMERIC','',6),(217,1,'NUMERIC','1',6),(218,1,'NUMERIC','1',6),(219,1,'NUMERIC','1',6),(220,1,'NUMERIC','1',6),(221,1,'NUMERIC','1',6),(222,1,'NUMERIC','1',6),(223,1,'NUMERIC','1',6),(224,1,'NUMERIC','1',6),(224,2,'NUMERIC_ARRAY','',6),(224,3,'STRING','',6),(224,5,'NUMERIC','',6),(224,6,'NUMERIC','',6),(224,8,'NUMERIC','',6),(224,7,'NUMERIC','',6),(224,4,'NUMERIC_ARRAY','',6),(224,9,'NUMERIC_ARRAY','',6),(224,14,'NUMERIC','',6),(224,15,'NUMERIC','',6),(224,22,'NUMERIC','',6),(225,1,'NUMERIC','1',6),(225,2,'NUMERIC_ARRAY','',6),(225,3,'STRING','',6),(225,5,'NUMERIC','',6),(225,6,'NUMERIC','',6),(225,8,'NUMERIC','',6),(225,7,'NUMERIC','',6),(225,4,'NUMERIC_ARRAY','',6),(225,9,'NUMERIC_ARRAY','',6),(225,14,'NUMERIC','',6),(225,15,'NUMERIC','',6),(225,22,'NUMERIC','',6),(226,1,'NUMERIC','1',6),(227,1,'NUMERIC','1',6),(228,1,'NUMERIC','1',6),(229,1,'NUMERIC','1',6),(230,1,'NUMERIC','1',6),(230,4,'NUMERIC_ARRAY','',6),(230,5,'NUMERIC','',6),(230,6,'NUMERIC','',6),(230,7,'NUMERIC','',6),(230,2,'NUMERIC_ARRAY','',6),(230,9,'NUMERIC_ARRAY','',6),(230,15,'NUMERIC','',6),(230,14,'NUMERIC','',6),(230,21,'NUMERIC','',6),(230,22,'NUMERIC','',6),(230,3,'STRING','',6),(230,37,'NUMERIC','',6),(231,1,'NUMERIC','1',6),(231,4,'NUMERIC_ARRAY','',6),(231,5,'NUMERIC','',6),(231,6,'NUMERIC','',6),(231,7,'NUMERIC','',6),(231,2,'NUMERIC_ARRAY','',6),(231,9,'NUMERIC_ARRAY','',6),(231,15,'NUMERIC','',6),(231,14,'NUMERIC','',6),(231,21,'NUMERIC','',6),(231,22,'NUMERIC','',6),(231,3,'STRING','',6),(231,37,'NUMERIC','',6),(232,1,'NUMERIC','1',6),(232,4,'NUMERIC_ARRAY','',6),(232,5,'NUMERIC','',6),(232,6,'NUMERIC','',6),(232,7,'NUMERIC','',6),(232,2,'NUMERIC_ARRAY','',6),(232,9,'NUMERIC_ARRAY','',6),(232,15,'NUMERIC','',6),(232,14,'NUMERIC','',6),(232,21,'NUMERIC','',6),(232,22,'NUMERIC','',6),(232,3,'STRING','',6),(232,37,'NUMERIC','',6),(233,1,'NUMERIC','1',6),(233,4,'NUMERIC_ARRAY','',6),(233,5,'NUMERIC','',6),(233,6,'NUMERIC','',6),(233,7,'NUMERIC','',6),(233,2,'NUMERIC_ARRAY','',6),(233,9,'NUMERIC_ARRAY','',6),(233,15,'NUMERIC','',6),(233,14,'NUMERIC','',6),(233,21,'NUMERIC','',6),(233,22,'NUMERIC','',6),(233,3,'STRING','',6),(233,37,'NUMERIC','',6),(234,1,'NUMERIC','1',6),(235,1,'NUMERIC','1',6),(236,1,'NUMERIC','1',6),(236,16,'NUMERIC','',6),(237,20,'NUMERIC','',6),(237,16,'NUMERIC','',6),(237,18,'NUMERIC','',6),(237,19,'NUMERIC','',6),(237,17,'NUMERIC','',6),(237,1,'NUMERIC','1',6),(237,42,'NUMERIC','',6),(238,1,'NUMERIC','1',6),(239,1,'NUMERIC','1',6),(240,20,'NUMERIC','',6),(240,16,'NUMERIC','',6),(240,18,'NUMERIC','',6),(240,19,'NUMERIC','',6),(240,17,'NUMERIC','',6),(240,1,'NUMERIC','1',6),(240,42,'NUMERIC','',6),(241,20,'NUMERIC','',6),(241,16,'NUMERIC','',6),(241,18,'NUMERIC','',6),(241,19,'NUMERIC','',6),(241,17,'NUMERIC','',6),(241,1,'NUMERIC','1',6),(241,42,'NUMERIC','',6),(242,1,'NUMERIC','1',6),(242,38,'NUMERIC','',6),(242,39,'NUMERIC','',6),(242,20,'NUMERIC','',6),(242,22,'NUMERIC','',6),(242,42,'NUMERIC','',6),(243,1,'NUMERIC','1',6),(243,38,'NUMERIC','',6),(243,39,'NUMERIC','',6),(243,20,'NUMERIC','',6),(243,22,'NUMERIC','',6),(243,42,'NUMERIC','',6),(244,1,'NUMERIC','1',6),(244,38,'NUMERIC','',6),(244,39,'NUMERIC','',6),(244,20,'NUMERIC','',6),(244,22,'NUMERIC','',6),(244,42,'NUMERIC','',6),(245,1,'NUMERIC','1',6),(245,16,'NUMERIC','',6),(246,1,'NUMERIC','1',6),(247,1,'NUMERIC','1',6),(248,1,'NUMERIC','1',6),(248,16,'NUMERIC','',6),(248,37,'NUMERIC','',6),(249,1,'NUMERIC','1',6),(249,16,'NUMERIC','',6),(249,37,'NUMERIC','',6),(250,1,'NUMERIC','1',6),(251,1,'NUMERIC','1',6),(252,20,'NUMERIC','',6),(252,16,'NUMERIC','',6),(252,18,'NUMERIC','',6),(252,19,'NUMERIC','',6),(252,17,'NUMERIC','',6),(252,1,'NUMERIC','1',6),(252,42,'NUMERIC','',6),(253,1,'NUMERIC','1',6),(253,4,'NUMERIC_ARRAY','',6),(253,5,'NUMERIC','',6),(253,6,'NUMERIC','',6),(253,8,'NUMERIC','',6),(253,7,'NUMERIC','',6),(253,2,'NUMERIC_ARRAY','',6),(253,9,'NUMERIC_ARRAY','',6),(253,15,'NUMERIC','',6),(253,14,'NUMERIC','',6),(253,21,'NUMERIC','',6),(253,22,'NUMERIC','',6),(253,3,'STRING','',6),(253,37,'NUMERIC','',6),(253,20,'NUMERIC','',6),(253,16,'NUMERIC','',6),(253,18,'NUMERIC','',6),(253,19,'NUMERIC','',6),(253,17,'NUMERIC','',6),(253,1,'NUMERIC','1',6),(253,42,'NUMERIC','',6),(254,1,'NUMERIC','1',6),(254,14,'NUMERIC','',6),(254,27,'NUMERIC','',6),(254,33,'NUMERIC','',6),(254,22,'NUMERIC','',6),(254,17,'NUMERIC','',6),(254,9,'NUMERIC_ARRAY','',6),(254,37,'NUMERIC','',6),(254,15,'NUMERIC','',6),(254,8,'NUMERIC','',6),(254,32,'NUMERIC','',6),(254,34,'NUMERIC','',6),(254,31,'NUMERIC','',6),(255,20,'NUMERIC','',6),(255,16,'NUMERIC','',6),(255,18,'NUMERIC','',6),(255,19,'NUMERIC','',6),(255,17,'NUMERIC','',6),(255,1,'NUMERIC','1',6),(255,42,'NUMERIC','',6),(256,1,'NUMERIC','1',6),(256,14,'NUMERIC','',6),(256,27,'NUMERIC','',6),(256,33,'NUMERIC','',6),(256,22,'NUMERIC','',6),(256,17,'NUMERIC','',6),(256,9,'NUMERIC_ARRAY','',6),(256,37,'NUMERIC','',6),(256,15,'NUMERIC','',6),(256,8,'NUMERIC','',6),(256,32,'NUMERIC','',6),(256,34,'NUMERIC','',6),(256,31,'NUMERIC','',6),(257,20,'NUMERIC','',6),(257,16,'NUMERIC','',6),(257,18,'NUMERIC','',6),(257,19,'NUMERIC','',6),(257,17,'NUMERIC','',6),(257,1,'NUMERIC','1',6),(257,42,'NUMERIC','',6),(258,20,'NUMERIC','',6),(258,16,'NUMERIC','',6),(258,18,'NUMERIC','',6),(258,19,'NUMERIC','',6),(258,17,'NUMERIC','',6),(258,1,'NUMERIC','1',6),(258,42,'NUMERIC','',6),(259,20,'NUMERIC','',6),(259,16,'NUMERIC','',6),(259,18,'NUMERIC','',6),(259,19,'NUMERIC','',6),(259,17,'NUMERIC','',6),(259,1,'NUMERIC','1',6),(259,42,'NUMERIC','',6),(260,1,'NUMERIC','1',6),(260,16,'NUMERIC','',6),(261,1,'NUMERIC','1',6),(262,20,'NUMERIC','',6),(262,16,'NUMERIC','',6),(262,18,'NUMERIC','',6),(262,19,'NUMERIC','',6),(262,17,'NUMERIC','',6),(262,1,'NUMERIC','1',6),(262,42,'NUMERIC','',6),(263,15,'NUMERIC','',6),(263,1,'NUMERIC','1',6),(264,15,'NUMERIC','',6),(264,1,'NUMERIC','1',6),(265,15,'NUMERIC','',6),(265,1,'NUMERIC','1',6),(266,15,'NUMERIC','',6),(266,1,'NUMERIC','1',6),(267,15,'NUMERIC','',6),(267,1,'NUMERIC','1',6),(268,15,'NUMERIC','',6),(268,1,'NUMERIC','1',6),(269,15,'NUMERIC','',6),(269,1,'NUMERIC','1',6),(270,15,'NUMERIC','',6),(270,1,'NUMERIC','1',6),(271,1,'NUMERIC','1',6),(272,1,'NUMERIC','1',6),(273,1,'NUMERIC','1',6),(274,1,'NUMERIC','1',6),(275,1,'NUMERIC','1',6),(276,1,'NUMERIC','1',6),(277,1,'NUMERIC','1',6),(278,1,'NUMERIC','1',6),(279,1,'NUMERIC','1',6),(280,1,'NUMERIC','1',6),(54,4,'NUMERIC_ARRAY','',6),(59,4,'NUMERIC_ARRAY','',6),(54,5,'NUMERIC','',6),(59,5,'NUMERIC','',6),(54,6,'NUMERIC','',6),(59,6,'NUMERIC','',6),(54,8,'NUMERIC','',6),(59,8,'NUMERIC','',6),(54,7,'NUMERIC','',6),(59,7,'NUMERIC','',6),(54,14,'NUMERIC','',6),(59,14,'NUMERIC','',6),(54,15,'NUMERIC','',6),(59,15,'NUMERIC','',6),(54,13,'NUMERIC_ARRAY','',6),(59,13,'NUMERIC_ARRAY','',6),(55,13,'NUMERIC_ARRAY','',6),(58,13,'NUMERIC_ARRAY','',6),(144,13,'NUMERIC_ARRAY','',6),(25,13,'NUMERIC_ARRAY','',6),(57,13,'NUMERIC_ARRAY','',6),(91,13,'NUMERIC_ARRAY','',6),(55,6,'NUMERIC','',6),(58,6,'NUMERIC','',6),(144,6,'NUMERIC','',6),(55,5,'NUMERIC','',6),(58,5,'NUMERIC','',6),(144,5,'NUMERIC','',6),(55,8,'NUMERIC','',6),(58,8,'NUMERIC','',6),(144,8,'NUMERIC','',6),(55,7,'NUMERIC','',6),(58,7,'NUMERIC','',6),(144,7,'NUMERIC','',6),(55,14,'NUMERIC','',6),(58,14,'NUMERIC','',6),(144,14,'NUMERIC','',6),(55,15,'NUMERIC','',6),(58,15,'NUMERIC','',6),(144,15,'NUMERIC','',6),(55,23,'NUMERIC_ARRAY','',6),(58,23,'NUMERIC_ARRAY','',6),(144,23,'NUMERIC_ARRAY','',6),(55,25,'NUMERIC','',6),(58,25,'NUMERIC','',6),(144,25,'NUMERIC','',6),(55,24,'NUMERIC','',6),(58,24,'NUMERIC','',6),(144,24,'NUMERIC','',6),(55,43,'NUMERIC','',6),(58,43,'NUMERIC','',6),(144,43,'NUMERIC','',6),(56,5,'NUMERIC','',6),(60,5,'NUMERIC','',6),(56,6,'NUMERIC','',6),(60,6,'NUMERIC','',6),(56,8,'NUMERIC','',6),(60,8,'NUMERIC','',6),(56,7,'NUMERIC','',6),(60,7,'NUMERIC','',6),(56,14,'NUMERIC','',6),(60,14,'NUMERIC','',6),(56,15,'NUMERIC','',6),(60,15,'NUMERIC','',6),(56,23,'NUMERIC_ARRAY','',6),(60,23,'NUMERIC_ARRAY','',6),(56,43,'NUMERIC','',6),(60,43,'NUMERIC','',6),(56,13,'NUMERIC_ARRAY','',6),(60,13,'NUMERIC_ARRAY','',6),(56,22,'NUMERIC','',6),(60,22,'NUMERIC','',6),(55,22,'NUMERIC','',6),(58,22,'NUMERIC','',6),(144,22,'NUMERIC','',6),(54,22,'NUMERIC','',6),(59,22,'NUMERIC','',6),(56,2,'NUMERIC_ARRAY','',6),(60,2,'NUMERIC_ARRAY','',6),(56,9,'NUMERIC_ARRAY','',6),(60,9,'NUMERIC_ARRAY','',6),(54,2,'NUMERIC_ARRAY','',6),(59,2,'NUMERIC_ARRAY','',6),(54,9,'NUMERIC_ARRAY','',6),(59,9,'NUMERIC_ARRAY','',6),(55,2,'NUMERIC_ARRAY','',6),(58,2,'NUMERIC_ARRAY','',6),(144,2,'NUMERIC_ARRAY','',6),(55,9,'NUMERIC_ARRAY','',6),(58,9,'NUMERIC_ARRAY','',6),(144,9,'NUMERIC_ARRAY','',6),(56,4,'NUMERIC_ARRAY','',6),(60,4,'NUMERIC_ARRAY','',6),(5,32,'NUMERIC','',6),(6,32,'NUMERIC','',6),(7,32,'NUMERIC','',6),(8,32,'NUMERIC','',6),(9,32,'NUMERIC','',6),(10,32,'NUMERIC','',6),(62,32,'NUMERIC','',6),(85,32,'NUMERIC','',6),(86,32,'NUMERIC','',6),(87,32,'NUMERIC','',6),(88,32,'NUMERIC','',6),(89,32,'NUMERIC','',6),(90,32,'NUMERIC','',6),(94,32,'NUMERIC','',6),(108,32,'NUMERIC','',6),(109,32,'NUMERIC','',6),(149,32,'NUMERIC','',6),(150,32,'NUMERIC','',6),(151,32,'NUMERIC','',6),(152,32,'NUMERIC','',6),(153,32,'NUMERIC','',6),(154,32,'NUMERIC','',6),(230,32,'NUMERIC','',6),(231,32,'NUMERIC','',6),(232,32,'NUMERIC','',6),(233,32,'NUMERIC','',6),(5,34,'NUMERIC','',6),(6,34,'NUMERIC','',6),(7,34,'NUMERIC','',6),(8,34,'NUMERIC','',6),(9,34,'NUMERIC','',6),(10,34,'NUMERIC','',6),(62,34,'NUMERIC','',6),(85,34,'NUMERIC','',6),(86,34,'NUMERIC','',6),(87,34,'NUMERIC','',6),(88,34,'NUMERIC','',6),(89,34,'NUMERIC','',6),(90,34,'NUMERIC','',6),(94,34,'NUMERIC','',6),(108,34,'NUMERIC','',6),(109,34,'NUMERIC','',6),(149,34,'NUMERIC','',6),(150,34,'NUMERIC','',6),(151,34,'NUMERIC','',6),(152,34,'NUMERIC','',6),(153,34,'NUMERIC','',6),(154,34,'NUMERIC','',6),(230,34,'NUMERIC','',6),(231,34,'NUMERIC','',6),(232,34,'NUMERIC','',6),(233,34,'NUMERIC','',6),(5,8,'NUMERIC','',6),(6,8,'NUMERIC','',6),(7,8,'NUMERIC','',6),(8,8,'NUMERIC','',6),(9,8,'NUMERIC','',6),(10,8,'NUMERIC','',6),(62,8,'NUMERIC','',6),(85,8,'NUMERIC','',6),(86,8,'NUMERIC','',6),(87,8,'NUMERIC','',6),(88,8,'NUMERIC','',6),(89,8,'NUMERIC','',6),(90,8,'NUMERIC','',6),(94,8,'NUMERIC','',6),(108,8,'NUMERIC','',6),(109,8,'NUMERIC','',6),(149,8,'NUMERIC','',6),(150,8,'NUMERIC','',6),(151,8,'NUMERIC','',6),(152,8,'NUMERIC','',6),(153,8,'NUMERIC','',6),(154,8,'NUMERIC','',6),(230,8,'NUMERIC','',6),(231,8,'NUMERIC','',6),(232,8,'NUMERIC','',6),(233,8,'NUMERIC','',6),(5,27,'NUMERIC','',6),(6,27,'NUMERIC','',6),(7,27,'NUMERIC','',6),(8,27,'NUMERIC','',6),(9,27,'NUMERIC','',6),(10,27,'NUMERIC','',6),(62,27,'NUMERIC','',6),(85,27,'NUMERIC','',6),(86,27,'NUMERIC','',6),(87,27,'NUMERIC','',6),(88,27,'NUMERIC','',6),(89,27,'NUMERIC','',6),(90,27,'NUMERIC','',6),(94,27,'NUMERIC','',6),(108,27,'NUMERIC','',6),(109,27,'NUMERIC','',6),(149,27,'NUMERIC','',6),(150,27,'NUMERIC','',6),(151,27,'NUMERIC','',6),(152,27,'NUMERIC','',6),(153,27,'NUMERIC','',6),(154,27,'NUMERIC','',6),(230,27,'NUMERIC','',6),(231,27,'NUMERIC','',6),(232,27,'NUMERIC','',6),(233,27,'NUMERIC','',6),(5,28,'NUMERIC','',6),(6,28,'NUMERIC','',6),(7,28,'NUMERIC','',6),(8,28,'NUMERIC','',6),(9,28,'NUMERIC','',6),(10,28,'NUMERIC','',6),(62,28,'NUMERIC','',6),(85,28,'NUMERIC','',6),(86,28,'NUMERIC','',6),(87,28,'NUMERIC','',6),(88,28,'NUMERIC','',6),(89,28,'NUMERIC','',6),(90,28,'NUMERIC','',6),(94,28,'NUMERIC','',6),(108,28,'NUMERIC','',6),(109,28,'NUMERIC','',6),(149,28,'NUMERIC','',6),(150,28,'NUMERIC','',6),(151,28,'NUMERIC','',6),(152,28,'NUMERIC','',6),(153,28,'NUMERIC','',6),(154,28,'NUMERIC','',6),(230,28,'NUMERIC','',6),(231,28,'NUMERIC','',6),(232,28,'NUMERIC','',6),(233,28,'NUMERIC','',6),(5,33,'NUMERIC','',6),(6,33,'NUMERIC','',6),(7,33,'NUMERIC','',6),(8,33,'NUMERIC','',6),(9,33,'NUMERIC','',6),(10,33,'NUMERIC','',6),(62,33,'NUMERIC','',6),(85,33,'NUMERIC','',6),(86,33,'NUMERIC','',6),(87,33,'NUMERIC','',6),(88,33,'NUMERIC','',6),(89,33,'NUMERIC','',6),(90,33,'NUMERIC','',6),(94,33,'NUMERIC','',6),(108,33,'NUMERIC','',6),(109,33,'NUMERIC','',6),(149,33,'NUMERIC','',6),(150,33,'NUMERIC','',6),(151,33,'NUMERIC','',6),(152,33,'NUMERIC','',6),(153,33,'NUMERIC','',6),(154,33,'NUMERIC','',6),(230,33,'NUMERIC','',6),(231,33,'NUMERIC','',6),(232,33,'NUMERIC','',6),(233,33,'NUMERIC','',6),(26,27,'NUMERIC','',6),(27,27,'NUMERIC','',6),(83,27,'NUMERIC','',6),(84,27,'NUMERIC','',6),(224,27,'NUMERIC','',6),(225,27,'NUMERIC','',6),(26,33,'NUMERIC','',6),(27,33,'NUMERIC','',6),(83,33,'NUMERIC','',6),(84,33,'NUMERIC','',6),(224,33,'NUMERIC','',6),(225,33,'NUMERIC','',6),(26,28,'NUMERIC','',6),(27,28,'NUMERIC','',6),(83,28,'NUMERIC','',6),(84,28,'NUMERIC','',6),(224,28,'NUMERIC','',6),(225,28,'NUMERIC','',6),(26,32,'NUMERIC','',6),(27,32,'NUMERIC','',6),(83,32,'NUMERIC','',6),(84,32,'NUMERIC','',6),(224,32,'NUMERIC','',6),(225,32,'NUMERIC','',6),(26,34,'NUMERIC','',6),(27,34,'NUMERIC','',6),(83,34,'NUMERIC','',6),(84,34,'NUMERIC','',6),(224,34,'NUMERIC','',6),(225,34,'NUMERIC','',6),(34,27,'NUMERIC','',6),(35,27,'NUMERIC','',6),(34,28,'NUMERIC','',6),(35,28,'NUMERIC','',6),(34,32,'NUMERIC','',6),(35,32,'NUMERIC','',6),(34,34,'NUMERIC','',6),(35,34,'NUMERIC','',6),(34,33,'NUMERIC','',6),(35,33,'NUMERIC','',6),(32,27,'NUMERIC','',6),(33,27,'NUMERIC','',6),(32,28,'NUMERIC','',6),(33,28,'NUMERIC','',6),(32,32,'NUMERIC','',6),(33,32,'NUMERIC','',6),(32,34,'NUMERIC','',6),(33,34,'NUMERIC','',6),(32,33,'NUMERIC','',6),(33,33,'NUMERIC','',6),(107,27,'NUMERIC','',6),(110,27,'NUMERIC','',6),(111,27,'NUMERIC','',6),(113,27,'NUMERIC','',6),(141,27,'NUMERIC','',6),(142,27,'NUMERIC','',6),(143,27,'NUMERIC','',6),(107,33,'NUMERIC','',6),(110,33,'NUMERIC','',6),(111,33,'NUMERIC','',6),(113,33,'NUMERIC','',6),(141,33,'NUMERIC','',6),(142,33,'NUMERIC','',6),(143,33,'NUMERIC','',6),(107,28,'NUMERIC','',6),(110,28,'NUMERIC','',6),(111,28,'NUMERIC','',6),(113,28,'NUMERIC','',6),(141,28,'NUMERIC','',6),(142,28,'NUMERIC','',6),(143,28,'NUMERIC','',6),(107,32,'NUMERIC','',6),(110,32,'NUMERIC','',6),(111,32,'NUMERIC','',6),(113,32,'NUMERIC','',6),(141,32,'NUMERIC','',6),(142,32,'NUMERIC','',6),(143,32,'NUMERIC','',6),(107,34,'NUMERIC','',6),(110,34,'NUMERIC','',6),(111,34,'NUMERIC','',6),(113,34,'NUMERIC','',6),(141,34,'NUMERIC','',6),(142,34,'NUMERIC','',6),(143,34,'NUMERIC','',6),(226,14,'NUMERIC','',6),(250,14,'NUMERIC','',6),(226,27,'NUMERIC','',6),(250,27,'NUMERIC','',6),(226,33,'NUMERIC','',6),(250,33,'NUMERIC','',6),(226,5,'NUMERIC','',6),(250,5,'NUMERIC','',6),(226,6,'NUMERIC','',6),(250,6,'NUMERIC','',6),(226,8,'NUMERIC','',6),(250,8,'NUMERIC','',6),(226,32,'NUMERIC','',6),(250,32,'NUMERIC','',6),(226,34,'NUMERIC','',6),(250,34,'NUMERIC','',6),(226,7,'NUMERIC','',6),(250,7,'NUMERIC','',6),(226,28,'NUMERIC','',6),(250,28,'NUMERIC','',6),(3,27,'NUMERIC','',6),(4,27,'NUMERIC','',6),(92,27,'NUMERIC','',6),(93,27,'NUMERIC','',6),(3,33,'NUMERIC','',6),(4,33,'NUMERIC','',6),(92,33,'NUMERIC','',6),(93,33,'NUMERIC','',6),(3,28,'NUMERIC','',6),(4,28,'NUMERIC','',6),(92,28,'NUMERIC','',6),(93,28,'NUMERIC','',6),(3,32,'NUMERIC','',6),(4,32,'NUMERIC','',6),(92,32,'NUMERIC','',6),(93,32,'NUMERIC','',6),(3,34,'NUMERIC','',6),(4,34,'NUMERIC','',6),(92,34,'NUMERIC','',6),(93,34,'NUMERIC','',6),(25,27,'NUMERIC','',6),(57,27,'NUMERIC','',6),(91,27,'NUMERIC','',6),(25,28,'NUMERIC','',6),(57,28,'NUMERIC','',6),(91,28,'NUMERIC','',6),(25,33,'NUMERIC','',6),(57,33,'NUMERIC','',6),(91,33,'NUMERIC','',6),(25,32,'NUMERIC','',6),(57,32,'NUMERIC','',6),(91,32,'NUMERIC','',6),(25,34,'NUMERIC','',6),(57,34,'NUMERIC','',6),(91,34,'NUMERIC','',6),(55,27,'NUMERIC','',6),(58,27,'NUMERIC','',6),(144,27,'NUMERIC','',6),(55,28,'NUMERIC','',6),(58,28,'NUMERIC','',6),(144,28,'NUMERIC','',6),(55,33,'NUMERIC','',6),(58,33,'NUMERIC','',6),(144,33,'NUMERIC','',6),(55,32,'NUMERIC','',6),(58,32,'NUMERIC','',6),(144,32,'NUMERIC','',6),(25,43,'NUMERIC','',6),(57,43,'NUMERIC','',6),(91,43,'NUMERIC','',6),(55,34,'NUMERIC','',6),(58,34,'NUMERIC','',6),(144,34,'NUMERIC','',6),(55,4,'NUMERIC_ARRAY','',6),(58,4,'NUMERIC_ARRAY','',6),(144,4,'NUMERIC_ARRAY','',6),(54,27,'NUMERIC','',6),(59,27,'NUMERIC','',6),(54,28,'NUMERIC','',6),(59,28,'NUMERIC','',6),(54,33,'NUMERIC','',6),(59,33,'NUMERIC','',6),(54,32,'NUMERIC','',6),(59,32,'NUMERIC','',6),(54,34,'NUMERIC','',6),(59,34,'NUMERIC','',6),(56,34,'NUMERIC','',6),(60,34,'NUMERIC','',6),(56,32,'NUMERIC','',6),(60,32,'NUMERIC','',6),(56,27,'NUMERIC','',6),(60,27,'NUMERIC','',6),(56,28,'NUMERIC','',6),(60,28,'NUMERIC','',6),(56,33,'NUMERIC','',6),(60,33,'NUMERIC','',6),(281,1,'NUMERIC','1',6),(281,16,'NUMERIC','',6),(147,1,'NUMERIC','1',6),(148,1,'NUMERIC','1',6),(147,5,'NUMERIC','',6),(148,5,'NUMERIC','',6),(147,6,'NUMERIC','',6),(148,6,'NUMERIC','',6),(147,8,'NUMERIC','',6),(148,8,'NUMERIC','',6),(147,32,'NUMERIC','',6),(148,32,'NUMERIC','',6),(147,34,'NUMERIC','',6),(148,34,'NUMERIC','',6),(147,7,'NUMERIC','',6),(148,7,'NUMERIC','',6),(147,14,'NUMERIC','',6),(148,14,'NUMERIC','',6),(147,27,'NUMERIC','',6),(148,27,'NUMERIC','',6),(147,33,'NUMERIC','',6),(148,33,'NUMERIC','',6),(147,28,'NUMERIC','',6),(148,28,'NUMERIC','',6),(147,4,'NUMERIC_ARRAY','',6),(148,4,'NUMERIC_ARRAY','',6),(147,15,'NUMERIC','',6),(148,15,'NUMERIC','',6),(147,24,'NUMERIC','',6),(148,24,'NUMERIC','',6),(147,25,'NUMERIC','',6),(148,25,'NUMERIC','',6),(147,43,'NUMERIC','',6),(148,43,'NUMERIC','',6),(282,1,'NUMERIC','1',6),(282,13,'NUMERIC_ARRAY','',6),(282,6,'NUMERIC','',6),(282,5,'NUMERIC','',6),(282,8,'NUMERIC','',6),(282,7,'NUMERIC','',6),(282,14,'NUMERIC','',6),(282,15,'NUMERIC','',6),(282,23,'NUMERIC_ARRAY','',6),(282,25,'NUMERIC','',6),(282,24,'NUMERIC','',6),(282,43,'NUMERIC','',6),(282,22,'NUMERIC','',6),(282,2,'NUMERIC_ARRAY','',6),(282,9,'NUMERIC_ARRAY','',6),(282,27,'NUMERIC','',6),(282,28,'NUMERIC','',6),(282,33,'NUMERIC','',6),(282,32,'NUMERIC','',6),(282,34,'NUMERIC','',6),(282,4,'NUMERIC_ARRAY','',6),(283,20,'NUMERIC','',6),(283,16,'NUMERIC','',6),(283,18,'NUMERIC','',6),(283,19,'NUMERIC','',6),(283,17,'NUMERIC','',6),(283,1,'NUMERIC','1',6),(283,42,'NUMERIC','',6),(146,4,'NUMERIC_ARRAY','',6),(198,4,'NUMERIC_ARRAY','',6),(192,14,'NUMERIC','',6),(192,27,'NUMERIC','',6),(192,33,'NUMERIC','',6),(192,28,'NUMERIC','',6),(192,5,'NUMERIC','',6),(192,6,'NUMERIC','',6),(192,8,'NUMERIC','',6),(192,32,'NUMERIC','',6),(192,34,'NUMERIC','',6),(192,7,'NUMERIC','',6),(192,2,'NUMERIC_ARRAY','',6),(192,22,'NUMERIC','',6),(146,22,'NUMERIC','',6),(198,22,'NUMERIC','',6),(284,20,'NUMERIC','',6),(284,16,'NUMERIC','',6),(284,18,'NUMERIC','',6),(284,19,'NUMERIC','',6),(284,17,'NUMERIC','',6),(284,1,'NUMERIC','1',6),(284,42,'NUMERIC','',6),(147,23,'NUMERIC_ARRAY','',6),(148,23,'NUMERIC_ARRAY','',6),(146,8,'NUMERIC','',6),(198,8,'NUMERIC','',6);
/*!40000 ALTER TABLE `status_copy2` ENABLE KEYS */;
UNLOCK TABLES;

--
-- Table structure for table `status_saved`
--

DROP TABLE IF EXISTS `status_saved`;
/*!40101 SET @saved_cs_client     = @@character_set_client */;
/*!50503 SET character_set_client = utf8mb4 */;
CREATE TABLE `status_saved` (
  `id_entity` int DEFAULT NULL,
  `id_var` int DEFAULT NULL,
  `val_type` varchar(30) CHARACTER SET latin1 COLLATE latin1_swedish_ci DEFAULT NULL,
  `val_status` varchar(60) CHARACTER SET latin1 COLLATE latin1_swedish_ci DEFAULT NULL,
  `id_project` int DEFAULT NULL,
  `name_entity` varchar(50) CHARACTER SET latin1 COLLATE latin1_swedish_ci DEFAULT NULL,
  `name_var` varchar(50) CHARACTER SET latin1 COLLATE latin1_swedish_ci DEFAULT NULL,
  `name_model` varchar(50) CHARACTER SET latin1 COLLATE latin1_swedish_ci DEFAULT NULL,
  KEY `name_model` (`name_model`),
  KEY `name_entity` (`name_entity`),
  KEY `id_entity` (`id_entity`),
  KEY `id_var` (`id_var`)
) ENGINE=InnoDB DEFAULT CHARSET=latin1 COLLATE=latin1_general_ci ROW_FORMAT=DYNAMIC;
/*!40101 SET character_set_client = @saved_cs_client */;

--
-- Dumping data for table `status_saved`
--

LOCK TABLES `status_saved` WRITE;
/*!40000 ALTER TABLE `status_saved` DISABLE KEYS */;
INSERT INTO `status_saved` VALUES (26,4,'NUMERIC_ARRAY','0, 0, 0, 0, 1, 0, 0, 0, 0, 0, 0, 0, 0, 0, 0, 0, 0, 0, 0, 0',6,'Alcatel_1','Connection',''),(26,2,'NUMERIC_ARRAY','0, 0, 0, 0, 1, 0, 0, 0, 0, 0, 0, 0, 0, 0, 0, 0, 0, 0, 0, 0',6,'Alcatel_1','TLC_services',''),(26,3,'STRING','5G Core',6,'Alcatel_1','TLC_service_names',''),(56,23,'NUMERIC_ARRAY','0,0,0,0,1,0,1,0,0,0,0,0,0,0,0,0,0,0,0,0',6,'ANTENNA_1','Consumed_Services',''),(7,3,'STRING','CU-DU',6,'ASR920_1','TLC_service_names',''),(7,4,'NUMERIC_ARRAY','0, 0, 0, 0, 0, 0, 1, 0, 0, 0, 0, 0, 0, 0, 0, 0, 0, 0, 0, 0',6,'ASR920_1','Connection',''),(7,5,'NUMERIC','1',6,'ASR920_1','Dos_attack',''),(7,2,'NUMERIC_ARRAY','0, 0, 0, 0, 0, 0, 1, 0, 0, 0, 0, 0, 0, 0, 0, 0, 0, 0, 0, 0',6,'ASR920_1','TLC_services',''),(34,3,'STRING','Application Security',6,'BIGP_1','TLC_service_names',''),(34,4,'NUMERIC_ARRAY','0, 0, 0, 0, 0, 0, 0, 0, 0, 0, 0, 1, 0, 0, 0, 0, 0, 0, 0, 0',6,'BIGP_1','Connection',''),(34,2,'NUMERIC_ARRAY','0, 0, 0, 0, 0, 0, 0, 0, 0, 0, 0, 1, 0, 0, 0, 0, 0, 0, 0, 0',6,'BIGP_1','TLC_services',''),(35,3,'STRING','Application Security',6,'BIGP_2','TLC_service_names',''),(32,4,'NUMERIC_ARRAY','0, 0, 0, 0, 0, 0, 0, 0, 0, 0, 0, 0, 1, 0, 0, 0, 0, 0, 0, 0',6,'FG1500_1','Connection',''),(32,3,'STRING','Firewall, Antivirus, IDS Security',6,'FG1500_1','TLC_service_names',''),(32,2,'NUMERIC_ARRAY','0, 0, 0, 0, 0, 0, 0, 0, 0, 0, 0, 0, 1, 0, 0, 0, 0, 0, 0, 0',6,'FG1500_1','TLC_services',''),(25,23,'NUMERIC_ARRAY','0,0,0,0,1,0,1,0,0,0,0,0,0,0,0,0,0,0,0,0',6,'OLT_1','Consumed_Services',''),(31,15,'NUMERIC','1',6,'Wire_10b','Mechanical_Fault',''),(198,2,'NUMERIC_ARRAY','0,0,0,0,1,0,0,0,0,0,0,0,0,0,0,0,0,0,0,0',6,'5G_Core_1','TLC_services','OTE_TestBed_D4_4'),(198,4,'NUMERIC_ARRAY','0,0,0,0,1,0,0,0,0,0,0,0,0,0,0,0,0,0,0,0',6,'5G_Core_1','Connection','OTE_TestBed_D4_4'),(198,3,'STRING','5G_core',6,'5G_Core_1','TLC_service_names','OTE_TestBed_D4_4'),(160,4,'NUMERIC_ARRAY','0,0,0,0,0,0,1,0,0,0,0,0,0,0,0,0,0,0,0,0',6,'5G_CU_DU_Server_1','Connection','OTE_TestBed_D4_4'),(160,2,'NUMERIC_ARRAY','0,0,0,0,0,0,1,0,0,0,0,0,0,0,0,0,0,0,0,0',6,'5G_CU_DU_Server_1','TLC_services','OTE_TestBed_D4_4'),(160,3,'STRING','CU-DU',6,'5G_CU_DU_Server_1','TLC_service_names','OTE_TestBed_D4_4'),(158,2,'NUMERIC_ARRAY','0,0,1,1,0,0,0,0,0,0,0,0,0,0,0,0,0,0,0,0',6,'Physical_Access_Server_1','TLC_services','OTE_TestBed_D4_4'),(158,3,'STRING','door_access, perimeter_security',6,'Physical_Access_Server_1','TLC_service_names','OTE_TestBed_D4_4'),(158,4,'NUMERIC_ARRAY','0,0,1,1,0,0,0,0,0,0,0,0,0,0,0,0,0,0,0,0',6,'Physical_Access_Server_1','Connection','OTE_TestBed_D4_4'),(159,2,'NUMERIC_ARRAY','0,1,0,0,0,0,0,0,0,0,0,0,0,0,0,0,0,0,0,0',6,'Security_Cameras_Server_1','TLC_services','OTE_TestBed_D4_4'),(159,3,'STRING','security camera',6,'Security_Cameras_Server_1','TLC_service_names','OTE_TestBed_D4_4'),(159,4,'NUMERIC_ARRAY','0,1,0,0,0,0,0,0,0,0,0,0,0,0,0,0,0,0,0,0',6,'Security_Cameras_Server_1','Connection','OTE_TestBed_D4_4'),(26,2,'NUMERIC_ARRAY','0, 0, 0, 0, 1, 0, 0, 0, 0, 0, 0, 0, 0, 0, 0, 0, 0, 0, 0, 0',6,'Alcatel_1','TLC_services','ORO_TestBed4'),(26,3,'STRING','5G Core',6,'Alcatel_1','TLC_service_names','ORO_TestBed4'),(26,4,'NUMERIC_ARRAY','0, 0, 0, 0, 1, 0, 0, 0, 0, 0, 0, 0, 0, 0, 0, 0, 0, 0, 0, 0',6,'Alcatel_1','Connection','ORO_TestBed4'),(7,3,'STRING','CU-DU',6,'ASR920_1','TLC_service_names','ORO_TestBed4'),(7,4,'NUMERIC_ARRAY','0, 0, 0, 0, 0, 0, 1, 0, 0, 0, 0, 0, 0, 0, 0, 0, 0, 0, 0, 0',6,'ASR920_1','Connection','ORO_TestBed4'),(7,2,'NUMERIC_ARRAY','0, 0, 0, 0, 0, 0, 1, 0, 0, 0, 0, 0, 0, 0, 0, 0, 0, 0, 0, 0',6,'ASR920_1','TLC_services','ORO_TestBed4'),(34,3,'STRING','Application Security',6,'BIGP_1','TLC_service_names','ORO_TestBed4'),(34,4,'NUMERIC_ARRAY','0, 0, 0, 0, 0, 0, 0, 0, 0, 0, 0, 1, 0, 0, 0, 0, 0, 0, 0, 0',6,'BIGP_1','Connection','ORO_TestBed4'),(34,2,'NUMERIC_ARRAY','0, 0, 0, 0, 0, 0, 0, 0, 0, 0, 0, 1, 0, 0, 0, 0, 0, 0, 0, 0',6,'BIGP_1','TLC_services','ORO_TestBed4'),(35,3,'STRING','Application Security',6,'BIGP_2','TLC_service_names','ORO_TestBed4'),(32,4,'NUMERIC_ARRAY','0, 0, 0, 0, 0, 0, 0, 0, 0, 0, 0, 0, 1, 0, 0, 0, 0, 0, 0, 0',6,'FG1500_1','Connection','ORO_TestBed4'),(32,3,'STRING','Firewall, Antivirus, IDS Security',6,'FG1500_1','TLC_service_names','ORO_TestBed4'),(32,2,'NUMERIC_ARRAY','0, 0, 0, 0, 0, 0, 0, 0, 0, 0, 0, 0, 1, 0, 0, 0, 0, 0, 0, 0',6,'FG1500_1','TLC_services','ORO_TestBed4'),(25,23,'NUMERIC_ARRAY','0,0,0,0,1,0,1,0,0,0,0,0,0,0,0,0,0,0,0,0',6,'OLT_1','Consumed_Services','ORO_TestBed4'),(254,23,'NUMERIC_ARRAY','0, 0, 0, 0, 0, 0, 0, 0, 0, 0, 0, 0, 0, 1, 0, 0, 0, 0, 0, 0',6,'4G_Core','Consumed_Services','Testbed_Tesi_Elena'),(254,2,'NUMERIC_ARRAY','0, 0, 0, 0, 0, 0, 0, 0, 0, 0, 0, 0, 0, 0, 0, 1, 0, 0, 0, 0',6,'4G_Core','TLC_services','Testbed_Tesi_Elena'),(254,3,'STRING','4G_CORE',6,'4G_Core','TLC_service_names','Testbed_Tesi_Elena'),(254,4,'NUMERIC_ARRAY','0, 0, 0, 0, 0, 0, 0, 0, 0, 0, 0, 0, 0, 0, 0, 1, 0, 0, 0, 0',6,'4G_Core','Connection','Testbed_Tesi_Elena'),(198,3,'STRING','5G_Core',6,'5G_Core_1','TLC_service_names','Testbed_Tesi_Elena'),(198,2,'NUMERIC_ARRAY','0, 0, 0, 0, 1, 0, 0, 0, 0, 0, 0, 0, 0, 0, 0, 0, 0, 0, 0, 0',6,'5G_Core_1','TLC_services','Testbed_Tesi_Elena'),(198,23,'NUMERIC_ARRAY','0, 0, 0, 0, 0, 0, 0, 0, 0, 0, 0, 0, 0, 1, 0, 0, 0, 0, 0, 0',6,'5G_Core_1','Consumed_Services','Testbed_Tesi_Elena'),(198,5,'NUMERIC','1',6,'5G_Core_1','Dos_attack','Testbed_Tesi_Elena'),(198,4,'NUMERIC_ARRAY','0, 0, 0, 0, 1, 0, 0, 0, 0, 0, 0, 0, 0, 0, 0, 0, 0, 0, 0, 0',6,'5G_Core_1','Connection','Testbed_Tesi_Elena'),(193,2,'NUMERIC_ARRAY','0, 0, 0, 0, 0, 0, 0, 0, 0, 0, 0, 0, 0, 0, 0, 0, 0, 1, 0, 0',6,'5G_PGW_SGW_1','TLC_services','Testbed_Tesi_Elena'),(193,3,'STRING','5G_PGW_SGW',6,'5G_PGW_SGW_1','TLC_service_names','Testbed_Tesi_Elena'),(193,4,'NUMERIC_ARRAY','0, 0, 0, 0, 0, 0, 0, 0, 0, 0, 0, 0, 0, 0, 0, 0, 0, 1, 0, 0',6,'5G_PGW_SGW_1','Connection','Testbed_Tesi_Elena'),(193,23,'NUMERIC_ARRAY','0, 0, 0, 0, 1, 0, 0, 0, 0, 0, 0, 0, 0, 0, 0, 0, 1, 0, 0, 0',6,'5G_PGW_SGW_1','Consumed_Services','Testbed_Tesi_Elena'),(192,4,'NUMERIC_ARRAY','0, 0, 0, 0, 0, 0, 1, 0, 0, 0, 0, 0, 0, 0, 0, 0, 0, 0, 0, 0',6,'5G_Pico_1','Connection','Testbed_Tesi_Elena'),(192,23,'NUMERIC_ARRAY','0, 0, 0, 0, 0, 0, 0, 0, 0, 0, 0, 0, 0, 0, 0, 0, 1, 1, 0, 0',6,'5G_Pico_1','Consumed_Services','Testbed_Tesi_Elena'),(192,2,'NUMERIC_ARRAY','0, 0, 0, 0, 0, 0, 1, 0, 0, 0, 0, 0, 0, 0, 0, 0, 0, 0, 0, 0',6,'5G_Pico_1','TLC_services','Testbed_Tesi_Elena'),(191,23,'NUMERIC_ARRAY','0, 0, 0, 0, 0, 0, 1, 0, 0, 0, 0, 0, 0, 0, 0, 0, 0, 0, 0, 0',6,'Antenna_RU_1','Consumed_Services','Testbed_Tesi_Elena'),(204,23,'NUMERIC_ARRAY','0, 0, 0, 0, 0, 0, 1, 0, 0, 0, 0, 0, 0, 0, 0, 0, 0, 0, 0, 0',6,'Antenna_RU_2','Consumed_Services','Testbed_Tesi_Elena'),(248,23,'NUMERIC_ARRAY','0, 0, 0, 0, 1, 0, 0, 0, 0, 0, 0, 0, 0, 0, 0, 0, 0, 0, 0, 0',6,'ANT_1','Consumed_Services','Testbed_Tesi_Elena'),(34,4,'NUMERIC_ARRAY','0, 0, 0, 0, 0, 0, 0, 0, 0, 0, 0, 1, 0, 0, 0, 0, 0, 0, 0, 0',6,'BIGP_1','Connection','Testbed_Tesi_Elena'),(34,2,'NUMERIC_ARRAY','0, 0, 0, 0, 0, 0, 0, 0, 0, 0, 0, 1, 0, 0, 0, 0, 0, 0, 0, 0',6,'BIGP_1','TLC_services','Testbed_Tesi_Elena'),(34,3,'STRING','Application Security',6,'BIGP_1','TLC_service_names','Testbed_Tesi_Elena'),(256,4,'NUMERIC_ARRAY','0, 0, 0, 0, 0, 0, 0, 0, 1, 0, 0, 0, 0, 0, 0, 0, 0, 0, 0, 0',6,'BlockChainServer','Connection','Testbed_Tesi_Elena'),(256,2,'NUMERIC_ARRAY','0, 0, 0, 0, 0, 0, 0, 0, 1, 0, 0, 0, 0, 0, 0, 0, 0, 0, 0, 0',6,'BlockChainServer','TLC_services','Testbed_Tesi_Elena'),(239,2,'NUMERIC_ARRAY','0, 0, 0, 0, 0, 0, 0, 0, 0, 0, 0, 0, 0, 0, 1, 0, 0, 0, 0, 0',6,'Cloud_Milano','TLC_services','Testbed_Tesi_Elena'),(239,4,'NUMERIC_ARRAY','0, 0, 0, 0, 0, 0, 0, 0, 0, 0, 0, 0, 0, 0, 1, 0, 0, 0, 0, 0',6,'Cloud_Milano','Connection','Testbed_Tesi_Elena'),(238,5,'NUMERIC','0.5',6,'Cloud_Roma','Dos_attack','Testbed_Tesi_Elena'),(238,2,'NUMERIC_ARRAY',' 0, 0, 0, 0, 0, 0, 0, 0, 0, 0, 0, 0, 0, 1, 0, 0, 0, 0, 0, 0',6,'Cloud_Roma','TLC_services','Testbed_Tesi_Elena'),(238,4,'NUMERIC_ARRAY','0, 0, 0, 0, 0, 0, 0, 0, 0, 0, 0, 0, 0, 1, 0, 0, 0, 0, 0, 0',6,'Cloud_Roma','Connection','Testbed_Tesi_Elena'),(32,2,'NUMERIC_ARRAY','0, 0, 0, 0, 0, 0, 0, 0, 0, 0, 0, 0, 1, 0, 0, 0, 0, 0, 0, 0',6,'FG1500_1','TLC_services','Testbed_Tesi_Elena'),(32,4,'NUMERIC_ARRAY','0, 0, 0, 0, 0, 0, 0, 0, 0, 0, 0, 0, 1, 0, 0, 0, 0, 0, 0, 0',6,'FG1500_1','Connection','Testbed_Tesi_Elena'),(32,3,'STRING','Firewall, Antivirus, IDS Security',6,'FG1500_1','TLC_service_names','Testbed_Tesi_Elena'),(226,23,'NUMERIC_ARRAY','0, 0, 0, 0, 0, 0, 0, 0, 0, 0, 0, 1, 1, 0, 0, 0, 0, 0, 0, 0',6,'L2S_1','Consumed_Services','Testbed_Tesi_Elena'),(261,4,'NUMERIC_ARRAY','0, 0, 0, 0, 0.5, 0, 0, 0, 0, 0, 0, 0, 0, 0, 0, 0, 1, 0, 0, 0',6,'LocalCloud','Connection','Testbed_Tesi_Elena'),(261,2,'NUMERIC_ARRAY','0, 0, 0, 0, 0.5, 0, 0, 0, 0, 0, 0, 0, 0, 0, 0, 0, 1, 0, 0, 0',6,'LocalCloud','TLC_services','Testbed_Tesi_Elena'),(171,23,'NUMERIC_ARRAY','0, 0, 0, 0, 1, 0, 0, 0, 1, 0, 0, 0, 0, 0, 0, 0, 0, 0, 0, 0',6,'Medical_1','Consumed_Services','Testbed_Tesi_Elena'),(172,23,'NUMERIC_ARRAY','0, 0, 0, 0, 1, 0, 0, 0, 1, 0, 0, 0, 0, 0, 0, 0, 0, 0, 0, 0',6,'Medical_2','Consumed_Services','Testbed_Tesi_Elena'),(173,23,'NUMERIC_ARRAY','0, 0, 0, 0, 1, 0, 0, 0, 1, 0, 0, 0, 0, 0, 0, 0, 0, 0, 0, 0',6,'Medical_3','Consumed_Services','Testbed_Tesi_Elena'),(174,23,'NUMERIC_ARRAY','0, 0, 0, 0, 1, 0, 0, 0, 1, 0, 0, 0, 0, 0, 0, 0, 0, 0, 0, 0',6,'Medical_4','Consumed_Services','Testbed_Tesi_Elena'),(175,23,'NUMERIC_ARRAY','0, 0, 0, 0, 1, 0, 0, 0, 1, 0, 0, 0, 0, 0, 0, 0, 0, 0, 0, 0',6,'Medical_5','Consumed_Services','Testbed_Tesi_Elena'),(176,23,'NUMERIC_ARRAY','0, 0, 0, 0, 1, 0, 0, 0, 1, 0, 0, 0, 0, 0, 0, 0, 0, 0, 0, 0',6,'Medical_6','Consumed_Services','Testbed_Tesi_Elena'),(147,23,'NUMERIC_ARRAY','0, 0, 0, 0, 1, 0, 0, 0, 0, 0, 0, 0, 0, 0, 0, 0, 0, 0, 0, 0',6,'Mobile_1','Consumed_Services','Testbed_Tesi_Elena'),(177,23,'NUMERIC_ARRAY','0, 0, 0, 0, 1, 0, 0, 0, 1, 0, 0, 0, 0, 0, 0, 0, 0, 0, 0, 0',6,'Operating_1','Consumed_Services','Testbed_Tesi_Elena'),(178,23,'NUMERIC_ARRAY','0, 0, 0, 0, 1, 0, 0, 0, 1, 0, 0, 0, 0, 0, 0, 0, 0, 0, 0, 0',6,'Operating_2','Consumed_Services','Testbed_Tesi_Elena'),(203,23,'NUMERIC_ARRAY','0, 0, 0, 0, 1, 0, 0, 0, 1, 0, 0, 0, 0, 0, 0, 0, 0, 0, 0, 0',6,'Robot_1','Consumed_Services','Testbed_Tesi_Elena'),(205,23,'NUMERIC_ARRAY','0, 0, 0, 0, 1, 0, 0, 0, 1, 0, 0, 0, 0, 0, 0, 0, 0, 0, 0, 0',6,'Robot_2','Consumed_Services','Testbed_Tesi_Elena'),(26,2,'NUMERIC_ARRAY','0, 0, 0, 0, 1, 0, 0, 0, 0, 0, 0, 0, 0, 0, 0, 0, 0, 0, 0, 0',6,'Alcatel_1','TLC_services','ORO_TestBed_D4_4'),(26,3,'STRING','5G Core',6,'Alcatel_1','TLC_service_names','ORO_TestBed_D4_4'),(26,4,'NUMERIC_ARRAY','0, 0, 0, 0, 1, 0, 0, 0, 0, 0, 0, 0, 0, 0, 0, 0, 0, 0, 0, 0',6,'Alcatel_1','Connection','ORO_TestBed_D4_4'),(56,23,'NUMERIC_ARRAY','0,0,0,0,1,0,1,0,0,0,0,0,0,0,0,0,0,0,0,0',6,'ANTENNA_1','Consumed_Services','ORO_TestBed_D4_4'),(60,23,'NUMERIC_ARRAY','0,0,0,0,1,0,1,0,0,0,0,0,0,0,0,0,0,0,0,0',6,'ANTENNA_2','Consumed_Services','ORO_TestBed_D4_4'),(7,4,'NUMERIC_ARRAY','0, 0, 0, 0, 0, 0, 1, 0, 0, 0, 0, 0, 0, 0, 0, 0, 0, 0, 0, 0',6,'ASR920_1','Connection','ORO_TestBed_D4_4'),(7,5,'NUMERIC','1',6,'ASR920_1','Dos_attack','ORO_TestBed_D4_4'),(7,2,'NUMERIC_ARRAY','0, 0, 0, 0, 0, 0, 1, 0, 0, 0, 0, 0, 0, 0, 0, 0, 0, 0, 0, 0',6,'ASR920_1','TLC_services','ORO_TestBed_D4_4'),(7,3,'STRING','CU-DU',6,'ASR920_1','TLC_service_names','ORO_TestBed_D4_4'),(34,2,'NUMERIC_ARRAY','0, 0, 0, 0, 0, 0, 0, 0, 0, 0, 0, 1, 0, 0, 0, 0, 0, 0, 0, 0',6,'BIGP_1','TLC_services','ORO_TestBed_D4_4'),(34,3,'STRING','Application Security',6,'BIGP_1','TLC_service_names','ORO_TestBed_D4_4'),(34,4,'NUMERIC_ARRAY','0, 0, 0, 0, 0, 0, 0, 0, 0, 0, 0, 1, 0, 0, 0, 0, 0, 0, 0, 0',6,'BIGP_1','Connection','ORO_TestBed_D4_4'),(35,3,'STRING','Application Security',6,'BIGP_2','TLC_service_names','ORO_TestBed_D4_4'),(32,4,'NUMERIC_ARRAY','0, 0, 0, 0, 0, 0, 0, 0, 0, 0, 0, 0, 1, 0, 0, 0, 0, 0, 0, 0',6,'FG1500_1','Connection','ORO_TestBed_D4_4'),(32,2,'NUMERIC_ARRAY','0, 0, 0, 0, 0, 0, 0, 0, 0, 0, 0, 0, 1, 0, 0, 0, 0, 0, 0, 0',6,'FG1500_1','TLC_services','ORO_TestBed_D4_4'),(32,3,'STRING','Firewall, Antivirus, IDS Security',6,'FG1500_1','TLC_service_names','ORO_TestBed_D4_4'),(145,23,'NUMERIC_ARRAY','0,0,0,0,0,0,0,0,0,0,0,1,1,0,0,0,0,0,0,0',6,'House_1','Consumed_Services','ORO_TestBed_D4_4'),(25,23,'NUMERIC_ARRAY','0,0,0,0,1,0,1,0,0,0,0,0,0,0,0,0,0,0,0,0',6,'OLT_1','Consumed_Services','ORO_TestBed_D4_4'),(31,15,'NUMERIC','1',6,'Wire_10b','Mechanical_Fault','ORO_TestBed_D4_4'),(26,2,'NUMERIC_ARRAY','0, 0, 0, 0, 1, 0, 0, 0, 0, 0, 0, 0, 0, 0, 0, 0, 0, 0, 0, 0',6,'Alcatel_1','TLC_services','TestFR_1'),(26,3,'STRING','5G Core',6,'Alcatel_1','TLC_service_names','TestFR_1'),(26,4,'NUMERIC_ARRAY','0, 0, 0, 0, 1, 0, 0, 0, 0, 0, 0, 0, 0, 0, 0, 0, 0, 0, 0, 0',6,'Alcatel_1','Connection','TestFR_1'),(56,23,'NUMERIC_ARRAY','0,0,0,0,1,0,1,0,0,0,0,0,0,0,0,0,0,0,0,0',6,'ANTENNA_1','Consumed_Services','TestFR_1'),(60,23,'NUMERIC_ARRAY','0,0,0,0,1,0,1,0,0,0,0,0,0,0,0,0,0,0,0,0',6,'ANTENNA_2','Consumed_Services','TestFR_1'),(7,4,'NUMERIC_ARRAY','0, 0, 0, 0, 0, 0, 1, 0, 0, 0, 0, 0, 0, 0, 0, 0, 0, 0, 0, 0',6,'ASR920_1','Connection','TestFR_1'),(7,5,'NUMERIC','1',6,'ASR920_1','Dos_attack','TestFR_1'),(7,2,'NUMERIC_ARRAY','0, 0, 0, 0, 0, 0, 1, 0, 0, 0, 0, 0, 0, 0, 0, 0, 0, 0, 0, 0',6,'ASR920_1','TLC_services','TestFR_1'),(7,3,'STRING','CU-DU',6,'ASR920_1','TLC_service_names','TestFR_1'),(34,2,'NUMERIC_ARRAY','0, 0, 0, 0, 0, 0, 0, 0, 0, 0, 0, 1, 0, 0, 0, 0, 0, 0, 0, 0',6,'BIGP_1','TLC_services','TestFR_1'),(34,3,'STRING','Application Security',6,'BIGP_1','TLC_service_names','TestFR_1'),(34,4,'NUMERIC_ARRAY','0, 0, 0, 0, 0, 0, 0, 0, 0, 0, 0, 1, 0, 0, 0, 0, 0, 0, 0, 0',6,'BIGP_1','Connection','TestFR_1'),(35,3,'STRING','Application Security',6,'BIGP_2','TLC_service_names','TestFR_1'),(32,4,'NUMERIC_ARRAY','0, 0, 0, 0, 0, 0, 0, 0, 0, 0, 0, 0, 1, 0, 0, 0, 0, 0, 0, 0',6,'FG1500_1','Connection','TestFR_1'),(32,2,'NUMERIC_ARRAY','0, 0, 0, 0, 0, 0, 0, 0, 0, 0, 0, 0, 1, 0, 0, 0, 0, 0, 0, 0',6,'FG1500_1','TLC_services','TestFR_1'),(32,27,'NUMERIC','1',6,'FG1500_1','BotNet_Attack','TestFR_1'),(32,3,'STRING','Firewall, Antivirus, IDS Security',6,'FG1500_1','TLC_service_names','TestFR_1'),(145,23,'NUMERIC_ARRAY','0,0,0,0,0,0,0,0,0,0,0,1,1,0,0,0,0,0,0,0',6,'House_1','Consumed_Services','TestFR_1'),(147,23,'NUMERIC_ARRAY','0,0,0,0,1,0,1,0,0,0,0,0,0,0,0,0,0,0,0,0',6,'Mobile_1','Consumed_Services','TestFR_1'),(148,23,'NUMERIC_ARRAY','0,0,0,0,1,0,1,0,0,0,0,0,0,0,0,0,0,0,0,0',6,'Mobile_2','Consumed_Services','TestFR_1'),(25,23,'NUMERIC_ARRAY','0,0,0,0,1,0,1,0,0,0,0,0,0,0,0,0,0,0,0,0',6,'OLT_1','Consumed_Services','TestFR_1'),(31,15,'NUMERIC','1',6,'Wire_10b','Mechanical_Fault','TestFR_1'),(198,2,'NUMERIC_ARRAY','0,0,0,0,0,0,1,1,0,0,0,0,0,0,0,0,0,0,0,0',6,'5G_Core_1','TLC_services','ALB_TestBed_D4_4_OLT_1'),(198,4,'NUMERIC_ARRAY','0,0,0,0,0,0,1,1,0,0,0,0,0,0,0,0,0,0,0,0',6,'5G_Core_1','Connection','ALB_TestBed_D4_4_OLT_1'),(198,3,'STRING','5G_CU_DU_SLICE',6,'5G_Core_1','TLC_service_names','ALB_TestBed_D4_4_OLT_1'),(56,23,'NUMERIC_ARRAY','0,0,0,0,0,0,1,0,0,0,0,0,0,0,0,0,0,0,0,0',6,'ANTENNA_1','Consumed_Services','ALB_TestBed_D4_4_OLT_1'),(60,23,'NUMERIC_ARRAY','0,0,0,0,0,0,1,1,0,0,0,0,0,0,0,0,0,0,0,0',6,'ANTENNA_2','Consumed_Services','ALB_TestBed_D4_4_OLT_1'),(61,23,'NUMERIC_ARRAY','0,0,0,0,0,0,1,1,0,0,0,0,0,0,0,0,0,0,0,0',6,'Aveiro_Sea_Port','Consumed_Services','ALB_TestBed_D4_4_OLT_1'),(35,3,'STRING','Application Security',6,'BIGP_2','TLC_service_names','ALB_TestBed_D4_4_OLT_1'),(145,23,'NUMERIC_ARRAY','0,0,0,0,0,0,0,0,0,0,0,1,1,0,0,0,0,0,0,0',6,'House_1','Consumed_Services','ALB_TestBed_D4_4_OLT_1'),(147,23,'NUMERIC_ARRAY','0,0,0,0,0,0,1,1,0,0,0,0,0,0,0,0,0,0,0,0',6,'Mobile_1','Consumed_Services','ALB_TestBed_D4_4_OLT_1'),(25,5,'NUMERIC','0.3',6,'OLT_1','Dos_attack','ALB_TestBed_D4_4_OLT_1'),(25,23,'NUMERIC_ARRAY','0,0,0,0,0,0,1,1,0,0,0,0,0,0,0,0,0,0,0,0',6,'OLT_1','Consumed_Services','ALB_TestBed_D4_4_OLT_1'),(57,23,'NUMERIC_ARRAY','0,0,0,0,0,0,1,0,0,0,0,0,0,0,0,0,0,0,0,0',6,'OLT_2','Consumed_Services','ALB_TestBed_D4_4_OLT_1'),(198,2,'NUMERIC_ARRAY','0,0,0,0,0,0,1,1,0,0,0,0,0,0,0,0,0,0,0,0',6,'5G_Core_1','TLC_services','ALB_TestBed_D4_4_clean'),(198,4,'NUMERIC_ARRAY','0,0,0,0,0,0,1,1,0,0,0,0,0,0,0,0,0,0,0,0',6,'5G_Core_1','Connection','ALB_TestBed_D4_4_clean'),(198,3,'STRING','5G_CU_DU_SLICE',6,'5G_Core_1','TLC_service_names','ALB_TestBed_D4_4_clean'),(56,23,'NUMERIC_ARRAY','0,0,0,0,0,0,1,0,0,0,0,0,0,0,0,0,0,0,0,0',6,'ANTENNA_1','Consumed_Services','ALB_TestBed_D4_4_clean'),(60,23,'NUMERIC_ARRAY','0,0,0,0,0,0,1,1,0,0,0,0,0,0,0,0,0,0,0,0',6,'ANTENNA_2','Consumed_Services','ALB_TestBed_D4_4_clean'),(61,23,'NUMERIC_ARRAY','0,0,0,0,0,0,1,1,0,0,0,0,0,0,0,0,0,0,0,0',6,'Aveiro_Sea_Port','Consumed_Services','ALB_TestBed_D4_4_clean'),(35,3,'STRING','Application Security',6,'BIGP_2','TLC_service_names','ALB_TestBed_D4_4_clean'),(147,23,'NUMERIC_ARRAY','0,0,0,0,0,0,1,1,0,0,0,0,0,0,0,0,0,0,0,0',6,'Mobile_1','Consumed_Services','ALB_TestBed_D4_4_clean'),(25,23,'NUMERIC_ARRAY','0,0,0,0,0,0,1,1,0,0,0,0,0,0,0,0,0,0,0,0',6,'OLT_1','Consumed_Services','ALB_TestBed_D4_4_clean'),(57,23,'NUMERIC_ARRAY','0,0,0,0,0,0,1,0,0,0,0,0,0,0,0,0,0,0,0,0',6,'OLT_2','Consumed_Services','ALB_TestBed_D4_4_clean'),(299,47,'NUMERIC','4',6,'PAR_1','Route','ALB_TestBed_D4_4_clean'),(26,2,'NUMERIC_ARRAY','0, 0, 0, 0, 1, 0, 0, 0, 0, 0, 0, 0, 0, 0, 0, 0, 0, 0, 0, 0',6,'Alcatel_1','TLC_services','ORO_TestBed_D4_4_clean'),(26,3,'STRING','5G Core',6,'Alcatel_1','TLC_service_names','ORO_TestBed_D4_4_clean'),(26,4,'NUMERIC_ARRAY','0, 0, 0, 0, 1, 0, 0, 0, 0, 0, 0, 0, 0, 0, 0, 0, 0, 0, 0, 0',6,'Alcatel_1','Connection','ORO_TestBed_D4_4_clean'),(56,23,'NUMERIC_ARRAY','0,0,0,0,1,0,1,0,0,0,0,0,0,0,0,0,0,0,0,0',6,'ANTENNA_1','Consumed_Services','ORO_TestBed_D4_4_clean'),(60,23,'NUMERIC_ARRAY','0,0,0,0,1,0,1,0,0,0,0,0,0,0,0,0,0,0,0,0',6,'ANTENNA_2','Consumed_Services','ORO_TestBed_D4_4_clean'),(7,4,'NUMERIC_ARRAY','0, 0, 0, 0, 0, 0, 1, 0, 0, 0, 0, 0, 0, 0, 0, 0, 0, 0, 0, 0',6,'ASR920_1','Connection','ORO_TestBed_D4_4_clean'),(7,2,'NUMERIC_ARRAY','0, 0, 0, 0, 0, 0, 1, 0, 0, 0, 0, 0, 0, 0, 0, 0, 0, 0, 0, 0',6,'ASR920_1','TLC_services','ORO_TestBed_D4_4_clean'),(7,3,'STRING','CU-DU',6,'ASR920_1','TLC_service_names','ORO_TestBed_D4_4_clean'),(34,2,'NUMERIC_ARRAY','0, 0, 0, 0, 0, 0, 0, 0, 0, 0, 0, 1, 0, 0, 0, 0, 0, 0, 0, 0',6,'BIGP_1','TLC_services','ORO_TestBed_D4_4_clean'),(34,3,'STRING','Application Security',6,'BIGP_1','TLC_service_names','ORO_TestBed_D4_4_clean'),(34,4,'NUMERIC_ARRAY','0, 0, 0, 0, 0, 0, 0, 0, 0, 0, 0, 1, 0, 0, 0, 0, 0, 0, 0, 0',6,'BIGP_1','Connection','ORO_TestBed_D4_4_clean'),(35,3,'STRING','Application Security',6,'BIGP_2','TLC_service_names','ORO_TestBed_D4_4_clean'),(32,4,'NUMERIC_ARRAY','0, 0, 0, 0, 0, 0, 0, 0, 0, 0, 0, 0, 1, 0, 0, 0, 0, 0, 0, 0',6,'FG1500_1','Connection','ORO_TestBed_D4_4_clean'),(32,2,'NUMERIC_ARRAY','0, 0, 0, 0, 0, 0, 0, 0, 0, 0, 0, 0, 1, 0, 0, 0, 0, 0, 0, 0',6,'FG1500_1','TLC_services','ORO_TestBed_D4_4_clean'),(32,3,'STRING','Firewall, Antivirus, IDS Security',6,'FG1500_1','TLC_service_names','ORO_TestBed_D4_4_clean'),(145,23,'NUMERIC_ARRAY','0,0,0,0,0,0,0,0,0,0,0,1,1,0,0,0,0,0,0,0',6,'House_1','Consumed_Services','ORO_TestBed_D4_4_clean'),(25,23,'NUMERIC_ARRAY','0,0,0,0,1,0,1,0,0,0,0,0,0,0,0,0,0,0,0,0',6,'OLT_1','Consumed_Services','ORO_TestBed_D4_4_clean'),(254,2,'NUMERIC_ARRAY','0,0,0,0,0,0,0,0,0,0,0,0,0,0,0,1,0,0,0,0',6,'4G_Core','TLC_services','RTV_Testbed7_D4_4_clean'),(254,4,'NUMERIC_ARRAY','0,0,0,0,0,0,0,0,0,0,0,0,0,0,0,1,0,0,0,0',6,'4G_Core','Connection','RTV_Testbed7_D4_4_clean'),(317,51,'NUMERIC','1,0,0,0,0,0,0,0,0,0',6,'Factory_1','Consumed_Power','RTV_Testbed7_D4_4_clean'),(261,2,'NUMERIC_ARRAY','0,0,0,0,0,0,0,0,0,0,0,0,0,0,0,0,0,0,1,0',6,'LocalCloud','TLC_services','RTV_Testbed7_D4_4_clean'),(261,4,'NUMERIC_ARRAY','0,0,0,0,0,0,0,0,0,0,0,0,0,0,0,0,0,0,1,0',6,'LocalCloud','Connection','RTV_Testbed7_D4_4_clean'),(147,23,'NUMERIC_ARRAY','0,0,0,0,0,0,0,0,0,0,0,0,0,0,0,1,0,0,0,0',6,'Mobile_1','Consumed_Services','RTV_Testbed7_D4_4_clean'),(315,50,'NUMERIC_ARRAY','1,0,0,0,0,0,0,0,0,0',6,'Primary_Cabin_1','Power_Gen','RTV_Testbed7_D4_4_clean'),(212,23,'NUMERIC_ARRAY','0,0,0,0,0,0,0,0,0,0,0,0,0,0,0,0,0,0,1,0',6,'VHF_1','Consumed_Services','RTV_Testbed7_D4_4_clean'),(234,44,'NUMERIC_ARRAY','1,0,0,0,0,0,0,0,0,0',6,'Camera_1','Stream_source','BT_TestBed_D4_4_clean'),(235,44,'NUMERIC_ARRAY','1,0,0,0,0,0,0,0,0,0',6,'Camera_2','Stream_source','BT_TestBed_D4_4_clean'),(145,23,'NUMERIC_ARRAY','0,0,0,0,0,0,0,0,0,1,0,0,0,0,0,0,0,0,0,0',6,'House_1','Consumed_Services','BT_TestBed_D4_4_clean'),(300,23,'NUMERIC_ARRAY','0,0,0,0,0,0,0,0,0,1,0,0,0,0,0,0,0,0,0,0',6,'House_2','Consumed_Services','BT_TestBed_D4_4_clean'),(147,23,'NUMERIC_ARRAY','0,0,0,0,0,0,0,0,0,1,1,0,0,0,0,0,0,0,0,0',6,'Mobile_1','Consumed_Services','BT_TestBed_D4_4_clean'),(148,23,'NUMERIC_ARRAY','0,0,0,0,0,0,0,0,0,1,0,0,0,0,0,0,0,0,0,0',6,'Mobile_2','Consumed_Services','BT_TestBed_D4_4_clean'),(318,24,'NUMERIC','0.5',6,'SD1','Service_Fault','BT_TestBed_D4_4_clean'),(72,2,'NUMERIC_ARRAY','0,0,0,0,0,0,0,0,0,1,0,0,0,0,0,0,0,0,0,0',6,'Streamer_1','TLC_services','BT_TestBed_D4_4_clean'),(72,4,'NUMERIC_ARRAY','0,0,0,0,0,0,0,0,0,1,0,0,0,0,0,0,0,0,0,0',6,'Streamer_1','Connection','BT_TestBed_D4_4_clean'),(73,2,'NUMERIC_ARRAY','0,0,0,0,0,0,0,0,0,0,1,0,0,0,0,0,0,0,0,0',6,'Streamer_2','TLC_services','BT_TestBed_D4_4_clean'),(73,4,'NUMERIC_ARRAY','0,0,0,0,0,0,0,0,0,0,1,0,0,0,0,0,0,0,0,0',6,'Streamer_2','Connection','BT_TestBed_D4_4_clean'),(74,2,'NUMERIC_ARRAY','0,0,0,0,0,0,0,0,0,0,0,1,0,0,0,0,0,0,0,0',6,'Streamer_3','TLC_services','BT_TestBed_D4_4_clean'),(74,4,'NUMERIC_ARRAY','0,0,0,0,0,0,0,0,0,0,0,1,0,0,0,0,0,0,0,0',6,'Streamer_3','Connection','BT_TestBed_D4_4_clean'),(75,2,'NUMERIC_ARRAY','0,0,0,0,0,0,0,0,0,0,0,0,1,0,0,0,0,0,0,0',6,'Streamer_4','TLC_services','BT_TestBed_D4_4_clean'),(75,4,'NUMERIC_ARRAY','0,0,0,0,0,0,0,0,0,0,0,0,1,0,0,0,0,0,0,0',6,'Streamer_4','Connection','BT_TestBed_D4_4_clean'),(82,23,'NUMERIC_ARRAY','0,0,0,0,0,0,0,0,0,1,0,0,0,0,0,0,0,0,0,0',6,'TV_1','Consumed_Services','BT_TestBed_D4_4_clean'),(155,23,'NUMERIC_ARRAY','0,0,0,0,0,0,0,0,0,1,0,0,0,0,0,0,0,0,0,0',6,'TV_2','Consumed_Services','BT_TestBed_D4_4_clean'),(254,2,'NUMERIC_ARRAY','0,0,0,0,0,0,0,0,0,0,0,0,0,0,0,1,0,0,0,0',6,'4G_Core','TLC_services','BROADWAY_1_clean'),(254,4,'NUMERIC_ARRAY','0,0,0,0,0,0,0,0,0,0,0,0,0,0,0,1,0,0,0,0',6,'4G_Core','Connection','BROADWAY_1_clean'),(317,51,'NUMERIC_ARRAY','1,0,0,0,0,0,0,0,0,0',6,'Factory_1','Consumed_Power','BROADWAY_1_clean'),(261,2,'NUMERIC_ARRAY','0,0,0,0,0,0,0,0,0,0,0,0,0,0,0,0,0,0,1,0',6,'LocalCloud','TLC_services','BROADWAY_1_clean'),(261,4,'NUMERIC_ARRAY','0,0,0,0,0,0,0,0,0,0,0,0,0,0,0,0,0,0,1,0',6,'LocalCloud','Connection','BROADWAY_1_clean'),(147,23,'NUMERIC_ARRAY','0,0,0,0,0,0,0,0,0,0,0,0,0,0,0,1,0,0,0,0',6,'Mobile_1','Consumed_Services','BROADWAY_1_clean'),(315,50,'NUMERIC_ARRAY','1,0,0,0,0,0,0,0,0,0',6,'Primary_Cabin_1','Power_Gen','BROADWAY_1_clean'),(212,23,'NUMERIC_ARRAY','0,0,0,0,0,0,0,0,0,0,0,0,0,0,0,0,0,0,1,0',6,'VHF_1','Consumed_Services','BROADWAY_1_clean'),(198,2,'NUMERIC_ARRAY','0,0,0,0,1,0,0,0,0,0,0,0,0,0,0,0,0,0,0,0',6,'5G_Core_1','TLC_services','OTE_TestBed_D4_4_clean'),(198,4,'NUMERIC_ARRAY','0,0,0,0,1,0,0,0,0,0,0,0,0,0,0,0,0,0,0,0',6,'5G_Core_1','Connection','OTE_TestBed_D4_4_clean'),(198,3,'STRING','5G_core',6,'5G_Core_1','TLC_service_names','OTE_TestBed_D4_4_clean'),(160,2,'NUMERIC_ARRAY','0,0,0,0,0,0,1,0,0,0,0,0,0,0,0,0,0,0,0,0',6,'5G_CU_DU_Server_1','TLC_services','OTE_TestBed_D4_4_clean'),(160,3,'STRING','CU-DU',6,'5G_CU_DU_Server_1','TLC_service_names','OTE_TestBed_D4_4_clean'),(160,4,'NUMERIC_ARRAY','0,0,0,0,0,0,1,0,0,0,0,0,0,0,0,0,0,0,0,0',6,'5G_CU_DU_Server_1','Connection','OTE_TestBed_D4_4_clean'),(234,44,'NUMERIC_ARRAY','1,0,0,0,0,0,0,0,0,0',6,'Camera_1','Stream_source','OTE_TestBed_D4_4_clean'),(235,44,'NUMERIC_ARRAY','1,0,0,0,0,0,0,0,0,0',6,'Camera_2','Stream_source','OTE_TestBed_D4_4_clean'),(145,23,'NUMERIC_ARRAY','0,0,0,0,0,0,0,0,0,1,0,0,0,0,0,0,0,0,0,0',6,'House_1','Consumed_Services','OTE_TestBed_D4_4_clean'),(300,23,'NUMERIC_ARRAY','0,0,0,0,0,0,0,0,0,1,0,0,0,0,0,0,0,0,0,0',6,'House_2','Consumed_Services','OTE_TestBed_D4_4_clean'),(147,23,'NUMERIC_ARRAY','0,0,0,0,0,0,0,0,0,1,1,0,0,0,0,0,0,0,0,0',6,'Mobile_1','Consumed_Services','OTE_TestBed_D4_4_clean'),(148,23,'NUMERIC_ARRAY','0,0,0,0,0,0,0,0,0,1,0,0,0,0,0,0,0,0,0,0',6,'Mobile_2','Consumed_Services','OTE_TestBed_D4_4_clean'),(158,2,'NUMERIC_ARRAY','0,0,1,1,0,0,0,0,0,0,0,0,0,0,0,0,0,0,0,0',6,'Physical_Access_Server_1','TLC_services','OTE_TestBed_D4_4_clean'),(158,3,'STRING','door_access, perimeter_security',6,'Physical_Access_Server_1','TLC_service_names','OTE_TestBed_D4_4_clean'),(158,4,'NUMERIC_ARRAY','0,0,1,1,0,0,0,0,0,0,0,0,0,0,0,0,0,0,0,0',6,'Physical_Access_Server_1','Connection','OTE_TestBed_D4_4_clean'),(159,2,'NUMERIC_ARRAY','0,1,0,0,0,0,0,0,0,0,0,0,0,0,0,0,0,0,0,0',6,'Security_Cameras_Server_1','TLC_services','OTE_TestBed_D4_4_clean'),(159,3,'STRING','security camera',6,'Security_Cameras_Server_1','TLC_service_names','OTE_TestBed_D4_4_clean'),(159,4,'NUMERIC_ARRAY','0,1,0,0,0,0,0,0,0,0,0,0,0,0,0,0,0,0,0,0',6,'Security_Cameras_Server_1','Connection','OTE_TestBed_D4_4_clean'),(72,2,'NUMERIC_ARRAY','0,0,0,0,0,0,0,0,0,1,0,0,0,0,0,0,0,0,0,0',6,'Streamer_1','TLC_services','OTE_TestBed_D4_4_clean'),(72,4,'NUMERIC_ARRAY','0,0,0,0,0,0,0,0,0,1,0,0,0,0,0,0,0,0,0,0',6,'Streamer_1','Connection','OTE_TestBed_D4_4_clean'),(73,2,'NUMERIC_ARRAY','0,0,0,0,0,0,0,0,0,0,1,0,0,0,0,0,0,0,0,0',6,'Streamer_2','TLC_services','OTE_TestBed_D4_4_clean'),(73,4,'NUMERIC_ARRAY','0,0,0,0,0,0,0,0,0,0,1,0,0,0,0,0,0,0,0,0',6,'Streamer_2','Connection','OTE_TestBed_D4_4_clean'),(74,2,'NUMERIC_ARRAY','0,0,0,0,0,0,0,0,0,0,0,1,0,0,0,0,0,0,0,0',6,'Streamer_3','TLC_services','OTE_TestBed_D4_4_clean'),(74,4,'NUMERIC_ARRAY','0,0,0,0,0,0,0,0,0,0,0,1,0,0,0,0,0,0,0,0',6,'Streamer_3','Connection','OTE_TestBed_D4_4_clean'),(75,2,'NUMERIC_ARRAY','0,0,0,0,0,0,0,0,0,0,0,0,1,0,0,0,0,0,0,0',6,'Streamer_4','TLC_services','OTE_TestBed_D4_4_clean'),(75,4,'NUMERIC_ARRAY','0,0,0,0,0,0,0,0,0,0,0,0,1,0,0,0,0,0,0,0',6,'Streamer_4','Connection','OTE_TestBed_D4_4_clean'),(82,23,'NUMERIC_ARRAY','0,0,0,0,0,0,0,0,0,1,0,0,0,0,0,0,0,0,0,0',6,'TV_1','Consumed_Services','OTE_TestBed_D4_4_clean'),(155,23,'NUMERIC_ARRAY','0,0,0,0,0,0,0,0,0,1,0,0,0,0,0,0,0,0,0,0',6,'TV_2','Consumed_Services','OTE_TestBed_D4_4_clean'),(254,2,'NUMERIC_ARRAY','0,0,0,0,0,0,0,0,0,0,0,0,0,0,0,1,0,0,0,0',6,'4G_Core','TLC_services','Electric_clean'),(254,4,'NUMERIC_ARRAY','0,0,0,0,0,0,0,0,0,0,0,0,0,0,0,1,0,0,0,0',6,'4G_Core','Connection','Electric_clean'),(317,51,'NUMERIC_ARRAY','1,0,0,0,0,0,0,0,0,0',6,'Factory_1','Consumed_Power','Electric_clean'),(261,2,'NUMERIC_ARRAY','0,0,0,0,0,0,0,0,0,0,0,0,0,0,0,0,0,0,1,0',6,'LocalCloud','TLC_services','Electric_clean'),(261,4,'NUMERIC_ARRAY','0,0,0,0,0,0,0,0,0,0,0,0,0,0,0,0,0,0,1,0',6,'LocalCloud','Connection','Electric_clean'),(147,23,'NUMERIC_ARRAY','0,0,0,0,0,0,0,0,0,0,0,0,0,0,0,1,0,0,0,0',6,'Mobile_1','Consumed_Services','Electric_clean'),(315,50,'NUMERIC_ARRAY','1,0,0,0,0,0,0,0,0,0',6,'Primary_Cabin_1','Power_Gen','Electric_clean'),(212,23,'NUMERIC_ARRAY','0,0,0,0,0,0,0,0,0,0,0,0,0,0,0,0,0,0,1,0',6,'VHF_1','Consumed_Services','Electric_clean'),(317,51,'NUMERIC_ARRAY','1,0,0,0,0,0,0,0,0,0',6,'Factory_1','Consumed_Power','Facies1'),(315,50,'NUMERIC_ARRAY','1,0,0,0,0,0,0,0,0,0',6,'Primary_Cabin_1','Power_Gen','Facies1'),(334,53,'NUMERIC','1',6,'TANK_1','Water_Level','Facies1'),(317,51,'NUMERIC_ARRAY','1,0,0,0,0,0,0,0,0,0',6,'Factory_1','Consumed_Power','Facies2'),(349,15,'NUMERIC','0',6,'Pipe_0','Mechanical_Fault','Facies2'),(315,50,'NUMERIC_ARRAY','1,0,0,0,0,0,0,0,0,0',6,'Primary_Cabin_1','Power_Gen','Facies2'),(334,53,'NUMERIC','1',6,'Tank_1','Water_Level','Facies2'),(344,53,'NUMERIC','1',6,'Tank_2','Water_Level','Facies2'),(350,53,'NUMERIC','1',6,'Tank_3','Water_Level','Facies2'),(317,51,'NUMERIC_ARRAY','1,0,0,0,0,0,0,0,0,0',6,'Factory_1','Consumed_Power','Facies3'),(315,50,'NUMERIC_ARRAY','1,0,0,0,0,0,0,0,0,0',6,'Primary_Cabin_1','Power_Gen','Facies3'),(334,53,'NUMERIC','1',6,'Tank_1','Water_Level','Facies3'),(344,53,'NUMERIC','1',6,'Tank_2','Water_Level','Facies3'),(350,53,'NUMERIC','1',6,'Tank_3','Water_Level','Facies3'),(334,53,'NUMERIC','1',6,'Tank_1','Water_Level','Facies'),(344,53,'NUMERIC','1',6,'Tank_2','Water_Level','Facies'),(350,53,'NUMERIC','1',6,'Tank_3','Water_Level','Facies'),(334,53,'NUMERIC','1',6,'Tank_1','Water_Level','Dynamics'),(344,53,'NUMERIC','1',6,'Tank_2','Water_Level','Dynamics'),(350,53,'NUMERIC','1',6,'Tank_3','Water_Level','Dynamics'),(317,51,'NUMERIC_ARRAY','1,0,0,0,0,0,0,0,0,0',6,'Factory_1','Consumed_Power','Electric'),(315,50,'NUMERIC_ARRAY','1,0,0,0,0,0,0,0,0,0',6,'Primary_Cabin_1','Power_Gen','Electric'),(334,53,'NUMERIC','1',6,'Tank_1','Water_Level','Facies2022b'),(344,53,'NUMERIC','1',6,'Tank_2','Water_Level','Facies2022b'),(350,53,'NUMERIC','1',6,'Tank_3','Water_Level','Facies2022b');
/*!40000 ALTER TABLE `status_saved` ENABLE KEYS */;
UNLOCK TABLES;

--
-- Table structure for table `temp`
--

DROP TABLE IF EXISTS `temp`;
/*!40101 SET @saved_cs_client     = @@character_set_client */;
/*!50503 SET character_set_client = utf8mb4 */;
CREATE TABLE `temp` (
  `id` int NOT NULL,
  `id2` varchar(45) DEFAULT NULL,
  PRIMARY KEY (`id`)
) ENGINE=InnoDB DEFAULT CHARSET=utf8mb4 COLLATE=utf8mb4_0900_ai_ci;
/*!40101 SET character_set_client = @saved_cs_client */;

--
-- Dumping data for table `temp`
--

LOCK TABLES `temp` WRITE;
/*!40000 ALTER TABLE `temp` DISABLE KEYS */;
INSERT INTO `temp` VALUES (1,'pippo'),(2,'pluto'),(3,'pluto'),(4,'pluto'),(5,'pluto'),(6,'pluto'),(7,'pluto'),(10,'pluto'),(11,'pippo');
/*!40000 ALTER TABLE `temp` ENABLE KEYS */;
UNLOCK TABLES;

--
-- Table structure for table `variables`
--

DROP TABLE IF EXISTS `variables`;
/*!40101 SET @saved_cs_client     = @@character_set_client */;
/*!50503 SET character_set_client = utf8mb4 */;
CREATE TABLE `variables` (
  `id_var` int NOT NULL AUTO_INCREMENT,
  `name_var` varchar(30) CHARACTER SET latin1 COLLATE latin1_swedish_ci NOT NULL,
  `val_type` varchar(50) CHARACTER SET latin1 COLLATE latin1_swedish_ci DEFAULT NULL,
  `var_dim` int NOT NULL DEFAULT '0',
  `id_project` int NOT NULL DEFAULT '0',
  `description` longtext CHARACTER SET latin1 COLLATE latin1_swedish_ci,
  PRIMARY KEY (`id_var`),
  UNIQUE KEY `name_var` (`name_var`)
) ENGINE=InnoDB AUTO_INCREMENT=57 DEFAULT CHARSET=latin1 COLLATE=latin1_general_ci;
/*!40101 SET character_set_client = @saved_cs_client */;

--
-- Dumping data for table `variables`
--

LOCK TABLES `variables` WRITE;
/*!40000 ALTER TABLE `variables` DISABLE KEYS */;
INSERT INTO `variables` VALUES (1,'Operative_Level','NUMERIC',1,6,''),(2,'TLC_services','NUMERIC_ARRAY',20,6,''),(3,'TLC_service_names','STRING',1,6,''),(4,'Connection','NUMERIC_ARRAY',20,6,''),(5,'Dos_attack','NUMERIC',1,6,'cyber_component'),(6,'MITM_attack','NUMERIC',1,6,'cyber_component'),(7,'Virus_Attack','NUMERIC',1,6,'cyber_component'),(8,'Port_Scan_Attack','NUMERIC',1,6,'cyber_component'),(9,'Cyber_Fault','NUMERIC_ARRAY',10,6,'cyber fault vector'),(13,'MyConn','NUMERIC_ARRAY',20,6,''),(14,'BGP_hijacking','NUMERIC',1,6,'cyber_component'),(15,'Mechanical_Fault','NUMERIC',1,6,''),(16,'Power_Fault','NUMERIC',1,6,''),(17,'Cooling_Fault','NUMERIC',1,6,''),(18,'Flooding_Fault','NUMERIC',1,6,''),(19,'Fire_Fault','NUMERIC',1,6,''),(20,'Unauthorized_Access','NUMERIC',1,6,''),(21,'OutboundQoS','NUMERIC',1,6,''),(22,'Conn_Fault','NUMERIC',1,6,''),(23,'Consumed_Services','NUMERIC_ARRAY',20,6,''),(24,'Service_Fault','NUMERIC',1,6,''),(25,'Redundancy_Fault','NUMERIC',1,6,''),(26,'Bursting_Fault','NUMERIC',1,6,''),(27,'BotNet_Attack','NUMERIC',1,6,'cyber_component'),(28,'Data_Corruption','NUMERIC',1,6,'cyber_component'),(29,'Rouge_Access','NUMERIC',1,6,''),(31,'syslog_adm_login','NUMERIC',1,6,''),(32,'SW_Change','NUMERIC',1,6,'cyber_component'),(33,'Config_Change','NUMERIC',1,6,'cyber_component'),(34,'Port_Saturation','NUMERIC',1,6,'cyber_component'),(35,'Temperature_Fault','NUMERIC',1,6,''),(37,'Congestion_Fault','NUMERIC',1,6,''),(38,'Perimeter_Security_Fault','NUMERIC',1,6,''),(39,'Security_Camera_Fault','NUMERIC',1,6,''),(40,'Water_Fault','NUMERIC',1,6,''),(41,'Air_Fault','NUMERIC',1,6,''),(42,'Earthquake_Fault','NUMERIC',1,6,' '),(43,'My_Service','NUMERIC',1,6,' '),(44,'Stream_source','NUMERIC_ARRAY',10,6,' '),(45,'Physical_Fault','NUMERIC',1,6,' '),(46,'TLC_revoke','NUMERIC_ARRAY',20,6,' '),(47,'Route','NUMERIC',1,6,' '),(48,'Room_Fault','NUMERIC',1,6,'physical'),(49,'Route_Poisoning','NUMERIC',1,6,'cyber'),(50,'Power_Gen','NUMERIC_ARRAY',10,6,' '),(51,'Consumed_Power','NUMERIC_ARRAY',10,6,' '),(52,'Interface_Down','NUMERIC',1,6,' '),(54,'Control_Fault','NUMERIC',1,6,' '),(55,'IoT_Fault','NUMERIC',1,6,' '),(56,'Water_availability','NUMERIC',1,6,'commento');
/*!40000 ALTER TABLE `variables` ENABLE KEYS */;
UNLOCK TABLES;

--
-- Table structure for table `variables_copy`
--

DROP TABLE IF EXISTS `variables_copy`;
/*!40101 SET @saved_cs_client     = @@character_set_client */;
/*!50503 SET character_set_client = utf8mb4 */;
CREATE TABLE `variables_copy` (
  `id_var` int NOT NULL AUTO_INCREMENT,
  `name_var` varchar(30) CHARACTER SET latin1 COLLATE latin1_swedish_ci NOT NULL,
  `val_type` varchar(50) CHARACTER SET latin1 COLLATE latin1_swedish_ci DEFAULT NULL,
  `var_dim` int NOT NULL DEFAULT '0',
  `id_project` int NOT NULL DEFAULT '0',
  `description` longtext CHARACTER SET latin1 COLLATE latin1_swedish_ci,
  PRIMARY KEY (`id_var`),
  UNIQUE KEY `name_var` (`name_var`)
) ENGINE=InnoDB AUTO_INCREMENT=38 DEFAULT CHARSET=latin1 COLLATE=latin1_general_ci ROW_FORMAT=DYNAMIC;
/*!40101 SET character_set_client = @saved_cs_client */;

--
-- Dumping data for table `variables_copy`
--

LOCK TABLES `variables_copy` WRITE;
/*!40000 ALTER TABLE `variables_copy` DISABLE KEYS */;
INSERT INTO `variables_copy` VALUES (1,'Operative_Level','NUMERIC',1,6,NULL),(2,'TLC_services','NUMERIC_ARRAY',6,6,NULL),(3,'TLC_service_names','STRING',1,6,NULL),(4,'Connection','NUMERIC_ARRAY',6,6,NULL),(5,'Dos_attack','NUMERIC',1,6,NULL),(6,'MITM_attack','NUMERIC',1,6,NULL),(7,'Virus_Attack','NUMERIC',1,6,NULL),(8,'Port_Scan_Attack','NUMERIC',1,6,NULL),(9,'Cyber_Fault','NUMERIC_ARRAY',5,6,NULL),(13,'MyConn','NUMERIC',1,6,NULL),(14,'BGP_hijacking','NUMERIC',1,6,NULL),(15,'Mechanical_Fault','NUMERIC',1,6,NULL),(16,'Power_Fault','NUMERIC',1,6,NULL),(17,'Cooling_Fault','NUMERIC',1,6,NULL),(18,'Flooding_Fault','NUMERIC',1,6,NULL),(19,'Fire_Fault','NUMERIC',1,6,NULL),(20,'Unauthorized_Access','NUMERIC',1,6,NULL),(21,'OutboundQoS','NUMERIC',1,6,NULL),(22,'Conn_Fault','NUMERIC',1,6,NULL),(23,'Consumed_Services','NUMERIC_ARRAY',6,6,NULL),(24,'Service_Fault','NUMERIC',1,6,NULL),(25,'Redundancy_Fault','NUMERIC',1,6,NULL),(26,'Bursting_Fault','NUMERIC',1,6,NULL),(27,'BotNet_Attack','NUMERIC',1,6,NULL),(28,'Data_Corruption','NUMERIC',1,6,NULL),(29,'Rouge_Access','NUMERIC',1,6,NULL),(31,'syslog_adm_login','NUMERIC',1,6,NULL),(32,'SW_Change','NUMERIC',1,6,NULL),(33,'Config_Change','NUMERIC',1,6,NULL),(34,'SW_Deletion','NUMERIC',1,6,NULL),(35,'Temperature_Fault','NUMERIC',1,6,NULL),(37,'Congestion_Fault','NUMERIC',1,6,NULL);
/*!40000 ALTER TABLE `variables_copy` ENABLE KEYS */;
UNLOCK TABLES;
/*!40103 SET TIME_ZONE=@OLD_TIME_ZONE */;

/*!40101 SET SQL_MODE=@OLD_SQL_MODE */;
/*!40014 SET FOREIGN_KEY_CHECKS=@OLD_FOREIGN_KEY_CHECKS */;
/*!40014 SET UNIQUE_CHECKS=@OLD_UNIQUE_CHECKS */;
/*!40101 SET CHARACTER_SET_CLIENT=@OLD_CHARACTER_SET_CLIENT */;
/*!40101 SET CHARACTER_SET_RESULTS=@OLD_CHARACTER_SET_RESULTS */;
/*!40101 SET COLLATION_CONNECTION=@OLD_COLLATION_CONNECTION */;
/*!40111 SET SQL_NOTES=@OLD_SQL_NOTES */;

-- Dump completed on 2023-05-10 16:16:27
